id,data,empresa,setor,ticker,titulo,noticia,fonte,url
infomoney_b9236299b718,2024-03-25,Sabesp,Saneamento,SBSP3,Itaú BBA eleva exposição a ações domésticas com melhora econômica; veja carteira,"Publicidade
O Itaú BBA fez mudanças na sua carteira Brazil Buy List e aumentou a exposição a ações domésticas (12% acima do benchmark) em seus portfólios de forma geral, diante da melhora das tendências econômicas, com dados de atividade acima do esperado.
A equipe macro do banco revisou recentemente a sua previsão de crescimento do PIB para 2024 de 1,8% para 2%, levando a um crescimento mais rápido da projeção do lucro por ação em 2024 (o lucro das ações domésticas do Ibovespa deve crescer 22% em relação a 2023).
Apesar das curvas de taxas de juros mais altas após o último Copom (que sinalizou uma queda dos juros em 0,5 ponto percentual apenas na próxima reunião e não mais “nas próximas”, como as últimas comunicações), a equipe macro do banco prevê o fim do ciclo de flexibilização com a Selic a 9,25% ao ano, criando um ambiente favorável para as empresas nacionais, que devem apresentar um crescimento de 22% do lucro por ação em 2024 e negociando com valuations atrativos.
“Estamos mudando a nossa exposição ao consumo discricionário para overweight (exposição acima da média do mercado) (…), que aponta para o aumento da exposição das ações ao crescimento cíclico em um cenário de inflação controlada e crescimento positivo do PIB. O setor de consumo teve um desempenho inferior recentemente devido a aumento do risco de tributação por conta da MP 1.185 (ou MP das subvenções), o que parece estar na conta nas estimativas de consenso recentes”, avalia.
O banco destaque ainda as dez principais escolhas temáticas em cinco temas que os estrategistas do banco gostam.
São elas: Equatorial ( EQTL3 ) e Sabesp ( SBSP3 ), sendo bond proxies com taxas internas de retornos reais de dois dígitos; Localiza ( RENT3 ) e Arezzo ( ARZZ3 ), a última nova adição, como empresas cíclicas de qualidade; GPS ( GGPS3 ) e Hypera ( HYPE3 ) (temas seculares), Banco do Brasil ( BBAS3 ) e Randon ( RAPT4 ), sendo beneficiários diretos e indiretos do agronegócio; e, Suzano ( SUZB3 ) e PRIO ( PRIO3 ) (commodities com valuation atrativo).
O banco destaca que a Brazil Buy List (carteira de 10 ações) atingiu desempenho de 5,7% positivo desde as últimas mudanças, em meados de novembro de 2023, superando os retornos do Ibovespa de 1,9%. Os destaques de performance entre as principais escolhas foram: Sabesp, Suzano, Banco do Brasil, Randon e GPS. Das 10 ações, sete tiveram desempenho superior ao do Ibovespa no período. Do lado negativo, esteve a Localiza e Vivara ( VIVA3 ), esta última que saiu da carteira.
Os estrategistas do banco optaram por incluir a Arezzo em seu portfólio como uma das principais opções ao tema “cíclicos de qualidade”, dado o potencial de crescimento e oportunidades de sinergias da fusão com a Soma ( SOMA3 ).
Para o BBA, a companhia resultante da fusão Soma-Arezzo pode se tornar uma maneira interessante e líquida de se expor ao setor de consumo discricionário no Brasil. Além disso, a Arezzo também aparece bem classificada em nossa lista de companhias com vantagens competitivas. “Para adicionarmos Arezzo à Brazil Buy-list, decidimos retirar Vivara”, ressaltou.
Continua depois da publicidade
Confira o portfólio de Brasil do Itaú BBA:",InfoMoney,https://www.infomoney.com.br/mercados/itau-bba-eleva-exposicao-a-acoes-domesticas-com-melhora-economica-veja-carteira/
infomoney_d98c1c999504,2024-03-22,Sabesp,Saneamento,SBSP3,"Ibovespa fecha em queda, com risco fiscal, Magalu e B3; Embraer salta, Petrobras sobe","Bolsas de NY fecharam mistas após rali dos últimos dias
Sextou! Mas sextou de um jeito melancólico, junto com a frente fria que chegou a São Paulo: o Ibovespa perdeu 0,88%, aos 127.027 pontos , perdendo 1.131 pontos. A queda, porém, não foi suficiente para deixar a semana negativa e o principal índice da Bolsa brasileira acumulou uma alta de 0,23% nos cinco pregões, quebrando uma sequência de três semanas fechando no vermelho. O dólar terminou em alta de 0,39%, a R$ 4,99, após chegar aos R$ 5 ao longo do dia. E os DIs (juros futuros) terminaram o dia de forma mista – leve alta nos longos e baixa nos curtos.
O principal vetor para a queda de hoje foi a preocupação com o fiscal. Hoje, o governo anunciou um bloqueio de R$ 2,9 bilhões no Orçamento para cumprir limite de despesas . O anúncio ocorreu em meio à percepção de que as despesas obrigatórias superarão o montante originalmente definido nas peças orçamentárias. O governo, assim, projeta déficit de R$ 9,3 bilhões em 2024, dentro da tolerância do marco fiscal . Mas o mercado desconfia de que a meta precisará ser revista.
Haddad, por sua vez, celebrou o resultado bimestral das receitas e diz que déficit zero depende de uma harmonização entre os três poderes . A Justiça tem ajudado, com uma prova contundente nesta semana, com derrubada da “revisão da vida toda” – que traria um gastos adicionais de cerca de R$ 480 bilhões.
Além disso, os investidores buscam compreender melhor o que foi essa semana de decisões dos bancos centrais. “Investidores estão à procura de orientações nos discursos dos representantes dos bancos centrais, enquanto aguardam a divulgação das atas das últimas decisões de política monetária, nas quais poderemos obter uma compreensão mais clara dos motivos por trás da última decisão e das perspectivas futuras”, disse Diego Costa, chefe de câmbio para Norte e Nordeste da B&T Câmbio.
“O receio quanto à resiliência da inflação nos EUA tem levado à compressão do diferencial de juros com o Brasil, o que contribui para aumentar a percepção de que talvez os juros no Brasil fiquem mais altos do que o esperado, pelo menos no curto prazo”, observou a Levante, acrescentando que, nesse cenário contraditório, a volatilidade tende a aumentar nos próximos meses.
O quadro pressionou as ações hoje. Se de um lado, Petrobras ( PETR4 ) subiu 0,98%, a despeito de mais uma queda do petróleo internacional; e Embraer ( EMBR3 ) decolou 7,93%, com uma “super-tese” positiva de analistas ; do outro, quedas. A principal é de Magazine Luiza ( MGLU3 ), com baixa de 3,52% (chegou a perder mais de 7%), após anúncio de aumento de capital e grupamento de ações 10 por 1 . Casas Bahia ( BHIA3 ), por sua vez, despencou 12,93%, com os varejistas sofrendo com recado tido como mais duro do Copom essa semana.
As ações de B3 ( B3SA3 ) também recuaram, com 3,23%, após banco rebaixar recomendação . A Vale ( VALE3 ) também perdeu, com 1,15%, apesar do minério de ferro ter acumulado ganhos na semana . A temporada de balanços segue e hoje Qualicorp ( QUAL3 ) despencou 10,48%, com os números do 4T23 ; e Sabesp ( SBSP3 ) subiu 1,98%, com lucro e meta de privatização dentro do ritmo . Semana que vem é mais curta, por conta da Sexta-Feira Santa, mas a ata do Copom chega na terça-feira (26) para jogar mais luz no que o Comitê quis dizer em seu comunicado. Até lá, a frente fria terá passado, mas e as preocupações? ( Fernando Augusto Lopes ) Confira as últimas dos mercados update 18h04 Encerramos nossa cobertura dos Mercados Ao Vivo Acessa o Ao Vivo do InfoMoney todos os dias? Então, adicione este link aos favoritos do seu navegador para acompanhar diariamente a cobertura a partir das 8 horas ou acesse o IM Trader, o novo canal do InfoMoney sobre Mercados! update 18h03 Na meia hora final, Ibovespa Futuro tem queda de 0,89%, aos 127.760 pontos; e Dólar Futuro, com alta de 0,51%, com 5.001,50 pontos update 18h00 DIs: juros futuros encerram dia de forma mista Dia (%) Taxa (%) Variação (pp) Negócios Semana (%) Março (%) 2024 (%) DI1F25 -0,25 9,915 -0,025 16.289 -0,50 -0,40 -1,15 DI1F26 -0,20 9,845 -0,020 18.597 -0,40 0,66 2,45 DI1F27 -0,15 10,090 -0,015 16.404 -0,30 1,10 3,81 DI1F28 -0,10 10,385 -0,010 8.007 -0,34 1,47 4,53 DI1F29 -0,05 10,585 -0,005 9.390 -0,24 1,58 5,11 DI1F31 -0,09 10,830 -0,010 7.593 -0,28 1,69 5,56 DI1F33 0,00 10,950 0,000 2.902 -0,27 1,77 5,59 DI1F35 -0,09 11,010 -0,010 926 -0,18 1,66 6,07 update 17h29 Ibovespa: mais negociadas do dia Ativo Negócios Dia (%) Valor (R$) Variação (R$) Semana (%) Março (%) 2024 (%) Petrobras PN PETR4 47.410 0,98 36,05 0,35 -0,74 -10,19 -3,20 Magazine Luiza MGLU3 45.888 -3,52 1,92 -0,07 -2,04 -9,86 -10,55 Embraer EMBR3 44.019 7,93 33,35 2,45 14,60 36,51 48,95 B3 B3SA3 41.424 -3,23 12,00 -0,40 -2,68 -6,47 -16,57 Bradesco PN BBDC4 35.890 -1,27 13,96 -0,18 -1,06 1,65 -18,05 Cogna COGN3 29.356 3,38 2,45 0,08 -1,21 -2,78 -29,80 Itaú Unibanco ITUB4 28.229 -1,50 33,72 -0,51 -1,79 -0,01 3,27 update 17h28 Ibovespa: maiores altas do dia Ativo Dia (%) Valor (R$) Variação (R$) Negócios Semana (%) Março (%) 2024 (%) Embraer EMBR3 7,93 33,35 2,45 44.019 14,60 36,51 48,95 Cogna COGN3 3,38 2,45 0,08 29.356 -1,21 -2,78 -29,80 Cemig CMIG4 2,40 12,35 0,29 20.317 8,05 3,17 7,58 Sabesp SBSP3 1,98 80,30 1,56 22.252 4,97 1,44 6,54 Braskem BRKM5 1,75 27,30 0,47 20.235 25,75 29,75 24,89 Gol GOLL4 1,74 1,75 0,03 1.429 -1,69 -31,10 -80,49 Petz PETZ3 1,65 4,94 0,08 9.686 14,35 18,47 25,06 update 17h26 Ibovespa: maiores quedas do dia Ativo Dia (%) Valor (R$) Variação (R$) Negócios Semana (%) Março (%) 2024 (%) Casas Bahia BHIA3 -12,93 6,80 -1,01 10.551 -8,11 -24,78 -40,25 Marfrig MRFG3 -6,60 9,62 -0,68 17.857 -4,09 -2,83 -0,82 Dexco DXCO3 -4,34 7,93 -0,36 5.072 -2,10 -1,74 -0,89 Vamos VAMO3 -4,15 8,55 -0,37 11.153 3,26 -2,06 -15,09 CVC CVCB3 -3,83 3,26 -0,13 9.562 -3,83 -2,69 -6,86 Lwsa LWSA3 -3,64 5,83 -0,22 10.659 3,00 4,67 -3,00 Magazine Luiza MGLU3 -3,52 1,92 -0,07 45.888 -2,04 -9,86 -10,55 update 17h20 Fechamento dos demais índices brasileiros Índice Dia (%) Pontos Semana (%) Small Caps SMLL -1,33 2.267,13 0,86 BDRs BDRX 0,62 16.212,47 2,86 Fundos Imobiliários IFIX 0,35 3.393,14 0,78 update 17h15 Ibovespa fecha com queda de 0,88%, aos 127.027,10 pontos Máxima: 128.158,57 Mínima: 126.879,44 Diferença para a abertura: -1.131,47 pontos Volume: R$ 18,20 bilhões Confira a evolução do IBOV durante a semana, mês e ano: Segunda-feira (18): +0,17% Terça-feira (19): +0,45% Quarta-feira (20): +1,25% Quinta-feira (21): -0,75% Sexta-feira (22): -0,88% Semana: +0,23% Março: -1,54% 1T24: -5,33% 2024: -5,33% update 17h06 Dólar comercial termina dia com alta de 0,39% O dólar sobe pelo segundo dia seguido diante do real, em movimento semelhante ao da divisa norte-americana na comparação com as principais moedas do mundo, com o DXY em alta de 1,00%. Na semana, ficou estável. Venda: R$ 4,999 Compra: R$ 4,998 Mínima: R$ 4,982 Máxima: R$ 5,008 update 17h04 Principais índices em Nova York encerram dia de forma mista; semana acumula amplos ganhos Os investidores em Wall Street flutuaram depois de fortes ganhos durante a semana. “É um período de digestão depois de uma semana muito forte”, disse à CNBC o codiretor de investimentos da Truist, Keith Lerner. “Nossa visão é que a tendência geral ainda é positiva para o mercado, especialmente quando você vê esse rompimento de novas máximas, a caminho do seu quinto mês consecutivo de ganhos”. Uma razão para o otimismo do mercado decorre da reunião desta semana do Federal Reserve. O banco central manteve as taxas inalteradas e os comentários do presidente do Fed, Jerome Powell, reforçaram que os cortes estão chegando, apesar de um recente período de leituras de inflação quentes que levaram alguns investidores a temer um cronograma de flexibilização adiado. “Isso foi suficiente para este mercado avançar”, disse Lerner. CONTINUA DEPOIS DA PUBLICIDADE Dia (%) Pontos Semana (%) Dow Jones -0,73 39.492,92 1,97 S&P 500 -0,14 5.234,17 2,85 Nasdaq 0,16 16.428,82 2,29 update 16h55 Ibovespa fecha preliminarmente com queda de 0,85%, aos 127.064,37 pontos update 16h50 Ex-ajudante de Bolsonaro preso de novo: veja quais medidas Mauro Cid pode ter violado Em setembro do ano passado, quando teve sua primeira prisão preventiva revogada por Alexandre de Moraes, o tenente-coronel foi alvo de sete medidas cautelares . update 16h45 Casa Branca diz que não incentiva e nem permite que Ucrânia faça ataques dentro da Rússia O porta-voz da Casa Branca, John Kirby, preferiu não comentar reportagem do Financial Times segundo a qual os EUA haviam pedido à Ucrânia que interrompesse os ataques à infraestrutura de energia russa, alertando Kiev que os ataques de drones poderiam provocar retaliação e aumentar os preços globais do petróleo. Afirmou, no entanto, que Washington tem uma política de longa data de não incentivar as forças ucranianas a realizar ataques dentro da Rússia. ( Reuters ) update 16h44 Na reta final, entre as small caps, maior alta é de AALR3, com 10,72%, seguida de EMBR3, com 8,58% update 16h43 Na reta final, entre as small caps, maior queda é de QUAL3, com 9,68%, seguida de AMAR3, com 7,29% update 16h40 Ibovespa: maiores altas da semana Ativo Semana (%) Dia (%) Valor (R$) Março (%) 2024 (%) Braskem BRKM5 24,00 0,34 26,92 27,95 23,15 Embraer EMBR3 15,43 8,71 33,59 37,49 50,02 Petz PETZ3 14,81 2,06 4,96 18,94 25,57 Carrefour CRFB3 7,58 -0,82 13,34 10,34 7,15 Cemig CMIG4 7,26 1,66 12,26 2,42 6,79 WEG WEGE3 5,03 1,22 39,91 8,78 9,03 Sabesp SBSP3 4,89 1,91 80,24 1,36 6,46 update 16h39 Ibovespa: maiores quedas da semana Ativo Semana (%) Dia (%) Valor (R$) Março (%) 2024 (%) Casas Bahia BHIA3 -6,49 -11,40 6,92 -23,45 -39,19 MRV MRVE3 -6,43 -1,91 7,71 1,18 -31,34 CVC CVCB3 -5,01 -5,01 3,22 -3,88 -8,00 Marfrig MRFG3 -3,39 -5,92 9,69 -2,12 -0,10 Gol GOLL4 -3,37 0,00 1,72 -32,28 -80,82 BB BBAS3 -3,19 -0,32 55,46 -3,56 2,04 Eztec EZTC3 -2,91 -3,19 16,37 -2,50 -11,99 update 16h36 Small Caps: maiores quedas da semana Ativo Semana (%) Dia (%) Valor (R$) Março (%) 2024 (%) Gafisa GFSA3 -27,23 -3,76 6,91 -6,85 -22,14 Lojas Marisa AMAR3 -20,80 -6,77 1,79 -21,49 -51,88 Vivara VIVA3 -17,68 2,60 25,29 -22,66 -26,16 Infracommerce IFCM3 -11,61 -1,00 0,99 -27,74 -46,49 Banrisul BRSR6 -7,39 -1,86 13,74 -10,33 3,64 MRV MRVE3 -6,55 -2,04 7,70 1,05 -31,43 Movida MOVI3 -6,04 -4,68 8,56 0,35 -28,01 update 16h34 Small Caps: maiores altas da semana Ativo Semana (%) Dia (%) Valor (R$) Março (%) 2024 (%) Clearsale CLSA3 22,73 6,35 4,86 33,15 29,60 Alliar AALR3 18,48 9,80 8,40 -1,18 -19,23 Technos TECN3 17,28 2,52 4,48 38,27 32,82 Embraer EMBR3 15,50 8,77 33,61 37,58 50,11 Petz PETZ3 13,89 1,23 4,92 17,99 24,56 Santos Brasil STBP3 12,54 4,35 13,19 25,02 40,77 Desktop DESK3 11,76 5,52 15,49 9,86 9,70 update 16h32 NTCO3 no negativo: -3,05% update 16h28 MRFG3 segue em forte baixa: -5,83% update 16h26 Dólar opera a R$ 5 (compra e venda); alta de +0,43% update 16h25 Ibovespa opera abaixo dos 127 mil pontos; no momento, 126.987 pontos (-0,91%) A mínima registrada hoje é de 126.879 pontos. update 16h17 Alckmin cobra BC: juro alto “é uma das piores coisas” e deveria cair “mais rápido” Comitê de Política Monetária (Copom) do Banco Central reduziu a Selic em 0,5 ponto percentual, para 10,75% ao ano, o sexto corte consecutivo. update 16h12 Atentado em casa de shows na região de Moscou deixa mortos e feridos P elo mesmo três os atiradores camuflados utilizaram armas automáticas e jogaram ao menos uma granada e uma bomba incendiária no Crocus City Hall, que estava sediando um show. CONTINUA DEPOIS DA PUBLICIDADE update 16h08 Ecoagro e Condere criam empresa com foco em M&As no agro Fusões e aquisições no setor movimentaram R$ 25 bilhões nos últimos cinco anos no país. update 16h06 Petrobras manterá proposta de reter dividendos extraordinários na assembleia de abril A proposta de remuneração foi decidida em uma tensa reunião do conselho de administração em 7 de março. update 16h03 Princesa britânica Kate revela que tem câncer e está fazendo quimioterapia Kate Middleton, de 42 anos, esposa do herdeiro do trono, o príncipe William, passou duas semanas no hospital em janeiro, depois de uma cirurgia noticiada apenas como “planejada e bem-sucedida”. update 15h55 Sabesp (SBSP3) segue com meta de privatização até agosto; ações sobem após balanço Presidente da companhia disse que o próximo passo da privatização é a divulgação do relatório da consulta pública . update 15h53 Qualicorp cai 10% após balanço; CEO espera que planos com 2 usuários sejam cancelados CEO citou expectativas de descontinuação, por operadores, de planos de saúde para usuários PME, com 1 a 2 vidas em prol de plano por adesão . CONTINUA DEPOIS DA PUBLICIDADE update 15h53 Teleconferência Cemig (CMIG4): Companhia diz que não participará do leilão de transmissão na semana que vem Termina apresentação dos resultados do 4T23 da Cemig ( CMIG4 ). update 15h48 Teleconferência Cemig (CMIG4): Presidente diz que questão da federalização da companhia está nas mãos do Ministério da Fazenda update 15h43 Teleconferência Cemig (CMIG4): Presidente diz que o principal do desinvestimento já foi feito Segundo Reinaldo Passanezzi, presidente da Cemig ( CMIG4 ), diz que há ainda um lote de PCH para serem negociadas. ( Augusto Diniz ) update 15h38 Ibovespa recua 0,85%, aos 127.064,80 pontos, mas na mínima chegou a 126.882,75 pontos update 15h37 Preços internacionais de petróleo fecham dia com perdas Os preços caíram fecharam mais uma vez queda, com as conversas sobre o cessar-fogo em Gaza terem se acentuado. Mesmo com a proposta norte-americana nesse sentido feita ontem ter sido rejeitada, a França prometeu apresentar nova proposta também clamando por um cessar-fogo. WTI (maio): -0,54%, a US$ 80,63 Brent (maio): -0,41%, a US$ 85,43 update 15h27 Índice de Fundos Imobiliários (IFIX) avança 0,31%, aos 3.391,68 pontos, nova máxima da sessão update 15h26 Índice de Small Caps (SMLL) recua 1,78%, aos 2.226,82 pontos, nova mínima do dia update 15h26 Banco Central informa a PTAX de fechamento com compra a R$ 4,9891 e venda a R$ 4,9897; alta do dia é de 0,18% e semana acumulou queda de 0,08% COMPRA VENDA Ontem 4,9801 4,9807 1ª parcial 4,9947 4,9953 2ª parcial 4,9847 4,9853 3ª parcial 4,9867 4,9873 4ª parcial 4,9901 4,9907 update 15h22 Ibovespa: mais negociadas do dia até aqui Ativo Negócios Dia (%) Valor (R$) Variação (R$) Semana (%) Março (%) 2024 (%) Petrobras PN PETR4 38.901 0,81 35,99 0,29 -0,91 -10,34 -3,36 Embraer EMBR3 35.451 8,09 33,40 2,50 14,78 36,72 49,17 Magazine Luiza MGLU3 34.793 -7,54 1,84 -0,15 -6,12 -13,62 -14,28 B3 B3SA3 28.609 -2,42 12,10 -0,30 -1,87 -5,69 -15,87 Cogna COGN3 22.023 2,11 2,42 0,05 -2,42 -3,97 -30,66 Bradesco PN BBDC4 21.004 -1,20 13,97 -0,17 -0,99 1,72 -18,00 Sabesp SBSP3 17.993 1,33 79,79 1,05 4,30 0,80 5,86 update 15h17 Sabesp (SBSP3) segue em alta, com 1,32%, a R$ 79,78, com balanço do 4T23 sendo digerido update 15h15 Empresas de papel e celulose em queda: KLBN11, -2,10%; RANI3, -0,11%; SUZB3, -0,02% update 15h15 Teleconferência Cemig (CMIG4): “Primeira parte é concentrar nos ativos que conhecemos e fazer os desinvestimentos nas participações minoritárias, que estão bastante avançadas” A afirmação é de Reinaldo Passanezzi, presidente da Cemig ( CMIG4 ). “A segunda parte é estar dentro das metas regulatórios para ter Ebitda”, disse. Segundo ele, a companhia já encerrou o turnaround . ( Augusto Diniz ) update 15h07 Após vazamento de áudios, Mauro Cid volta a ser preso A ordem de prisão preventiva do militar foi determinada pelo ministro Alexandre de Moraes, do Supremo Tribunal Federal. CONTINUA DEPOIS DA PUBLICIDADE update 15h06 Eurocopa de 2024 não salvará economia da Alemanha, mostra estudo Instituto Econômico Alemão diz que experiência da Copa do Mundo em 2006 mostrou que os grandes eventos esportivos não são ‘fogos de artifício econômicos’ ; PIB da Alemanha encolheu 0,3% em 2023. update 15h02 Ibovespa recua 0,96%, aos 126.930,68 pontos, nova mínima do dia update 15h00 Eletrobras em recuo: ELET3, -1,20% e ELET6, 1,41% update 14h53 Como fazer a declaração de bens partilhados no divórcio no IR 2024? A depender da situação, contribuinte deve informar os bens em diferentes fichas. update 14h51 Bolsas da Europa sobem com Frankfurt após confiança; marcas de luxo punem Paris Ações vinculadas ao setor de bens de consumo de luxo também afetaram o mercado de Milão. update 14h50 Títulos argentinos em dólar atingem recordes conforme alta puxada por Milei continua No nível do índice do JP Morgan, os t ítulos argentinos ganharam cerca de 60% desde que Milei foi eleito em 19 de novembro. update 14h42 VALE3 em queda: -0,83% update 14h41 B3SA3 segue em queda: -2,50% update 14h38 WEGE3 no positivo: +0,91% update 14h37 QUAL3, após resultado do 4T23, tem forte perda: -10,03% update 14h31 Petrobras segue em alta: PETR4, +0,78 e PETR3, +0,55% update 14h25 Magalu propõe agrupar ações de 10 para 1 após aumento de capital; MGLU3 cai 5,5% Varejista homologou aumento de capital privado de R$ 1,25 bilhão para fortalecer sua estrutura de capital. update 14h19 EMBR3 bate a máxima do dia: R$ 33,33 (+7,61%) update 14h14 Haddad celebra resultado bimestral e diz que déficit zero depende de “pacto nacional” “Tivemos um bom primeiro bimestre, mas vamos continuar acompanhando com o mesmo rigor a evolução do ano”, afirmou o ministro da Fazenda. update 14h04 Ibovespa segue operando no negativo: -0,74%, a 127,214 pontos update 14h02 Bitcoin caiu 10%, mas ainda está “sobrecomprado”, alerta JPMorgan Cripto pode recuar por causa da realização de lucro dos investidores, segundo instituição financeira. update 13h56 O céu é o limite para Embraer: bancões aderem à “super tese” e ação segue disparada Após Morgan Stanley dobrar preço-alvo para ADRs, desta vez o JPMorgan passou a ter target de US$ 40, enquanto Goldman reforçou compra . update 13h51 Cai subvenção para o seguro rural no país: como medida impacta o produtor rural? Agronegócio solicitou R$ 3 bilhões de orçamento para este ano, mas foi liberado menos de R$ 1 bilhão , com a possibilidade de cancelamento. update 13h45 Principais índices europeus terminam dia e semana com ganhos; exceção é Paris Investidores nos mercados da Europa fecham a semana agitada por decisões de política monetária nos EUA e na Inglaterra, ampliando os ganhos conseguidos pela euforia vista. Na Ásia, quedas, mas o principal índice japonês chegou a uma nova máxima histórica durante a sessão. Dia (%) Pontos Semana (%) Stoxx 600 Europa 0,02 509,88 1,01 DAX Frankfurt 0,22 18.214,25 1,55 FTSE 100 Londres 0,62 7.931,76 2,64 CAC 40 Paris -0,34 8.151,92 -0,15 IBEX 35 Madri 0,70 10.943,50 3,26 FTSE MIB Milão 0,07 34.352,00 1,21 update 13h34 Alckmin: Brasil pode fazer acordo com Argentina para comprar gás mais barato O vice-presidente e ministro do Desenvolvimento, Indústria e Comércio, Geraldo Alckmin, disse há pouco que o Brasil pode fechar um acordo com a Argentina para comprar gás mais barato do país vizinho, acrescentando que o gás da Petrobras ( PETR4 ) é caro. A declaração, feita durante participação em evento no Rio de Janeiro, ocorre um dia após o ministro de Minas e Energia, Alexandre Silveira, ter dito que o Brasil está avaliando opções para importar gás natural da enorme formação argentina de Vaca Muerta, enquanto busca aliviar seu déficit do insumo. ( Reuters ) update 13h33 Dólar comercial sobe 0,12%, a R$ 4,986 na venda e R$ 4,985 na compra Máxima do dia está em R$ 5,008 e a mínima, em R$ 4,982. update 13h31 Haddad fala em fraude de R$ 1 bilhão e sobe tom contra o Perse: “Muito mal desenhado” Em entrevista coletiva, ministro da Fazenda volta a fazer críticas a programa de incentivo ao setor de turismo e eventos , alvo de atrito entre Planalto e Congresso. update 13h25 Índice de Small Caps (SMLL) agora recua 1,34% e faz nova mínima, aos 2.236,67 pontos update 13h23 Apenas 10 ações operam no azul no Ibovespa; EMBR3 lidera, com mais 6,25%, seguida de COGN3, com 2,53% update 13h22 Nova mínima: Ibovespa agora cai 0,83%, aos 127.101,25 pontos update 13h19 Mesmo com a queda consistente de hoje, Ibovespa segue em direção a uma semana positiva, com 0,37%, interrompendo uma sequência de três semanas no negativo update 13h18 Índice de Small Caps (SMLL) desce 1,30% e faz nova mínima, aos 2.237,70 pontos update 13h16 Ibovespa renova mínima do dia, com queda de 0,76%, aos 127.188,61 pontos update 13h14 VXBR: índice de volatilidade da Bolsa brasileira recua 3,02%, aos 15,42 pontos update 13h13 Índice de Fundos Imobiliários (IFIX) sobe 0,20%, aos 3.388,04 pontos, nova máxima do dia update 13h12 Índice de Small Caps (SMLL) recua 1,24%, aos 2.239,12 pontos, nova mínima do dia update 13h11 Votar fator previdenciário antes da revisão do INSS foi estratégico, dizem advogados STF decidiu que segurados não podem escolher a melhor regra para o cálculo da aposentadoria. update 13h05 Vale (VALE3) começa parte da tarde da sessão com queda de 0,73%, a R$ 61,21 update 13h00 Ações de Petrobras (PETR3 PETR4) sobem 0,68% e 1,09%, novas máximas diárias update 12h57 Ibovespa cai agora 0,67%, aos 127.229,75 pontos; na mínima do dia, chegou aos 127.223,22 pontos update 12h54 Ações de Eletrobras (ELET3 ELET6) ampliam quedas para -0,45% e -0,74% update 12h49 Ações de Petrobras (PETR3 PETR4) renovam máximas, com +0,60% e +1,06% update 12h48 Além do não-recorrente: o que fez com que Yduqs e Cogna desabassem após os resultados Companhias do setor educacional amargaram quedas de cerca de 10% nas sessões seguintes à apresentação de balanços. update 12h41 Ações de Petrobras (PETR3 PETR4) mantêm altas, com +0,16% e +0,67% update 12h38 Construtoras recuam hoje; EZTC3 cai 2,84%, MRVE3 perde 1,65%, CYRE3 recua 1,62% e TCSA3 desce 1,32% update 12h37 Futuros de gás natural descem 1,01% na NYMEX; contratos têm vencimento em abril update 12h35 Ibovespa: maiores altas do dia até aqui Ativo Dia (%) Valor (R$) Variação (R$) Negócios Semana (%) Março (%) 2024 (%) Embraer EMBR3 6,86 33,02 2,12 22.554 13,47 35,16 47,48 Cogna COGN3 3,38 2,45 0,08 10.833 -1,21 -2,78 -29,80 Sabesp SBSP3 2,12 80,41 1,67 13.150 5,11 1,58 6,69 Vivo VIVT3 1,48 52,05 0,76 2.017 0,06 -4,46 -2,60 WEG WEGE3 1,37 39,97 0,54 5.033 5,18 8,94 9,19 Gol GOLL4 1,16 1,74 0,02 494 -2,25 -31,50 -80,60 BB Seguridade BBSE3 1,03 32,44 0,33 4.838 -2,49 -2,70 0,05 update 12h35 Teleconferência Sabesp (SBSP3): Governo confirma que tentará usar a janela de maio a agosto para fazer o follow on André Salcedo, CEO da Sabesp ( SBSP3 ), disse que a empresa trabalha com o fechamento dos dados do 1T24 (previsto para 9 de maio) para, depois, fazer a oferta pública adicional de ações, que pelo regulamento da CVM/SEC abrangeria de maio a agosto desse ano. Terminou a apresentação dos resultados do 4T23. ( Augusto Diniz ) update 12h33 Ibovespa: maiores quedas do dia até aqui Ativo Dia (%) Valor (R$) Variação (R$) Negócios Semana (%) Março (%) 2024 (%) Casas Bahia BHIA3 -7,43 7,23 -0,58 3.337 -2,30 -20,02 -36,47 Marfrig MRFG3 -5,24 9,76 -0,54 6.553 -2,69 -1,41 0,62 Magazine Luiza MGLU3 -3,02 1,93 -0,06 15.021 -1,53 -9,39 -10,09 Grupo Soma SOMA3 -2,97 7,19 -0,22 2.805 1,99 2,71 -3,49 Arezzo ARZZ3 -2,81 60,89 -1,76 3.082 1,69 2,80 -5,64 Eztec EZTC3 -2,78 16,44 -0,47 2.580 -2,49 -2,09 -11,62 Dexco DXCO3 -2,77 8,06 -0,23 1.356 -0,49 -0,13 0,74 update 12h31 Trump pode ganhar fôlego financeiro após fusão bilionária de sua empresa de mídia Os acionistas da Digital World aprovaram nesta sexta-feira (22) uma fusão com a startup Trump Media & Technology Group, dona da rede Truth Social; participação de Trump na nova empresa seria de US$ 3,5 bilhões. update 12h29 Ações de Embraer (EMBR3) operam na máxima diária, com +6,99%, a R$ 33,06 update 12h26 Não há razão para nenhuma distribuidora de energia perder concessão, diz CEO da CPFL (CPF3) Não há razão para que nenhuma distribuidora de energia perca a concessão se considerados os parâmetros regulatórios vigentes, avaliou nesta sexta-feira o CEO da CPFL Energia, Gustavo Estrella. “Acho que não há embasamento técnico para nenhum ‘player’ hoje perder a concessão, inclusive a Enel. Acho que do ponto de vista regulatório é muito negativo para o setor, sinceramente espero que isso não aconteça”, disse o executivo, durante teleconferência para comentar os resultados trimestrais da companhia. O executivo deu a declaração ao ser questionado por analista sobre a maior pressão que a distribuidora Enel São Paulo vem enfrentando devido a falhas mais recorrentes no fornecimento de energia a consumidores. Nesta semana, a concessionária voltou a ter problemas na capital paulista devido a dificuldades com sua rede subterrânea. (Reuters) update 12h23 Termina entrevista coletiva de Fernando Haddad em São Paulo update 12h22 Haddad: hoje, a meta (fiscal) é do país, mas o resultado depende da relação harmoniosa entre os Poderes update 12h22 Haddad: harmonia entre os Poderes é o segredo do sucesso econômico do Brasil update 12h19 Haddad: nossa inflação está mais comportada, não vejo razão para o nosso ciclo de cortes (da Selic) não continuar update 12h18 Ifix vai à máxima do dia, com +0,14%, aos 3.386,02 pontos update 12h18 Haddad: BC tirou o plural (sobre novos cortes de 0,50 pp na Selic) para ter liberdade de analisar o cenário update 12h15 Haddad: Fazenda não trabalha com perda de credibilidade, os dados são auditados e auditáveis update 12h13 Haddad: da bagunça que estava em 2022 (nas contas do governo herdadas pelo governo anterior) para hoje, penso que houve uma evolução update 12h12 Haddad: não é fácil explicar para as pessoas um calote dado de R$ 100 bilhões pelo governo anterior update 12h11 Haddad: para não termos surpresas negativas (no fiscal), é preciso ter uma articulação entre os Poderes update 12h09 Haddad: não há corte de gastos, mas remanejamentos update 12h09 Banco Central informa terceira parcial PTAX com compra a R$ 4,9867 e venda a R$ 4,9873 update 12h08 Haddad: papel do governo é conversar, explicar suas teses, foi feito um trabalho muito importante pela AGU update 12h08 Casas Bahia (BHIA3) amplia queda, na mínima, com -6,79%, a R$ 7,28, e lidera perdas das varejistas; MGLU3 cai 2,51% update 12h08 Haddad: “tese do século” trouxe prejuízo de meio trilhão de reais ao Erário update 12h07 Haddad: decisão do STF (sobre prova de vida toda) afastou perdas fiscais update 12h05 Haddad: isso tudo coloca o Brasil em uma situação diferenciada (fiscal e social) update 12h04 Haddad: estamos construindo uma relação entre os poderes para atingir o objetivo pretendido (fiscal), sem cortar Bolsa Família e direitos dos cidadãos update 12h04 Ações de Petrobras (PETR3 PETR4) ampliam altas, com +0,25% e +0,70% update 12h03 Haddad: reduzimos pela metade os riscos judiciais herdados do governo anterior, isso demonstra uma capacidade de diálogo (com o Judiciário) update 12h02 Haddad: resultado (fiscal) não depende só de uma lei, é preciso buscar, com esforço do Executivo e do Legislativo update 12h02 Haddad: Perse é um programa mal desenhado, com brechas absurdas, e as pessoas aprendem a burlar update 12h01 Haddad: desbaratamos um esquema na Justiça um esquema de R$ 1 bi utilizando o Perse update 12h00 Haddad: há uma projeção de atores do mercado achando que o PIB sobe mais do que o projetado pelo governo e isso melhora a arrecadação update 11h59 Haddad: o cenário internacional teve uma melhora essa semana, com Fed acenando com três cortes de taxas, o que pode ajudar a Selic a cair mais update 11h59 Haddad: devemos continuar cortando a Selic nos próximos (encontros do) Copom; a inflação continua comportada, dentro da banda e inferior do ano passado update 11h58 Haddad: as receitas extraordinárias vieram ainda aquém do que imaginávamos update 11h57 Haddad: até aqui, estamos com projeções boas para o ano (em receitas), mas a cada bimestre vamos reavaliando e melhora a capacidade do Estado se planejar update 11h56 Petz e Vivara: CEOs (que são os fundadores) elevam fatia nas empresas; o que indica? Sergio Zimerman, da Petz, já havia manifestado contrariedade com queda da ação; na Vivara, elevação de fatia de Nelson Kaufman ocorre também após forte queda dos ativos justamente com a volta do fundador como CEO. update 11h56 Haddad: a cada bimestre a Receita Federal vai fazendo análises sobre as receitas; elas estavam subestimadas O ministra da Fazenda, Fernando Haddad, concede entrevista coletiva em São Paulo. update 11h55 Dólar comercial reduz alta para 0,06%, a R$ 4,983 update 11h51 Teleconferência Sabesp (SBSP3): “Nos próximos dias o Estado deve divulgar o relatório da consulta pública (já finalizada da privatização)”, afirma CEO André Salcedo, CEO da Sabesp ( SBSP3 ), explicou os próximos passos da privatização da companhia. Segundo ele, o Conselho Diretor do Programa de Desestatização (CDPED) do Governo do Estado de São Paulo deve liberar a nova governança da empresa; e depois, em maio, será convocada uma reunião da Unidade Regional de Serviços de Abastecimento de Água Potável e Esgotamento Sanitário (URAE) para aprovação do contrato. Pelo lado da Sabesp, em abril, deve-se finalizar a conclusão da troca de controle do waiver (obrigações financeiras) para depois, em maio, convocar uma assembleia extraordinária para aprovação do lançamento da oferta pública, de acordo com Salcedo. ( Augusto Diniz ) update 11h51 Ações de Petrobras (PETR3 PETR4) voltam a subir, com +0,11% e +0,48% update 11h44 Ibovespa recua 0,57%, aos 127.434,05 pontos update 11h43 Principais índices em Nova York ampliam levemente os ritmos de quedas Dow Jones: -0,37% (na abertura: -0,01%) S&P 500: -0,16% (na abertura: -0,01%) Nasdaq: -0,19% (na abertura: -0,07%) update 11h37 Teleconferência Sabesp (SBSP3): “Novo modelo regulatório incentiva ganhos de eficiência e produtividade”, diz CEO André Salcedo, CEO da Sabesp ( SBSP3 ), considera o novo modelo regulatório com a privatização “uma vitória”. ( Augusto Diniz ) update 11h35 Entre Small Caps (SMLL) maior alta é de Alliança Saúde (AALR4), que sobe 10,46%, após anúncio de aporte A Alliança Saúde (AALR3) anunciou nesta sexta-feira que seu acionista controlador se comprometeu a realizar novo aporte na companhia, desta vez no valor de R$ 250 milhões, até a próxima segunda-feira, segundo fato relevante ao mercado. update 11h33 Companhias aéreas avançam; AZUL4 sobe 0,77% e GOLL4 ganha 1,16% update 11h29 Grandes bancos caem juntos; ITUB4 recua 1,33%, BBAS3 cai 0,61%, SANB11 perde 0,57% e BBDC4 desce 0,50% update 11h26 Ações de Vale (VALE3) vão à mínima, com -0,85%, a R$ 61,15 update 11h25 Teleconferencia Qualicorp (QUAL3): pagamento de dividendos deve acontecer apenas em 2025 Em teleconferência de resultados realizada agora, o CEO da empresa, Maurício Lopes, desacou que “em 2023, a gente vê uma companhia que gerou um prejuízo contábil e não teremos provisão de dividendos para 2024”. A partir de 2025, a empresa deve retomar o pagamento de dividendos. “Acontecerá quando entendermos que a companhia está em um patamar de estrutura sustentável para medio e longo prazo”, acrescenta. (Camille Bocanegra) update 11h23 Teleconferência Sabesp (SBSP3): CEO diz que tem equipe dedicada na transição da companhia de estatal para empresa privada André Salcedo, CEO da Sabesp ( SBSP3 ), apresenta neste momento resultados do 4T23  a analistas de mercado. update 11h21 Conselho de Segurança da ONU não aprova resolução dos EUA sobre cessar-fogo imediato em Gaza O Conselho de Segurança da ONU não conseguiu aprovar nesta sexta-feira uma resolução que pedia um cessar-fogo imediato em Gaza como parte de um acordo para a libertação de reféns, depois que a Rússia e a China, que são membros permanentes e possuem poder de veto, votaram contra a medida proposta pelos EUA. A resolução pedia um “cessar-fogo imediato e sustentado” com duração de aproximadamente seis semanas, que protegeria os civis e permitiria a entrega de assistência humanitária. “ A grande maioria deste conselho votou a favor desta resolução, mas infelizmente a Rússia e a China decidiram exercer o seu veto”, disse a embaixadora dos EUA na ONU, Linda Thomas-Greenfield, ao Conselho de Segurança. Antes da votação, ela disse que seria um “erro histórico” o conselho não adotar a resolução. (Reuters) update 11h18 Wall Street tem pouca movimentação; SP 500 e Dow devem registrar melhor semana do ano Os principais índices acionários de Wall Street buscam direção nesta sexta-feira, embora estejam a caminho de obter fortes ganhos semanais, uma vez que os investidores comemoraram a postura de redução da taxa de juros do Fed. Todos os três principais índices dos EUA atingiram novos recordes de fechamento na quinta-feira, com o avanço das ações de chips após previsão positiva da Micron Technology e a sinalização do Fed de que ainda caminha para três cortes de juros este ano. Os operadores agora veem uma chance de 71% de que o primeiro corte ocorra em junho, em comparação com 56% no início desta semana, de acordo com a ferramenta FedWatch da CME. “Com os cortes de juros (em meados do ano) agora se tornando um pouco mais certos e uma nova recuperação nos rendimentos dos títulos parecendo improvável, as autoridades deram um novo impulso ao mercado”, disse Raffi Boyadjian, analista de investimentos da XM. (Reuters) update 11h16 Ibov renova mínima, com -0,62%, aos 127.369,77 pontos update 11h11 Viviane Varga: governo revisou impacto em 2024 de medidas sobre subvenções de R$ 35,3 bi para R$ 25,8 bi e sobre JCP de R$ 10 bi para zero Após fala da secretária-adjunta do Tesouro Nacional, Paulo Bijos destacou que o esforço de arrecadação está mantido, mesmo com retirada da projeção de ganho com JCP. “Impacto não é tão relevante no dado global”, afirmou. update 11h08 Banco Central informa segunda parcial PTAX com compra a R$ 4,9847 e venda a R$ 4,9853 update 11h05 Investidor brasileiro tem tendência a só investir no mercado doméstico, diz Jennie Li Estrategista cita oportunidades de aplicações no exterior, que fogem dos ruídos comuns por aqui, como político e fiscal. update 11h00 Nova projeção fiscal do governo não é sinal de conforto, diz secretário de Orçamento O secretário de Orçamento Federal, Paulo Bijos, disse nesta sexta-feira que a nova projeção fiscal do governo não é um “sinal de conforto” e defendeu que as autoridades sigam atentas apesar de as contas públicas estarem “sob controle”. Bijos fez os comentários em coletiva de imprensa depois que os ministérios do Planejamento e da Fazenda projetaram nesta sexta-feira que o governo central fechará 2024 com déficit primário de 9,3 bilhões de reais, equivalente a 0,1% do Produto Interno Bruto (PIB), dentro da margem de tolerância estabelecida pelo arcabouço fiscal. Os mercados financeiros, num geral, têm visão bem mais pessimista para o resultado fiscal deste ano. (Reuters) update 10h56 Unidade da National Beef, da Marfrig, suspende produção após incêndio A empresa disse que planeja retomar a produção na segunda-feira, após um incêndio na noite de quarta-feira ter atingido uma determinada área da fábrica. update 10h48 Dólar segue exterior e avança antes de série de comentários de autoridades do Fed O dólar sobe frente ao real nesta sexta-feira, em linha com movimento de cautela externo, conforme investidores continuam repercutindo dados fortes dos EUA e também no aguardo de falas de autoridades do Fed. O dólar à vista sobe 0,17%, a 4,987 na venda, depois de mais cedo ter superado os R$ 5. Na B3, os contratos de dólar futuro sobem 0,23%, aos 4.987,50 pontos. “O dólar está em alta globalmente, e a situação não é diferente em relação ao real brasileiro, onde a valorização é um pouco mais consistente”, disse Diego Costa, chefe de câmbio para Norte e Nordeste da B&T Câmbio. “Investidores estão à procura de orientações nos discursos dos representantes dos bancos centrais, enquanto aguardam a divulgação das atas das últimas decisões de política monetária, nas quais poderemos obter uma compreensão mais clara dos motivos por trás da última decisão e das perspectivas futuras”. (Com Reuters) update 10h46 Nova mínima: Ibov cai 0,58%, aos 127.415,82 pontos update 10h43 Ibov renova mínima, com -0,56%, aos 127.438,72 pontos update 10h43 Ações de Petrobras (PETR3 PETR4) ampliam quedas, com -0,74% e 0,36%, na mínima diária update 10h41 Renda fixa privada isenta de IR está atrativa mesmo pagando menos, diz Santander Banco fez um balanço do mercado de renda fixa privada após mudanças do CMN nas regras de CRIs e CRAs. update 10h40 Governo prevê queda da taxa Selic acumulada do ano de 9,63% – na estimativa da LOA 2024 o índice previsto era de 9,80% No relatório de despesas e receitas apresentado pelos ministérios do Planejamento e Fazenda também houve revisão da LOA elaborada ano passado da taxa de câmbio do dólar, passando de R$ 5,03 para R$ 4,94. Já o preço médio do barril de petróleo saiu de US$ 82,34 para US$ 80,70. update 10h40 Índice Small Caps (SMLL) cai 0,76%, aos 2.249,93 pontos; maiores baixas são QUAL3 (-6,45%) e MRFG3 (-3,79%) update 10h39 Em evento sobre “Transição para uma Economia Pós-Pandemia”, Jerome Powell e membros da diretoria do Fed fizeram a abertura e agora ouvem empresários sobre como enxergam o cenário atual update 10h37 Ações de Vale (VALE3) ampliam queda com -0,63%, a R$ 61,27 update 10h34 Ifix, índice de fundos imobiliários, sobe 0,11%, aos 3.384,90 pontos update 10h32 B3 (B3SA3): BBI rebaixa recomendação para neutra e prefere XP (XPBR31) no setor; ações de B3SA3 caem 2,26% Preço-alvo é de R$ 14 por ação B3SA3, implicando em 13% de valorização em relação aos níveis atuais. update 10h32 Ações de Petrobras operam mistas; PETR3 cai 0,03% e PETR4 sobe 0,17% update 10h31 Principais índices em Nova York abrem dia com quedas curtas, próximas da estabilidade Investidores em Wall Street começam o dia realizando algum lucro de dois dias de fortes altas geradas pela empolgação com anúncio do Fed e projeções de que três cortes das taxas podem acontecer em 2024. Art Hogan, estrategista-chefe de mercado da B. Riley Wealth, disse à CNBC que os investidores “sempre foram mais agressivos nas mudanças das taxas, o Fed entregou o gráfico de pontos e finalmente nos alinhamos”, disse ele. “Você obtém alguns dados de inflação que são um pouco mais quentes e acho que, realisticamente, o pensamentose tornou muito mais racional e se alinha bem com a posição do Fed agora”, acrescentou Hogan. Dow Jones: -0,01% S&P 500: -0,01% Nasdaq: -0,07% update 10h30 DIs: juros futuros ampliam quedas por toda a curva, em linha com os Treasuries dos EUA Valor (%) Variação Variação (pp) Negócios Máximo (%) Mínimo (%) Semana (%) Mês (%) Ano (%) DI1F25 9,910 -0,30 -0,030 4277 9,945 9,905 -0,55 -0,45 -1,20 DI1F26 9,830 -0,35 -0,035 4614 9,895 9,820 -0,56 0,51 2,29 DI1F27 10,060 -0,45 -0,045 3664 10,135 10,060 -0,59 0,80 3,50 DI1F29 10,550 -0,38 -0,040 2927 10,620 10,550 -0,57 1,25 4,77 DI1F31 10,810 -0,28 -0,030 1386 10,870 10,810 -0,46 1,50 5,36 DI1F33 10,920 -0,27 -0,030 645 10,990 10,920 -0,55 1,49 5,30 update 10h29 Déficit fiscal de R$ 9,3 bi (0,1%) anunciado pelo governo está dentro da banda de tolerância do arcabouço fiscal, que é de 0,25% do PIB O relatório de despesas e receitas apresentado pelos ministérios do Planejamento e Fazenda há pouco aponta, no entanto, que o governo deverá bloquear R$ 2,9 bilhões do orçamento. update 10h29 Ibovespa renova mínima, com -0,43%, aos 127.604,15 pontos update 10h26 CPFL (CPFE3): ações caem 0,17%, a R$ 34,35, após balanço CPFL (CPFE3) cai 3,5%, para R$ 1,3 bi no quarto trimestre. update 10h25 Após balanço, Cemig (CMIG4) sobe 1,33%, a R$ 12,22 A Cemig (CMIG4) lucrou R$ 1,88 bi no 4º tri, alta de 34% e  pagará R$ 386,3 mi em JCP. update 10h22 Hapvida (HAPV3) começa dia oscilando; no momento, estável, cotado em R$ 3,90 update 10h22 Ibov recua aos 127,7 mil pontos, com VALE3 e MGLU3; PETR4 sobe O Ibovespa opera nesta sexta-feira em queda de 0,30%, aos 127.774,14 pontos, com investidores de olho no Relatório de Receitas e de Despesas do Brasil. Caem as ações de Vale (VALE3), grandes bancos, B3 (B3SA3), construtoras, companhias de educação, frigoríficas, siderúrgicas e varejistas. No campo corporativo, a Magazine Luiza (MGLU3) aprovou aumento de capital de R$ 1,5 bi e propôs grupamento de 10 para 1 , as ações recuam 2%. As ações de Petrobras (PETR4) avançam hoje. O dólar comercial volta ao patamar de R$ 5,00 hoje , em alta agora de 0,32%, enquanto os juros futuros (DIs) operam em queda. No relatório divulgado hoje pelo Ministério da Fazenda, a projeção de resultado primário total para 2024 passou de -R$ 9,1 bilhões para -R$ 9,3 bilhões. Já a projeção para a Selic neste ano caiu de 9,8% para 9,6%, e a do dólar caiu de R$ 5,03 para R$ 4,94. Em Wall Street, índices futuros dos EUA operam com baixa, depois que os três principais índices de Nova York fecharam em máximas históricas na última quinta-feira, em meio à continuação de uma recuperação que começou após a última decisão do BC americano na quarta-feira. (Felipe Alves) update 10h21 Receita bruta diminui R$ 31,5 bi; despesas primárias aumentam R$ 1,6 bi Os dados constam no Relatório de Receitas e Despesas Primárias do 1º bimestre de 2024, divulgado pelos ministérios da Fazenda e Planejamento. Pelo documento, o déficit previsto para o ano é de R$ 9,3 bilhões (0,1% do PIB). update 10h21 Sabesp (SBSP3) dispara 3,77% nesta abertura, após balanço do 4T23 A Sabesp ( SBSP3 ) encerrou o quarto trimestre de 2023 com lucro líquido de R$ 1,186 bilhão, o que representa um avanço de 84,7% ante o apurado no mesmo intervalo do ano anterior . No ano de 2023, o lucro somou R$ 3,523 bilhões, montante 12,9% maior que o apurado em 2022. update 10h20 Powell/Fed: pandemia teve efeitos duradouros na economia O presidente do Federal Reserve, Jerome Powell, abriu há pouco o evento “Fed Listens” sobre como os americanos estão vivenciando a economia, dizendo que a pandemia teve efeitos “duradouros” e que para fazer uma boa política monetária o banco central dos EUA não pode confiar apenas em dados macroeconômicos, mas precisa ouvir diretamente de pessoas e empresas. Ele não fez quaisquer comentários sobre as perspectivas para as taxas de juro, que o banco central manteve estáveis na faixa de 5,25%-5,5% na sua reunião desta semana. ( Reuters ) update 10h19 Relatório bimestral: Despesa discricionária cai de R$ 208,9 bi para R$ 204,4 bi update 10h17 Siderurgia abre em queda: CSNA3, -1,60%; GGBR4, -1,00%; GOAU4, -1,17%; USIM5, -1,06% update 10h16 Petro juniores operam mistas nesta abertura: ENAT3 e PRIO3 sobem 2,07% e 0,15%, enquanto RECV3 e RRRP3 caem 0,66% e 0,03% update 10h15 Supermercadistas iniciam sessão com quedas: ASAI3, -0,88%; CRFB3, -1,12%; GMAT3, -1,54%; PCAR3, -0,65% update 10h14 Varejistas começam dia em baixa: ARZZ3, -0,97%; BHIA3, -0,90%; LREN3, -1,07%; MGLU3, -2,01%; PETZ3, -0,21%; SOMA3, -1,35% update 10h13 Aéreas em queda: AZUL4 perde 0,07% e GOLL4 cai 0,58%; EMBR3 vai na contramão e sobe 3,30% update 10h12 Bancos abrem sessão com quedas: BBAS3, -0,05%; BBDC4, -0,28%; ITUB4, -0,77%; SANB11, -0,32% update 10h11 Projeção de resultado primário total de 2024 passa de R$ 9,1 bi para -R$ 9,3 bi O dado consta no Relatório de Receitas e Despesas Primárias do 1º bi de 2024, divulgado pelos ministérios da Fazenda e Planejamento. update 10h11 Banco Central informa primeira parcial PTAX com compra a R$ 4,9947 e venda a R$ 4,9953 update 10h11 Ibovespa sai dos leilões com queda de 0,33%, aos 127.735,47 pontos, mínima do dia; IGTI11 é o único ativo ainda em leilão update 10h10 Petrobras (PETR3 PETR4) abre dia com ganhos de 0,38% e 0,70%, respectivamente update 10h09 Frigoríficos começam dia com quedas, com exceção de JBSS3, que sobe 0,26%: BEEF3, -0,56%; BRFS3, -1,14%; MRFG3, -1,17% update 10h07 No momento, fala a diretora do Fed Michelle Bowman; Powell não citou nada referente à política monetária update 10h06 B3 (B3SA3) começa sessão com queda de 2,58%, a R$ 12,08 update 10h05 Eletrobras (ELET3 ELET6) abre sessão com quedas de 0,21% e 0,44%, respectivamente update 10h05 Vale (VALE3) abre dia com queda de 0,34%, a R$ 61,45 update 10h03 Ibovespa abre, preliminarmente, com queda de 0,01%, aos 128.146,08 pontos update 10h03 Começa apresentação de Jerome Powell, presidente do Federal Reserve, sobre a “Transição para uma Economia Pós-Pandemia” update 9h59 Yuan atinge nível mais fraco no ano, após BC da China sinalizar que permitiria queda Banco do Povo da China estabeleceu uma taxa de referência diária mais fraca para o yuan internamente, o que foi interpretado como um sinal de que o PBoC está disposto a permitir que a moeda seja negociada em baixa. update 9h53 CPFL (CPFE3): Ebitda do 4T23 superou estimativa O Morgan Stanley afirma que a distribuição teve volumes sólidos, provavelmente ajudados pelo mix tarifário. Já a geração, Ebitda avançou com a consolidação da Enercan. Na transmissão, também houve avanço do Ebitda. O Banco tem recomendação overweight para a CPFL ( CPFE3 ), com preço-alvo de R$ 38/ação. update 9h50 Dólar comercial desacelera, mas mantém alta de 0,34%, a R$ 4,996 update 9h44 Rússia alerta bancos ocidentais para consequências catastróficas do confisco de ativos O Kremlin afirmou nesta sexta-feira que os departamentos jurídicos dos bancos ocidentais entendem as “consequências catastróficas” que ocorreriam caso a União Europeia prossiga com os planos de confiscar os ativos russos. Alguns bancos ocidentais estão fazendo lobby contra as propostas da UE para redistribuir bilhões de euros em juros ganhos sobre os ativos russos congelados, disseram fontes seniores do setor, temendo que isso possa levar a um litígio dispendioso. Na quinta-feira, líderes da União Europeia concordaram em avançar com o trabalho em um plano para usar até 3 bilhões de euros por ano para fornecer armas à Ucrânia, enquanto tentam reforçar a luta de Kiev contra a Rússia, que ainda possuiria os ativos congelados subjacentes. Os líderes da UE disseram que os recursos poderiam ser usados dentro de alguns meses. (Reuters) update 9h39 Preços dos combustíveis no Brasil diminuem levemente a defasagem em relação à paridade internacional, diz Abicom Petrobras ( PETR3 ; PETR4 ) anunciou há 154 dias alterações nos preços da gasolina. Sobre o diesel, a estatal determinou um reajuste há 87 dias. A Associação Brasileira dos Importadores de Combustíveis publica o estudo diariamente, de segunda a sexta. Diesel A S10 (média nacional): -9%, ou -R$ 0,32 (ontem: -10% ou -R$ 0,38) Gasolina A (média nacional): -17%, ou -R$ 0,58 (ontem: -18% ou -R$ 0,60) update 9h37 Ibovespa futuro recua 0,27%, aos 128.565 pontos update 9h31 ADRs PBRA e PBR da Petrobras sobem, respectivamente, 0,56%, a US$ 14,43, e 0,55%, a US$ 14,71 no pré-mercado update 9h30 Magazine Luiza (MGLU3) propõe grupamento de ações na ordem de 10 para 1 O Magazine Luiza ( MGLU3 ) aprovou a proposta de grupamento da totalidade de suas ações na proporção de 10:1 que será submetida à apreciação da Assembleia Geral Extraordinária da companhia. O principal objetivo do grupamento é a redução da volatilidade das ações, diz o comunicado ao mercado. Por meio da proposta, será realizado o grupamento da totalidade das atuais 7.389.952.489 ações ordinárias (já considerando os efeitos do aumento de capital da companhia homologado em 21 de março de 2024), na proporção de 10 ações para 1 ação, sem modificação do capital social, que permanecerá em R$ 13,802 bilhões e passará a ser dividido em 738.995.248 ações. update 9h26 ADRs da Vale caem 0,32%, a US$ 12,34, no pré-mercado update 9h19 Índie EWZ recua 0,43% na pré-abertura dos EUA update 9h17 Magazine Luiza (MGLU3) homologa aumento de capital de R$ 1,25 bi O Conselho de Administração do Magazine Luiza ( MGLU3 ) aprovou a homologação total do aumento do capital social – foram subscritas e integralizadas 641.025.641 ações, ao preço de emissão de R$ 1,95 por Ação. Segundo a companhia, o aumento de capital tem por finalidade a aceleração dos investimentos em tecnologia, incluindo a expansão do Luizalabs e a evolução da plataforma de marketplace , experiência do usuário e dos serviços de advertising , fintech , fulfillment e Magalu Cloud, além da otimização da estrutura de capital da companhia. update 9h13 DIs: juros futuros abrem dia em torno da estabilidade ao longo da curva Dia (%) Taxa (%) Variação (pp) Semana (%) Março (%) 2024 (%) DI1F25 -0,05 9,935 -0,005 -0,30 -0,20 -0,95 DI1F26 0,00 9,865 0,000 -0,20 0,87 2,65 DI1F27 -0,05 10,100 -0,005 -0,20 1,20 3,91 DI1F28 -0,05 10,390 -0,005 -0,29 1,51 4,58 DI1F29 -0,05 10,585 -0,005 -0,24 1,58 5,11 DI1F31 0,00 10,840 0,000 -0,18 1,78 5,65 DI1F33 0,00 10,950 0,000 -0,27 1,77 5,59 DI1F35 0,00 11,020 0,000 -0,09 1,75 6,17 update 9h09 Embraer (EMBR3): JP Morgan eleva preço-alvo de R$ 28 para R$ 51 e mantém recomendação de overweight update 9h04 Dólar comercial abre em alta de 0,46%, cotado a R$ 5,002 na compra e a R$ 5,003 na venda update 9h03 Sabesp (SBSP3) reportou bons resultados no 4T23 O Bradesco BBI destaca que o Ebitda teve aumento de 73% na comparação anual. Além disso, a Sabesp ( SBSP3 ) teve aumento da receita líquida no período. Mas o BBI ressalta que o que impulsiona a ação é a privatização prevista para meados de 2024, sendo os próximos passos a divulgação das regras tarifárias finais que serão aplicadas à Sabesp após sua privatização, que deverão ser conhecidos até abril, e a definição e assinatura de novos contratos de concessão com mais de 300 municípios do estado de São Paulo, que precisam incluir a regulamentação, metas de cobertura de serviços, planos de investimentos específicos, penalidades, cobertura de metas etc. update 9h03 Mini-índice com vencimento em abril (WINJ24) começa dia com baixa de 0,45%, aos 128.315 pontos update 9h02 Minidólar com vencimento em abril (WDOJ24) começa dia com alta de 0,54%, cotado a 5.003,00 update 9h01 Dólar futuro abre em alta de 0,62%, cotado aos 5.007,00 pontos update 9h01 Ibovespa futuro abre em queda de 0,30%, cotado aos 128.505 pontos update 8h58 Governo comemora decisão do STF que derrubou revisão da vida toda do INSS Em nota assinada pelo ministro Jorge Messias, advogado-geral da União, a decisão do STF é classificada como “paradigmática para o Estado brasileiro”. update 8h57 Chefe do BCE diz que inflação continuará caindo e crescimento econômico aumentará este ano A presidente do Banco Central Europeu, Christine Lagarde, disse nesta sexta-feira aos líderes da União Europeia reunidos em Bruxelas que a taxa de inflação da zona do euro deve continuar caindo, enquanto o crescimento econômico começará a aumentar durante o ano. Ela acrescentou que a resiliência econômica da zona do euro precisa de maior produtividade, o que, por sua vez, exigiria maior investimento. A união do mercado de capitais é fundamental para promover o investimento, disse ela. (Reuters) update 8h55 Alliança Saúde (AALR3) diz que controlador vai realizar aporte de R$ 250 milhões na empresa até 25 de março update 8h50 Confira a análise técnica do Ibovespa da XP O Ibov fechou em queda, não sustentando a superação da média de 21 dias, anulando a formação da véspera. Segundo relatório de análise técnica da XP, assinado por Gilberto Coelho, um novo fechamento acima dos 129.560 traria de volta o sinal de alta com projeções nas resistências em 131.700 ou 134.390. Abaixo de 128.000 teria novo sinal de baixa mirando suportes nos 125.800 ou 122.500. O IFR apontou para baixa anulando o sinal de alta. Fonte: Relatório Análise técnica da XP update 8h50 Arena Trader XP: Day Trade ao vivo com Aliakyn, José Mograbi e Matheus Cavalcanti update 8h48 Petrobras (PETR4): Itaú BBA eleva preço-alvo de R$ 38 para R$ 43; recomendação de market perform é mantida update 8h47 Enauta (ENAT3): Acordo de venda de 20% de participação dos campos de Atlanta e Oliva é um passo positivo em direção à redução de risco do portfólio A avaliação é do Morgan Stanley. A aquisição foi feita pela WAO, empresa sediada em Houston (EUA) focada no desenvolvimento de ativos de petróleo e gás em águas profundas. O banco mantém recomendação equal-weight para a Enauta ( ENAT3 ), com preço-alvo de R$ 15/ação. update 8h47 Bitcoin caminha para encerrar uma das piores semanas do ano Queda ocorre à medida que o apetite por ETFs à vista da criptomoeda diminui. update 8h45 Confira o InfoMorning update 8h43 Índice Dólar DXY avança 0,93%, aos 104,38 pontos update 8h35 Índice EWZ cai 0,43% na pré-abertura dos EUA update 8h33 XP: Oportunidades de swing trade para hoje, por Gilberto Coelho C ou V Ativo Gatilho Alvo Loss Motivo Alvo (%) Loss (%) Lim Entrada Venda AZUL4 14,19 11,80 15,01 Candle 20,25 -5,46 14,05 Venda LREN3 15,77 14,10 16,51 MM200 11,84 -4,48 15,61 Venda PETZ3 4,86 4,25 5,11 MM200 14,35 -4,89 4,81 update 8h29 Wilson Sons (PORT3) reportou Ebitda no 4T23 que superou a estimativa de banco O Bradesco BBI que o volume total de contêineres cresceu, apesar dos fracos resultados em logística. O banco mantém recomendação outperform para a Wilson Sons, com preço-alvo de R$ 23/ação. update 8h28 Day Trade Hoje: O que esperar dos minicontratos e do Ibovespa nesta sexta-feira Na agenda de hoje, falas de Powell e relatório de receitas e despesas. update 8h24 Minidólar (WDOJ24) opera lateralizado, com suporte nos 4.971,5 pontos no radar Confira o que esperar para o minidólar nesta sexta-feira (22). update 8h22 Enauta (ENAT3) aprova programa de recompra de 20 milhões de ações de emissão da companhia O valor equivale a 7,53% das ações ordinárias em circulação da Companhia, para permanência em tesouraria, cancelamento ou posterior alienação, sem redução do capital social. update 8h21 Presidente diz que BC do Japão reduzirá no futuro compras de títulos O presidente do Banco do Japão, Kazuo Ueda, disse que o banco central acabará reduzindo as compras de títulos e permitirá que as forças do mercado definam as variações das taxas de juros de longo prazo, sinalizando sua determinação em avançar de forma constante em direção à normalização da política monetária ultrafrouxa. O banco central japonês encerrou oito anos de taxas de juros negativas e outros resquícios de sua política monetária pouco ortodoxa na terça-feira, fazendo uma mudança histórica em relação a décadas de estímulos monetários maciços que tinham como objetivo reanimar a economia e acabar com a deflação. Embora o banco central também tenha abandonado o controle do rendimento dos títulos, ele se comprometeu a manter o ritmo mensal de compras de títulos em cerca de 6 trilhões de ienes (39,6 bilhões de dólares) por enquanto. (Reuters) update 8h18 Qualicorp (QUAL3) reportou resultados amplamente alinhados no 4T23 O Itaú BBA relata que a receita líquida diminuiu, impulsionada por mais um trimestre de perdas líquidas, lideradas por pequenas adições brutas, apesar da menor rotatividade. O banco destaca que a Qualicorp ( QUAL3 ) reportou um bom fluxo de caixa livre operacional. O BBA tem recomendação market perform para a Qualicorp, com preço-alvo de R$ 7/ação. update 8h16 Minerva (BEEF3) emite R$ 2 bi em debêntures A Minerva informou que foi concluído com sucesso a oferta da 14ª emissão de Debêntures simples, no montante de R$ 2,0 bilhões, dividido em 3 séries. update 8h15 Mini-índice (WINJ24) corrige após sequência altista, com suporte nos 128.500 no radar Confira o que esperar para o mini-índice nesta sexta-feira (22). update 8h14 Aprovação e reprovação ao governo Lula empatam, diz Datafolha As taxas de aprovação e de reprovação do governo Lula (PT) chegaram a patamares de empate técnico em março, aponta pesquisa Datafolha divulgada na última quinta-feira (21). Segundo o instituto, 35% dos entrevistados aprovam o governo, contra 38% em dezembro, o que indica uma oscilação negativa dentro da margem de erro (de 2 pontos percentuais para mais ou para menos). Já a reprovação ao governo do presidente Luiz Inácio Lula da Silva (PT) passou de 30% em dezembro para 33% em março, variação também dentro da margem, e os que avaliaram a gestão Lula como regular somam 30% (mesmo patamar da última pesquisa). update 8h11 STF derruba tese da revisão da vida toda a aposentados do INSS O Supremo Tribunal Federal (STF) decidiu nesta quinta-feira (21) derrubar o entendimento da própria Corte que autorizou a revisão da vida toda de aposentadorias do Instituto Nacional do Seguro Social (INSS). Por 7 votos a 4, o STF decidiu que os aposentados não têm direito de optarem pela regra mais favorável para recálculo do benefício. update 8h09 Copasa (CSMG3): Ebitda reportado no 4T23 ficou praticamente em linha O Bradesco BBI afirma que nos resultados do 4T23 da Copasa ( CSMG3 ) observa-se maior opex, compensado por maior receita, impulsionada pelo forte crescimento do volume de vendas. O banco reafirma recomendação neutra para a Copasa, com preço-alvo de R$ 21/ação. update 8h09 Barris de petróleo têm leve alta e minério de ferro sobe 1,50% Os preços do petróleo operam com leve alta, em meio à possibilidade de um cessar-fogo em Gaza que poderia aliviar as preocupações geopolíticas no Oriente Médio, enquanto um dólar mais forte e a procura vacilante de gasolina nos EUA também pesaram sobre os preços. As cotações do minério de ferro na China encerrou a semana em alta, devido à crescente expectativa de uma recuperação na demanda chinesa, em meio a sinais de melhora no consumo de aço. Petróleo WTI, +0,15%, a US$ 81,19 o barril Petróleo Brent, +0,09%, a US$ 85,86 o barril Minério de ferro negociado na bolsa de Dalian teve alta de 1,50%, a 844,00 iuanes, o equivalente a US$ 116,78 update 8h08 Confiança dos consumidores sobe pela primeira vez em 2024, mas continua em nível pessimista O Índice de Confiança do Consumidor (ICC) do FGV IBRE subiu 1,6 ponto em março, para 91,3 pontos, após duas quedas consecutivas. Em médias móveis trimestrais, o índice continuou recuando, agora pelo sexto mês seguido, em 0,6 ponto, para 90,6 pontos. update 8h07 Mercados da Europa operam mistos, após máximas históricas ontem Os mercados europeus operam mistos, depois que diversas bolsas atingiram máxima histórica na sessão anterior. Os movimentos do mercado ocorrem após uma enxurrada de decisões sobre taxas de juros nos últimos dias. O Banco Nacional Suíço surpreendeu os mercados na quinta-feira ao reduzir a sua taxa de juros em 0,25 pontos percentuais, para 1,5%. Já o Banco da Inglaterra manteve as taxas de juros conforme esperado na quinta-feira, mas sugeriu que cortes poderiam estar no horizonte, à medida que a inflação caísse mais rápido do que o previsto. Entretanto, o banco central da Noruega manteve a sua taxa de juro de referência inalterada e previu um único corte no custo dos empréstimos no final do ano. FTSE 100 (Reino Unido): +0,83% DAX (Alemanha): -0,02% CAC 40 (França): -0,22% FTSE MIB (Itália): +0,06% STOXX 600: 0,00% update 8h05 Cemig (CMIG4) lucra R$ 1,88 bi no 4º tri, alta de 34%; pagará R$ 386,3 mi em JCP A receita líquida da Cemig no quarto trimestre avançou 2,1% para R$ 9,95 bilhões. update 8h04 Bolsas da Ásia fecham dia mistas, com nova máxima no Japão Os mercados asiáticos fecharam fecharam sem direção única, com perdas na China e em Hong Kong e nova máxima histórica do índice japonês Nikkei. Na China continental, o Xangai Composto caiu 0,95%, a 3.048,03 pontos, à medida que a cautela prevaleceu antes da divulgação de indicadores chineses sobre lucro industrial e atividade econômica (PMIs), na próxima semana. Em Hong Kong, o Hang Seng teve queda ainda mais expressiva, de 2,16%, a 16.499,47 pontos. Em Tóquio, por outro lado, o Nikkei subiu 0,18%, a 40.888,43 pontos, encerrando os negócios em patamar recorde pelo segundo pregão consecutivo. Na terça-feira (19), o Banco do Japão (BoJ) elevou juros pela primeira vez em 17 anos, mas também prometeu manter condições monetárias acomodatícias. Shanghai SE (China), -0,95% Nikkei (Japão): +0,18% Hang Seng Index (Hong Kong): -2,16% Kospi (Coreia do Sul): -0,23% ASX 200 (Austrália): -0,15% update 8h03 Sabesp (SBSP3) tem lucro líquido de R$ 1,18 bilhão no 4º trimestre, alta de 84,7% No ano de 2023, o lucro somou R$ 3,523 bilhões, montante 12,9% maior que o apurado em 2022. update 8h01 EUA: índices futuros avançam antes de novas falas de Powell Os índices futuros em NY têm leve alta, caminhando para novos recordes. Os três principais índices dos Estados Unidos caminham para ganhos expressivos ​​esta semana, com o S&P 500 tendo ganhos de 2,4% e o Nasdaq subindo 2,7%. O Dow tem o melhor desempenho dos três, subindo quase 2,8% até o fechamento de quinta-feira e no ritmo de sua melhor semana desde dezembro. Em destaque, Jerome Powell, presidente do Fed, fala em evento da autoridade monetária sobre as perspectivas das condições económicas e como a experiência na pandemia remodelou a economia e a força de trabalho. Dow Jones Futuro: +0,06% S&P 500 Futuro: +0,09% Nasdaq Futuro: +0,10% update 8h00 Abertura de mercados Os índices futuros dos EUA sobem em meio a uma recuperação impulsionada pela sinalização de que o Fed continua planejando cortar seu juros três vezes este ano. Os três principais índices de Nova York fecharam em máximas históricas na última quinta-feira, em meio à continuação de uma recuperação que começou após a última decisão do BC americano na quarta-feira. No Brasil, o presidente Lula continua se reunindo com ministros para melhorar comunicação, enquanto a popularidade do governo declina. O governo federal apresenta o Relatório de Avaliação de Receitas e Despesas Primárias do primeiro bimestre deste ano. Durante a apresentação, será informado o valor do bloqueio de despesas no orçamento do governo, que deverá ser de até R$ 3 bilhões. O documento avalia as contas públicas para definição da necessidade de cortar despesas do governo federal para cumprir as regras fiscais. Em indicadores, saem os dados da confiança do consumidor de março. update 7h54 Principais índices em Nova York encerraram ontem com novas altas Os investidores em Wall Street seguiram a empolgação do comunicado do Federal Reserve (e a entrevista de seu presidente, Jerome Powell) sobre os próximos passos da política monetária, com destaque para possíveis três cortes de juros este ano e menos do que o programado em 2025, embora a cautela ainda persista . Apesar do entusiasmo recente, Julie Biel, da Kayne Anderson Rudnick, alerta que o mercado pode estar superexcitado com a perspectiva de três cortes este ano. “Precisamos reconhecer que não se trata de um golpe certeiro: conseguiremos três ou quatro cortes nas taxas”, disse a gestora. “Há dissidência suficiente e ainda há uma boa variação entre 2024 e 2025 sobre onde estarão as taxas”. Dia (%) Pontos Dow Jones 0,68 39.781,89 S&P 500 0,32 5.241,48 Nasdaq 0,20 16.401,84 update 7h52 DIs: juros futuros encerraram ontem com altas consistentes por toda a curva Dia (%) Taxa (%) Variação (pp) Negócios Semana (%) Março (%) 2024 (%) DI1F25 0,35 9,940 0,035 15.550 -0,25 -0,15 -0,90 DI1F26 0,77 9,865 0,075 29.910 -0,20 0,87 2,65 DI1F27 0,95 10,105 0,095 27.351 -0,15 1,25 3,96 DI1F28 1,02 10,395 0,105 9.526 -0,24 1,56 4,63 DI1F29 1,05 10,590 0,110 24.167 -0,19 1,63 5,16 DI1F31 1,03 10,840 0,110 11.500 -0,18 1,78 5,65 DI1F33 1,11 10,950 0,120 5.041 -0,27 1,77 5,59 DI1F35 1,19 11,020 0,130 1.882 -0,09 1,75 6,17 update 7h50 Dólar comercial terminou ontem com alta de 0,09% O dólar volta a subir diante do real, após a queda forte de ontem, em movimento similar ao da divisa norte-americana na comparação com as principais moedas do mundo, com o DXY em alta de 0,60%. Venda: R$ 4,979 Compra: R$ 4,979 Mínima: R$ 4,950 Máxima: R$ 4,985 update 7h48 Maiores baixas, altas e mais negociadas de ontem Maiores baixas Ativo Dia (%) Valor (R$) Variação (R$) Negócios Semana (%) Março (%) 2024 (%) Cogna COGN3 -11,90 2,37 -0,32 26.842 -4,44 -5,95 -32,09 CVC CVCB3 -5,04 3,39 -0,18 8.794 0,00 1,19 -3,14 Casas Bahia BHIA3 -3,10 7,81 -0,25 4.410 5,54 -13,61 -31,37 Magazine Luiza MGLU3 -2,93 1,99 -0,06 39.022 1,53 -6,57 -7,29 GPA PCAR3 -2,84 3,08 -0,09 6.782 -0,65 -23,57 -24,14 Yduqs YDUQ3 -2,75 18,77 -0,53 13.721 -1,93 -7,81 -16,28 B3 B3SA3 -2,75 12,40 -0,35 36.098 0,57 -3,35 -13,78 Maiores altas Ativo Dia (%) Valor (R$) Variação (R$) Negócios Semana (%) Março (%) 2024 (%) Marfrig MRFG3 2,69 10,30 0,27 7.847 2,69 4,04 6,19 São Martinho SMTO3 1,94 28,89 0,55 5.769 4,37 2,08 -1,43 Lwsa LWSA3 1,85 6,05 0,11 17.240 6,89 8,62 0,67 SLC Agrícola SLCE3 1,66 19,65 0,32 11.564 3,64 -0,05 4,41 WEG WEGE3 1,55 39,43 0,60 14.213 3,76 7,47 7,72 Isa Cteep TRPL4 1,53 25,26 0,38 6.145 3,06 -2,09 -4,68 Cemig CMIG4 1,34 12,06 0,16 11.866 5,51 0,75 5,05 Mais negociadas Ativo Negócios Dia (%) Valor (R$) Variação (R$) Semana (%) Março (%) 2024 (%) Petrobras PN PETR4 58.373 -2,72 35,70 -1,00 -1,71 -11,06 -4,14 Magazine Luiza MGLU3 39.022 -2,93 1,99 -0,06 1,53 -6,57 -7,29 Itaú Unibanco ITUB4 38.452 -1,03 34,44 -0,36 -0,29 1,52 4,84 B3 B3SA3 36.098 -2,75 12,40 -0,35 0,57 -3,35 -13,78 Vale VALE3 34.942 -0,24 61,66 -0,15 3,18 -3,84 -16,56 Cogna COGN3 26.842 -11,90 2,37 -0,32 -4,44 -5,95 -32,09 Bradesco PN BBDC4 24.768 -1,12 14,14 -0,16 0,21 2,96 -17,00 update 7h45 Ibovespa fechou ontem com queda de 0,75%, aos 128.158,57 pontos Máxima: 129.555,91 Mínima: 128.092,84 Diferença para a abertura: -966,26 pontos Volume: R$ 21,80 bilhões Confira a evolução do IBOV durante a semana, mês e ano: Segunda-feira (18): +0,17% Terça-feira (19): +0,45% Quarta-feira (20): +1,25% Quinta-feira (21): -0,75% Semana: +1,12% Março: -0,67% 1T24: -4,49% 2024: -4,49% Acompanhe diariamente a cobertura sobre bolsa, dólar e juros a partir das 8 horas. Sugestões, dúvidas e críticas entre em contato com o editor de Mercados Ao Vivo do InfoMoney: rodrigo.petry@infomoney.com.br. IM Trader: notícias, análises, vídeos, podcasts e guias no novo canal do InfoMoney sobre Mercados .
As ações de B3 ( B3SA3 ) também recuaram, com 3,23%, após banco rebaixar recomendação . A Vale ( VALE3 ) também perdeu, com 1,15%, apesar do minério de ferro ter acumulado ganhos na semana .
A temporada de balanços segue e hoje Qualicorp ( QUAL3 ) despencou 10,48%, com os números do 4T23 ; e Sabesp ( SBSP3 ) subiu 1,98%, com lucro e meta de privatização dentro do ritmo .
Semana que vem é mais curta, por conta da Sexta-Feira Santa, mas a ata do Copom chega na terça-feira (26) para jogar mais luz no que o Comitê quis dizer em seu comunicado. Até lá, a frente fria terá passado, mas e as preocupações? ( Fernando Augusto Lopes )
Confira a evolução do IBOV durante a semana, mês e ano:
O dólar sobe pelo segundo dia seguido diante do real, em movimento semelhante ao da divisa norte-americana na comparação com as principais moedas do mundo, com o DXY em alta de 1,00%. Na semana, ficou estável.
Os investidores em Wall Street flutuaram depois de fortes ganhos durante a semana. “É um período de digestão depois de uma semana muito forte”, disse à CNBC o codiretor de investimentos da Truist, Keith Lerner. “Nossa visão é que a tendência geral ainda é positiva para o mercado, especialmente quando você vê esse rompimento de novas máximas, a caminho do seu quinto mês consecutivo de ganhos”. Uma razão para o otimismo do mercado decorre da reunião desta semana do Federal Reserve. O banco central manteve as taxas inalteradas e os comentários do presidente do Fed, Jerome Powell, reforçaram que os cortes estão chegando, apesar de um recente período de leituras de inflação quentes que levaram alguns investidores a temer um cronograma de flexibilização adiado. “Isso foi suficiente para este mercado avançar”, disse Lerner.
Dia (%) Pontos Semana (%) Dow Jones -0,73 39.492,92 1,97 S&P 500 -0,14 5.234,17 2,85 Nasdaq 0,16 16.428,82 2,29
Em setembro do ano passado, quando teve sua primeira prisão preventiva revogada por Alexandre de Moraes, o tenente-coronel foi alvo de sete medidas cautelares .
O porta-voz da Casa Branca, John Kirby, preferiu não comentar reportagem do Financial Times segundo a qual os EUA haviam pedido à Ucrânia que interrompesse os ataques à infraestrutura de energia russa, alertando Kiev que os ataques de drones poderiam provocar retaliação e aumentar os preços globais do petróleo. Afirmou, no entanto, que Washington tem uma política de longa data de não incentivar as forças ucranianas a realizar ataques dentro da Rússia. ( Reuters )
A mínima registrada hoje é de 126.879 pontos.
Comitê de Política Monetária (Copom) do Banco Central reduziu a Selic em 0,5 ponto percentual, para 10,75% ao ano, o sexto corte consecutivo.
P elo mesmo três os atiradores camuflados utilizaram armas automáticas e jogaram ao menos uma granada e uma bomba incendiária no Crocus City Hall, que estava sediando um show.
Fusões e aquisições no setor movimentaram R$ 25 bilhões nos últimos cinco anos no país.
A proposta de remuneração foi decidida em uma tensa reunião do conselho de administração em 7 de março.
Kate Middleton, de 42 anos, esposa do herdeiro do trono, o príncipe William, passou duas semanas no hospital em janeiro, depois de uma cirurgia noticiada apenas como “planejada e bem-sucedida”.
Presidente da companhia disse que o próximo passo da privatização é a divulgação do relatório da consulta pública .
CEO citou expectativas de descontinuação, por operadores, de planos de saúde para usuários PME, com 1 a 2 vidas em prol de plano por adesão .
Termina apresentação dos resultados do 4T23 da Cemig ( CMIG4 ).
Segundo Reinaldo Passanezzi, presidente da Cemig ( CMIG4 ), diz que há ainda um lote de PCH para serem negociadas. ( Augusto Diniz )
Os preços caíram fecharam mais uma vez queda, com as conversas sobre o cessar-fogo em Gaza terem se acentuado. Mesmo com a proposta norte-americana nesse sentido feita ontem ter sido rejeitada, a França prometeu apresentar nova proposta também clamando por um cessar-fogo.
A afirmação é de Reinaldo Passanezzi, presidente da Cemig ( CMIG4 ). “A segunda parte é estar dentro das metas regulatórios para ter Ebitda”, disse. Segundo ele, a companhia já encerrou o turnaround . ( Augusto Diniz )
A ordem de prisão preventiva do militar foi determinada pelo ministro Alexandre de Moraes, do Supremo Tribunal Federal.
Instituto Econômico Alemão diz que experiência da Copa do Mundo em 2006 mostrou que os grandes eventos esportivos não são ‘fogos de artifício econômicos’ ; PIB da Alemanha encolheu 0,3% em 2023.
A depender da situação, contribuinte deve informar os bens em diferentes fichas.
Ações vinculadas ao setor de bens de consumo de luxo também afetaram o mercado de Milão.
No nível do índice do JP Morgan, os t ítulos argentinos ganharam cerca de 60% desde que Milei foi eleito em 19 de novembro.
Varejista homologou aumento de capital privado de R$ 1,25 bilhão para fortalecer sua estrutura de capital.
“Tivemos um bom primeiro bimestre, mas vamos continuar acompanhando com o mesmo rigor a evolução do ano”, afirmou o ministro da Fazenda.
Cripto pode recuar por causa da realização de lucro dos investidores, segundo instituição financeira.
Após Morgan Stanley dobrar preço-alvo para ADRs, desta vez o JPMorgan passou a ter target de US$ 40, enquanto Goldman reforçou compra .
Agronegócio solicitou R$ 3 bilhões de orçamento para este ano, mas foi liberado menos de R$ 1 bilhão , com a possibilidade de cancelamento.
Investidores nos mercados da Europa fecham a semana agitada por decisões de política monetária nos EUA e na Inglaterra, ampliando os ganhos conseguidos pela euforia vista. Na Ásia, quedas, mas o principal índice japonês chegou a uma nova máxima histórica durante a sessão.
O vice-presidente e ministro do Desenvolvimento, Indústria e Comércio, Geraldo Alckmin, disse há pouco que o Brasil pode fechar um acordo com a Argentina para comprar gás mais barato do país vizinho, acrescentando que o gás da Petrobras ( PETR4 ) é caro. A declaração, feita durante participação em evento no Rio de Janeiro, ocorre um dia após o ministro de Minas e Energia, Alexandre Silveira, ter dito que o Brasil está avaliando opções para importar gás natural da enorme formação argentina de Vaca Muerta, enquanto busca aliviar seu déficit do insumo. ( Reuters )
Máxima do dia está em R$ 5,008 e a mínima, em R$ 4,982.
Em entrevista coletiva, ministro da Fazenda volta a fazer críticas a programa de incentivo ao setor de turismo e eventos , alvo de atrito entre Planalto e Congresso.
STF decidiu que segurados não podem escolher a melhor regra para o cálculo da aposentadoria.
Companhias do setor educacional amargaram quedas de cerca de 10% nas sessões seguintes à apresentação de balanços.
André Salcedo, CEO da Sabesp ( SBSP3 ), disse que a empresa trabalha com o fechamento dos dados do 1T24 (previsto para 9 de maio) para, depois, fazer a oferta pública adicional de ações, que pelo regulamento da CVM/SEC abrangeria de maio a agosto desse ano. Terminou a apresentação dos resultados do 4T23. ( Augusto Diniz )
Os acionistas da Digital World aprovaram nesta sexta-feira (22) uma fusão com a startup Trump Media & Technology Group, dona da rede Truth Social; participação de Trump na nova empresa seria de US$ 3,5 bilhões.
Não há razão para que nenhuma distribuidora de energia perca a concessão se considerados os parâmetros regulatórios vigentes, avaliou nesta sexta-feira o CEO da CPFL Energia, Gustavo Estrella. “Acho que não há embasamento técnico para nenhum ‘player’ hoje perder a concessão, inclusive a Enel. Acho que do ponto de vista regulatório é muito negativo para o setor, sinceramente espero que isso não aconteça”, disse o executivo, durante teleconferência para comentar os resultados trimestrais da companhia. O executivo deu a declaração ao ser questionado por analista sobre a maior pressão que a distribuidora Enel São Paulo vem enfrentando devido a falhas mais recorrentes no fornecimento de energia a consumidores. Nesta semana, a concessionária voltou a ter problemas na capital paulista devido a dificuldades com sua rede subterrânea. (Reuters)
Sergio Zimerman, da Petz, já havia manifestado contrariedade com queda da ação; na Vivara, elevação de fatia de Nelson Kaufman ocorre também após forte queda dos ativos justamente com a volta do fundador como CEO.
O ministra da Fazenda, Fernando Haddad, concede entrevista coletiva em São Paulo.
André Salcedo, CEO da Sabesp ( SBSP3 ), explicou os próximos passos da privatização da companhia. Segundo ele, o Conselho Diretor do Programa de Desestatização (CDPED) do Governo do Estado de São Paulo deve liberar a nova governança da empresa; e depois, em maio, será convocada uma reunião da Unidade Regional de Serviços de Abastecimento de Água Potável e Esgotamento Sanitário (URAE) para aprovação do contrato. Pelo lado da Sabesp, em abril, deve-se finalizar a conclusão da troca de controle do waiver (obrigações financeiras) para depois, em maio, convocar uma assembleia extraordinária para aprovação do lançamento da oferta pública, de acordo com Salcedo. ( Augusto Diniz )
André Salcedo, CEO da Sabesp ( SBSP3 ), considera o novo modelo regulatório com a privatização “uma vitória”. ( Augusto Diniz )
A Alliança Saúde (AALR3) anunciou nesta sexta-feira que seu acionista controlador se comprometeu a realizar novo aporte na companhia, desta vez no valor de R$ 250 milhões, até a próxima segunda-feira, segundo fato relevante ao mercado.
Em teleconferência de resultados realizada agora, o CEO da empresa, Maurício Lopes, desacou que “em 2023, a gente vê uma companhia que gerou um prejuízo contábil e não teremos provisão de dividendos para 2024”. A partir de 2025, a empresa deve retomar o pagamento de dividendos. “Acontecerá quando entendermos que a companhia está em um patamar de estrutura sustentável para medio e longo prazo”, acrescenta. (Camille Bocanegra)
André Salcedo, CEO da Sabesp ( SBSP3 ), apresenta neste momento resultados do 4T23  a analistas de mercado.
O Conselho de Segurança da ONU não conseguiu aprovar nesta sexta-feira uma resolução que pedia um cessar-fogo imediato em Gaza como parte de um acordo para a libertação de reféns, depois que a Rússia e a China, que são membros permanentes e possuem poder de veto, votaram contra a medida proposta pelos EUA. A resolução pedia um “cessar-fogo imediato e sustentado” com duração de aproximadamente seis semanas, que protegeria os civis e permitiria a entrega de assistência humanitária. “ A grande maioria deste conselho votou a favor desta resolução, mas infelizmente a Rússia e a China decidiram exercer o seu veto”, disse a embaixadora dos EUA na ONU, Linda Thomas-Greenfield, ao Conselho de Segurança. Antes da votação, ela disse que seria um “erro histórico” o conselho não adotar a resolução. (Reuters)
Os principais índices acionários de Wall Street buscam direção nesta sexta-feira, embora estejam a caminho de obter fortes ganhos semanais, uma vez que os investidores comemoraram a postura de redução da taxa de juros do Fed. Todos os três principais índices dos EUA atingiram novos recordes de fechamento na quinta-feira, com o avanço das ações de chips após previsão positiva da Micron Technology e a sinalização do Fed de que ainda caminha para três cortes de juros este ano. Os operadores agora veem uma chance de 71% de que o primeiro corte ocorra em junho, em comparação com 56% no início desta semana, de acordo com a ferramenta FedWatch da CME. “Com os cortes de juros (em meados do ano) agora se tornando um pouco mais certos e uma nova recuperação nos rendimentos dos títulos parecendo improvável, as autoridades deram um novo impulso ao mercado”, disse Raffi Boyadjian, analista de investimentos da XM. (Reuters)
Após fala da secretária-adjunta do Tesouro Nacional, Paulo Bijos destacou que o esforço de arrecadação está mantido, mesmo com retirada da projeção de ganho com JCP. “Impacto não é tão relevante no dado global”, afirmou.
Estrategista cita oportunidades de aplicações no exterior, que fogem dos ruídos comuns por aqui, como político e fiscal.
O secretário de Orçamento Federal, Paulo Bijos, disse nesta sexta-feira que a nova projeção fiscal do governo não é um “sinal de conforto” e defendeu que as autoridades sigam atentas apesar de as contas públicas estarem “sob controle”. Bijos fez os comentários em coletiva de imprensa depois que os ministérios do Planejamento e da Fazenda projetaram nesta sexta-feira que o governo central fechará 2024 com déficit primário de 9,3 bilhões de reais, equivalente a 0,1% do Produto Interno Bruto (PIB), dentro da margem de tolerância estabelecida pelo arcabouço fiscal. Os mercados financeiros, num geral, têm visão bem mais pessimista para o resultado fiscal deste ano. (Reuters)
A empresa disse que planeja retomar a produção na segunda-feira, após um incêndio na noite de quarta-feira ter atingido uma determinada área da fábrica.
O dólar sobe frente ao real nesta sexta-feira, em linha com movimento de cautela externo, conforme investidores continuam repercutindo dados fortes dos EUA e também no aguardo de falas de autoridades do Fed. O dólar à vista sobe 0,17%, a 4,987 na venda, depois de mais cedo ter superado os R$ 5. Na B3, os contratos de dólar futuro sobem 0,23%, aos 4.987,50 pontos. “O dólar está em alta globalmente, e a situação não é diferente em relação ao real brasileiro, onde a valorização é um pouco mais consistente”, disse Diego Costa, chefe de câmbio para Norte e Nordeste da B&T Câmbio. “Investidores estão à procura de orientações nos discursos dos representantes dos bancos centrais, enquanto aguardam a divulgação das atas das últimas decisões de política monetária, nas quais poderemos obter uma compreensão mais clara dos motivos por trás da última decisão e das perspectivas futuras”. (Com Reuters)
Banco fez um balanço do mercado de renda fixa privada após mudanças do CMN nas regras de CRIs e CRAs.
No relatório de despesas e receitas apresentado pelos ministérios do Planejamento e Fazenda também houve revisão da LOA elaborada ano passado da taxa de câmbio do dólar, passando de R$ 5,03 para R$ 4,94. Já o preço médio do barril de petróleo saiu de US$ 82,34 para US$ 80,70.
Preço-alvo é de R$ 14 por ação B3SA3, implicando em 13% de valorização em relação aos níveis atuais.
Investidores em Wall Street começam o dia realizando algum lucro de dois dias de fortes altas geradas pela empolgação com anúncio do Fed e projeções de que três cortes das taxas podem acontecer em 2024. Art Hogan, estrategista-chefe de mercado da B. Riley Wealth, disse à CNBC que os investidores “sempre foram mais agressivos nas mudanças das taxas, o Fed entregou o gráfico de pontos e finalmente nos alinhamos”, disse ele. “Você obtém alguns dados de inflação que são um pouco mais quentes e acho que, realisticamente, o pensamentose tornou muito mais racional e se alinha bem com a posição do Fed agora”, acrescentou Hogan.
O relatório de despesas e receitas apresentado pelos ministérios do Planejamento e Fazenda há pouco aponta, no entanto, que o governo deverá bloquear R$ 2,9 bilhões do orçamento.
CPFL (CPFE3) cai 3,5%, para R$ 1,3 bi no quarto trimestre.
A Cemig (CMIG4) lucrou R$ 1,88 bi no 4º tri, alta de 34% e  pagará R$ 386,3 mi em JCP.
O Ibovespa opera nesta sexta-feira em queda de 0,30%, aos 127.774,14 pontos, com investidores de olho no Relatório de Receitas e de Despesas do Brasil. Caem as ações de Vale (VALE3), grandes bancos, B3 (B3SA3), construtoras, companhias de educação, frigoríficas, siderúrgicas e varejistas. No campo corporativo, a Magazine Luiza (MGLU3) aprovou aumento de capital de R$ 1,5 bi e propôs grupamento de 10 para 1 , as ações recuam 2%. As ações de Petrobras (PETR4) avançam hoje. O dólar comercial volta ao patamar de R$ 5,00 hoje , em alta agora de 0,32%, enquanto os juros futuros (DIs) operam em queda. No relatório divulgado hoje pelo Ministério da Fazenda, a projeção de resultado primário total para 2024 passou de -R$ 9,1 bilhões para -R$ 9,3 bilhões. Já a projeção para a Selic neste ano caiu de 9,8% para 9,6%, e a do dólar caiu de R$ 5,03 para R$ 4,94. Em Wall Street, índices futuros dos EUA operam com baixa, depois que os três principais índices de Nova York fecharam em máximas históricas na última quinta-feira, em meio à continuação de uma recuperação que começou após a última decisão do BC americano na quarta-feira. (Felipe Alves)
Os dados constam no Relatório de Receitas e Despesas Primárias do 1º bimestre de 2024, divulgado pelos ministérios da Fazenda e Planejamento. Pelo documento, o déficit previsto para o ano é de R$ 9,3 bilhões (0,1% do PIB).
A Sabesp ( SBSP3 ) encerrou o quarto trimestre de 2023 com lucro líquido de R$ 1,186 bilhão, o que representa um avanço de 84,7% ante o apurado no mesmo intervalo do ano anterior . No ano de 2023, o lucro somou R$ 3,523 bilhões, montante 12,9% maior que o apurado em 2022.
O presidente do Federal Reserve, Jerome Powell, abriu há pouco o evento “Fed Listens” sobre como os americanos estão vivenciando a economia, dizendo que a pandemia teve efeitos “duradouros” e que para fazer uma boa política monetária o banco central dos EUA não pode confiar apenas em dados macroeconômicos, mas precisa ouvir diretamente de pessoas e empresas. Ele não fez quaisquer comentários sobre as perspectivas para as taxas de juro, que o banco central manteve estáveis na faixa de 5,25%-5,5% na sua reunião desta semana. ( Reuters )
O dado consta no Relatório de Receitas e Despesas Primárias do 1º bi de 2024, divulgado pelos ministérios da Fazenda e Planejamento.
Banco do Povo da China estabeleceu uma taxa de referência diária mais fraca para o yuan internamente, o que foi interpretado como um sinal de que o PBoC está disposto a permitir que a moeda seja negociada em baixa.
O Morgan Stanley afirma que a distribuição teve volumes sólidos, provavelmente ajudados pelo mix tarifário. Já a geração, Ebitda avançou com a consolidação da Enercan. Na transmissão, também houve avanço do Ebitda. O Banco tem recomendação overweight para a CPFL ( CPFE3 ), com preço-alvo de R$ 38/ação.
O Kremlin afirmou nesta sexta-feira que os departamentos jurídicos dos bancos ocidentais entendem as “consequências catastróficas” que ocorreriam caso a União Europeia prossiga com os planos de confiscar os ativos russos. Alguns bancos ocidentais estão fazendo lobby contra as propostas da UE para redistribuir bilhões de euros em juros ganhos sobre os ativos russos congelados, disseram fontes seniores do setor, temendo que isso possa levar a um litígio dispendioso. Na quinta-feira, líderes da União Europeia concordaram em avançar com o trabalho em um plano para usar até 3 bilhões de euros por ano para fornecer armas à Ucrânia, enquanto tentam reforçar a luta de Kiev contra a Rússia, que ainda possuiria os ativos congelados subjacentes. Os líderes da UE disseram que os recursos poderiam ser usados dentro de alguns meses. (Reuters)
Petrobras ( PETR3 ; PETR4 ) anunciou há 154 dias alterações nos preços da gasolina. Sobre o diesel, a estatal determinou um reajuste há 87 dias. A Associação Brasileira dos Importadores de Combustíveis publica o estudo diariamente, de segunda a sexta.
O Magazine Luiza ( MGLU3 ) aprovou a proposta de grupamento da totalidade de suas ações na proporção de 10:1 que será submetida à apreciação da Assembleia Geral Extraordinária da companhia. O principal objetivo do grupamento é a redução da volatilidade das ações, diz o comunicado ao mercado. Por meio da proposta, será realizado o grupamento da totalidade das atuais 7.389.952.489 ações ordinárias (já considerando os efeitos do aumento de capital da companhia homologado em 21 de março de 2024), na proporção de 10 ações para 1 ação, sem modificação do capital social, que permanecerá em R$ 13,802 bilhões e passará a ser dividido em 738.995.248 ações.
O Conselho de Administração do Magazine Luiza ( MGLU3 ) aprovou a homologação total do aumento do capital social – foram subscritas e integralizadas 641.025.641 ações, ao preço de emissão de R$ 1,95 por Ação. Segundo a companhia, o aumento de capital tem por finalidade a aceleração dos investimentos em tecnologia, incluindo a expansão do Luizalabs e a evolução da plataforma de marketplace , experiência do usuário e dos serviços de advertising , fintech , fulfillment e Magalu Cloud, além da otimização da estrutura de capital da companhia.
O Bradesco BBI destaca que o Ebitda teve aumento de 73% na comparação anual. Além disso, a Sabesp ( SBSP3 ) teve aumento da receita líquida no período. Mas o BBI ressalta que o que impulsiona a ação é a privatização prevista para meados de 2024, sendo os próximos passos a divulgação das regras tarifárias finais que serão aplicadas à Sabesp após sua privatização, que deverão ser conhecidos até abril, e a definição e assinatura de novos contratos de concessão com mais de 300 municípios do estado de São Paulo, que precisam incluir a regulamentação, metas de cobertura de serviços, planos de investimentos específicos, penalidades, cobertura de metas etc.
Em nota assinada pelo ministro Jorge Messias, advogado-geral da União, a decisão do STF é classificada como “paradigmática para o Estado brasileiro”.
A presidente do Banco Central Europeu, Christine Lagarde, disse nesta sexta-feira aos líderes da União Europeia reunidos em Bruxelas que a taxa de inflação da zona do euro deve continuar caindo, enquanto o crescimento econômico começará a aumentar durante o ano. Ela acrescentou que a resiliência econômica da zona do euro precisa de maior produtividade, o que, por sua vez, exigiria maior investimento. A união do mercado de capitais é fundamental para promover o investimento, disse ela. (Reuters)
O Ibov fechou em queda, não sustentando a superação da média de 21 dias, anulando a formação da véspera. Segundo relatório de análise técnica da XP, assinado por Gilberto Coelho, um novo fechamento acima dos 129.560 traria de volta o sinal de alta com projeções nas resistências em 131.700 ou 134.390. Abaixo de 128.000 teria novo sinal de baixa mirando suportes nos 125.800 ou 122.500. O IFR apontou para baixa anulando o sinal de alta.
Fonte: Relatório Análise técnica da XP
A avaliação é do Morgan Stanley. A aquisição foi feita pela WAO, empresa sediada em Houston (EUA) focada no desenvolvimento de ativos de petróleo e gás em águas profundas. O banco mantém recomendação equal-weight para a Enauta ( ENAT3 ), com preço-alvo de R$ 15/ação.
Queda ocorre à medida que o apetite por ETFs à vista da criptomoeda diminui.
O Bradesco BBI que o volume total de contêineres cresceu, apesar dos fracos resultados em logística. O banco mantém recomendação outperform para a Wilson Sons, com preço-alvo de R$ 23/ação.
Na agenda de hoje, falas de Powell e relatório de receitas e despesas.
Confira o que esperar para o minidólar nesta sexta-feira (22).
O valor equivale a 7,53% das ações ordinárias em circulação da Companhia, para permanência em tesouraria, cancelamento ou posterior alienação, sem redução do capital social.
O presidente do Banco do Japão, Kazuo Ueda, disse que o banco central acabará reduzindo as compras de títulos e permitirá que as forças do mercado definam as variações das taxas de juros de longo prazo, sinalizando sua determinação em avançar de forma constante em direção à normalização da política monetária ultrafrouxa. O banco central japonês encerrou oito anos de taxas de juros negativas e outros resquícios de sua política monetária pouco ortodoxa na terça-feira, fazendo uma mudança histórica em relação a décadas de estímulos monetários maciços que tinham como objetivo reanimar a economia e acabar com a deflação. Embora o banco central também tenha abandonado o controle do rendimento dos títulos, ele se comprometeu a manter o ritmo mensal de compras de títulos em cerca de 6 trilhões de ienes (39,6 bilhões de dólares) por enquanto. (Reuters)
O Itaú BBA relata que a receita líquida diminuiu, impulsionada por mais um trimestre de perdas líquidas, lideradas por pequenas adições brutas, apesar da menor rotatividade. O banco destaca que a Qualicorp ( QUAL3 ) reportou um bom fluxo de caixa livre operacional. O BBA tem recomendação market perform para a Qualicorp, com preço-alvo de R$ 7/ação.
A Minerva informou que foi concluído com sucesso a oferta da 14ª emissão de Debêntures simples, no montante de R$ 2,0 bilhões, dividido em 3 séries.
Confira o que esperar para o mini-índice nesta sexta-feira (22).
As taxas de aprovação e de reprovação do governo Lula (PT) chegaram a patamares de empate técnico em março, aponta pesquisa Datafolha divulgada na última quinta-feira (21). Segundo o instituto, 35% dos entrevistados aprovam o governo, contra 38% em dezembro, o que indica uma oscilação negativa dentro da margem de erro (de 2 pontos percentuais para mais ou para menos). Já a reprovação ao governo do presidente Luiz Inácio Lula da Silva (PT) passou de 30% em dezembro para 33% em março, variação também dentro da margem, e os que avaliaram a gestão Lula como regular somam 30% (mesmo patamar da última pesquisa).
O Supremo Tribunal Federal (STF) decidiu nesta quinta-feira (21) derrubar o entendimento da própria Corte que autorizou a revisão da vida toda de aposentadorias do Instituto Nacional do Seguro Social (INSS). Por 7 votos a 4, o STF decidiu que os aposentados não têm direito de optarem pela regra mais favorável para recálculo do benefício.
O Bradesco BBI afirma que nos resultados do 4T23 da Copasa ( CSMG3 ) observa-se maior opex, compensado por maior receita, impulsionada pelo forte crescimento do volume de vendas. O banco reafirma recomendação neutra para a Copasa, com preço-alvo de R$ 21/ação.
Os preços do petróleo operam com leve alta, em meio à possibilidade de um cessar-fogo em Gaza que poderia aliviar as preocupações geopolíticas no Oriente Médio, enquanto um dólar mais forte e a procura vacilante de gasolina nos EUA também pesaram sobre os preços. As cotações do minério de ferro na China encerrou a semana em alta, devido à crescente expectativa de uma recuperação na demanda chinesa, em meio a sinais de melhora no consumo de aço.
O Índice de Confiança do Consumidor (ICC) do FGV IBRE subiu 1,6 ponto em março, para 91,3 pontos, após duas quedas consecutivas. Em médias móveis trimestrais, o índice continuou recuando, agora pelo sexto mês seguido, em 0,6 ponto, para 90,6 pontos.
Os mercados europeus operam mistos, depois que diversas bolsas atingiram máxima histórica na sessão anterior. Os movimentos do mercado ocorrem após uma enxurrada de decisões sobre taxas de juros nos últimos dias. O Banco Nacional Suíço surpreendeu os mercados na quinta-feira ao reduzir a sua taxa de juros em 0,25 pontos percentuais, para 1,5%. Já o Banco da Inglaterra manteve as taxas de juros conforme esperado na quinta-feira, mas sugeriu que cortes poderiam estar no horizonte, à medida que a inflação caísse mais rápido do que o previsto. Entretanto, o banco central da Noruega manteve a sua taxa de juro de referência inalterada e previu um único corte no custo dos empréstimos no final do ano.
A receita líquida da Cemig no quarto trimestre avançou 2,1% para R$ 9,95 bilhões.
Os mercados asiáticos fecharam fecharam sem direção única, com perdas na China e em Hong Kong e nova máxima histórica do índice japonês Nikkei. Na China continental, o Xangai Composto caiu 0,95%, a 3.048,03 pontos, à medida que a cautela prevaleceu antes da divulgação de indicadores chineses sobre lucro industrial e atividade econômica (PMIs), na próxima semana. Em Hong Kong, o Hang Seng teve queda ainda mais expressiva, de 2,16%, a 16.499,47 pontos. Em Tóquio, por outro lado, o Nikkei subiu 0,18%, a 40.888,43 pontos, encerrando os negócios em patamar recorde pelo segundo pregão consecutivo. Na terça-feira (19), o Banco do Japão (BoJ) elevou juros pela primeira vez em 17 anos, mas também prometeu manter condições monetárias acomodatícias.
No ano de 2023, o lucro somou R$ 3,523 bilhões, montante 12,9% maior que o apurado em 2022.
Os índices futuros em NY têm leve alta, caminhando para novos recordes. Os três principais índices dos Estados Unidos caminham para ganhos expressivos ​​esta semana, com o S&P 500 tendo ganhos de 2,4% e o Nasdaq subindo 2,7%. O Dow tem o melhor desempenho dos três, subindo quase 2,8% até o fechamento de quinta-feira e no ritmo de sua melhor semana desde dezembro. Em destaque, Jerome Powell, presidente do Fed, fala em evento da autoridade monetária sobre as perspectivas das condições económicas e como a experiência na pandemia remodelou a economia e a força de trabalho.
Os índices futuros dos EUA sobem em meio a uma recuperação impulsionada pela sinalização de que o Fed continua planejando cortar seu juros três vezes este ano. Os três principais índices de Nova York fecharam em máximas históricas na última quinta-feira, em meio à continuação de uma recuperação que começou após a última decisão do BC americano na quarta-feira. No Brasil, o presidente Lula continua se reunindo com ministros para melhorar comunicação, enquanto a popularidade do governo declina. O governo federal apresenta o Relatório de Avaliação de Receitas e Despesas Primárias do primeiro bimestre deste ano. Durante a apresentação, será informado o valor do bloqueio de despesas no orçamento do governo, que deverá ser de até R$ 3 bilhões. O documento avalia as contas públicas para definição da necessidade de cortar despesas do governo federal para cumprir as regras fiscais. Em indicadores, saem os dados da confiança do consumidor de março.
Os investidores em Wall Street seguiram a empolgação do comunicado do Federal Reserve (e a entrevista de seu presidente, Jerome Powell) sobre os próximos passos da política monetária, com destaque para possíveis três cortes de juros este ano e menos do que o programado em 2025, embora a cautela ainda persista . Apesar do entusiasmo recente, Julie Biel, da Kayne Anderson Rudnick, alerta que o mercado pode estar superexcitado com a perspectiva de três cortes este ano. “Precisamos reconhecer que não se trata de um golpe certeiro: conseguiremos três ou quatro cortes nas taxas”, disse a gestora. “Há dissidência suficiente e ainda há uma boa variação entre 2024 e 2025 sobre onde estarão as taxas”.
O dólar volta a subir diante do real, após a queda forte de ontem, em movimento similar ao da divisa norte-americana na comparação com as principais moedas do mundo, com o DXY em alta de 0,60%.
Maiores baixas
Maiores altas
Mais negociadas
Confira a evolução do IBOV durante a semana, mês e ano:
Acompanhe diariamente a cobertura sobre bolsa, dólar e juros a partir das 8 horas.
Sugestões, dúvidas e críticas entre em contato com o editor de Mercados Ao Vivo do InfoMoney: rodrigo.petry@infomoney.com.br.
IM Trader: notícias, análises, vídeos, podcasts e guias no novo canal do InfoMoney sobre Mercados .",InfoMoney,https://www.infomoney.com.br/mercados/ibovespa-hoje-bolsa-de-valores-ao-vivo-22032024/
infomoney_6117915df78a,2024-03-22,Sabesp,Saneamento,SBSP3,Sabesp (SBSP3) segue com meta de privatização até agosto; ações sobem após balanço,"Publicidade
As ações da Sabesp ( SBSP3 ) avançam 1,2%, cotadas a R$ 79,69, após a divulgação dos resultados do quarto trimestre, enquanto a companhia reafirmou as metas de privatização da estatal, durante teleconferência com analistas.
André Salcedo, presidente da companhia, explicou os próximos passos da desestatização e reforçou que o governo trabalha para, até agosto, fazer o follow-on (emissão de ações adicionais) – modelo escolhido pelo Governo do Estado de São Paulo para privatização da companhia de saneamento.
“A gente teve o fim da consulta pública. Nos próximos dias ou semanas, o Estado deve divulgar o relatório, o que foi aceito e o que não foi aceito, e os documentos finais da consulta pública”, disse.
Segundo o executivo, no avanço do processo, haverá uma deliberação pelo CDPED (Conselho Diretor do Programa de Desestatização do governo do Estado) para definir a governança e os conceitos gerais associados à oferta pública adicional de ações.
No ano de 2023, o lucro somou R$ 3,523 bilhões, montante 12,9% maior que o apurado em 2022
Salcedo prevê para início de maio a convocação de uma assembleia pela URAE – Unidades Regionais de Serviços de Abastecimento de Água Potável e Esgotamento Sanitário, que engloba 375 municípios que têm contrato com a Sabesp.
“A URAE votará para deliberar os documentos que foram para consulta pública, o regimento interno, os contratos e anexos, eleição das instâncias executivas e o conselho. Uma vez aprovado o contrato, estaria pronto para a assinatura do mesmo (para dar prosseguimento à privatização), que teria como partes a Sabesp e representantes da URAE, com a agência reguladora como interveniente”, explicou.
O executivo esclareceu ainda que em abril, também ocorrerá a conclusão da autorização para troca de controle por parte dos credores (waivers). “A gente tem dívidas em mercados de capitais, que demandam assembleia e isso já está em curso”, afirmou.
“Já disparamos os processos com os empréstimos bilaterais, locais e internacionais, e a gente deve ter uma convocação, após análise do CDPED da governança, para uma assembleia (geral extraordinária) que vai aprovar novo estatuto no mês de maio, antes do lançamento da oferta”, complementou.
André Salcedo disse que a Sabesp trabalha com a janela de final de maio a início de agosto para o processo de oferta adicional de ações, apresentando os dados do 1T24 no dia 9 de maio, atendendo, dessa forma, o regulamento para o follow on da CVM (Comissão de Valores Mobiliários) e a SEC (Securities and Exchange Commission, a CVM nos EUA – já que a ações da Sabesp são negociadas em Nova York).
Continua depois da publicidade
Durante a teleconferência de resultados, o executivo disse que a Sabesp tem um plano de 100 dias para garantir que se aproveite o “benefício” da transição da empresa de estatal para privada. “Tem um time dedicado trabalhando com isso, com as superintendências para entender a demanda da companhia (no período)”, comentou.
“No novo modelo do marco regulatório derivado da privatização da companhia, a gente vai trabalhar com contrato único. Os 375 municípios passam a ter novo contrato. O modelo regulatório que incentiva ganhos de eficiência e ganhos de produtividade, e compartilha isso com a companhia – o que é uma vitória”, afirmou.",InfoMoney,https://www.infomoney.com.br/mercados/sabesp-sbsp3-meta-privatizacao-agosto-acoes-balanco/
infomoney_7b5d9ec74863,2024-03-22,Sabesp,Saneamento,SBSP3,Problema com rede subterrânea da Enel prolonga falta de energia no centro de SP,"Publicidade
Problemas com a rede elétrica subterrânea da distribuidora da Enel em São Paulo têm prolongado as interrupções no fornecimento de energia a consumidores da região central da capital paulista pelo quinto dia seguido.
Os arredores de Santa Cecília e da Rua 25 de Março registraram apagão na segunda-feira (18) quando, segundo a Enel São Paulo, houve contato acidental de uma escavação da Sabesp com sua rede subterrânea. Os serviços chegaram a ser recompostos para grande parte dos consumidores, mas novas falhas surgiram na sequência.
Na manhã de hoje a concessionária informou que 40% dos clientes da região da Santa Cecília estavam com o serviço normalizado até a noite da véspera, enquanto na região da Rua 25 de Março o índice era de 98%. Já os moradores do Rua Paim voltaram a ter o reabastecimento da energia, conectados na rede ou por meio de geradores, disse a Enel.
No comunicado, a Enel ressaltou que o trabalho na rede subterrânea é “bastante complexo”, por envolver condições de temperatura e espaços confinados para acesso. “Equipes da companhia seguem trabalhando nos reparos da rede para normalizar integralmente o serviço. A companhia também tem mobilizado geradores para abastecer os clientes impactados enquanto atua nos reparos na rede elétrica”, disse a empresa.
No total, foram 25 geradores disponibilizados em diversos pontos da região central, segundo a Enel.
“A Enel lamenta os transtornos causados aos clientes que foram impactados nos últimos dias pelas ocorrências envolvendo a rede de distribuição subterrânea da companhia. Reitera que tem mobilizado todos os esforços e recursos para restaurar os parâmetros originais da rede afetada”, acrescentou.
Já na terça-feira desta semana, o Ministério de Minas e Energia soltou nota cobrando a empresa italiana a comprovar de forma “urgente” sua capacidade de continuar atuando no país, onde atende mais de 15 milhões de consumidores nos Estados de São Paulo, Rio de Janeiro e Ceará.
O último evento em São Paulo ocorre após fortes críticas à atuação da empresa desde um apagão de grandes proporções no Estado de São Paulo em novembro do ano passado, evento pelo qual a Enel foi multada em R$ 165,8 milhões. Na ocasião, um forte temporal, com ventos acima de 100 km/h, danificou pontos da rede elétrica e deixou milhões de consumidores sem luz por uma semana.
Na semana passada, um problema no fornecimento de energia levou à interrupção das operações no aeroporto de Congonhas, também na área de concessão da Enel São Paulo.",InfoMoney,https://www.infomoney.com.br/consumo/problema-com-rede-subterranea-da-enel-prolonga-falta-de-energia-no-centro-de-sp/
infomoney_6fde3fb7fff2,2024-03-22,Sabesp,Saneamento,SBSP3,"Minerva emite R$ 2 bi em debêntures, recompra de ações da Enauta e mais","Publicidade
O radar corporativo desta sexta-feira (22) traz a conclusão da emissão de debêntures pela Minerva (BEEF3). Já Enauta (ENAT3) aprovou recompra de ações.
B3 (B3SA3) aprova distribuição de JCP no valor de R$ 292,5 milhões . Rede D’Or (RDOR3) aprova JCP no valor de R$ 300 milhões . Enauta assina contrato para venda de fatia minoritária na BS-4 à WAO por US$ 301,7 mi
Na temporada de resultados, a Eucatex (EUCA4) registrou aumento de 12% do lucro recorrente no 4º trimestre . Copasa (CSMG3) teve lucro líquido de R$ 355,2 milhões no quarto trimestre de 2023 . Triunfo (TPIS3) reverte prejuízo e tem lucro líquido de R$ 39,3 mi no 4º trimestre . Wilson Sons (PORT3) lucra R$ 113,5 milhões no 4º trimestre, alta de 0,8% . Even (EVEN3) tem lucro líquido de R$ 57 milhões no quarto trimestre . Melnick (MELK3) vê lucro multiplicar por quase 5 vezes no 4º trimestre, a R$ 47,4 mi lhões.
Confira mais destaques:
A Minerva informou que foi concluído com sucesso a oferta da 14ª emissão de Debêntures simples, no montante de R$ 2,0 bilhões, dividido em 3 séries.
O Conselho de Administração da Enauta (ENAT3) aprovou o programa de recompra de 20 milhões de ações de emissão da companhia, equivalentes a 7,53% das ações ordinárias em circulação da Companhia, para permanência em tesouraria, cancelamento ou posterior alienação, sem redução do capital social.
A petroleira também informou nesta quinta-feira que assinou contrato com a Westlawn Americas Offshore (WAO) para venda de 20% de participação na Concessão BS-4, que inclui os campos de Atlanta e de Oliva. O valor da compra, por afiliadas da WAO, é de US$ 301,7 milhões, de acordo com o fato relevante da Enauta.
A Sabesp (SBSP3) reportou lucro líquido de R$ 1,18 bilhão no quarto trimestre, alta de 84,7% em base anual.
A Cemig (CMIG4) registrou lucro líquido de R$ 1,886 bilhão no quarto trimestre de 2023, um crecimento anual de 34,1%.
Continua depois da publicidade
A Qualicorp ( QUAL3 ) reportou prejuízo líquido de R$ 58,7 milhões no quarto trimestre de 2023 (4T23), montante 26,5% inferior ao reportado no mesmo intervalo de 2022, informou a companhia nesta quinta-feira (21).
A Eucatex ( EUCA4 ), empresa brasileira do setor de indústria de painéis e revestimentos de madeira, apresentou um resultado positivo no último trimestre de 2023. O lucro líquido recorrente foi de R$ 76,3 milhões, alta de 12,1%,
A Copasa ( CSMG3 ), Companhia de Saneamento de Minas Gerais, lucro R$ 355,2 milhões de forma líquida no quarto trimestre de 2023, número 32,4% maior do que os R$ 268,2 milhões do mesmo período de 2022.
Continua depois da publicidade
A Triunfo (TPIS3) reportou lucro líquido de R$ 39,3 milhões no quarto trimestre de 2023, revertendo o prejuízo de R$ 13,1 milhões registrado em igual período do ano anterior.
A Wilson Sons ( PORT3 ) divulgou seus resultados do quarto trimestre de 2023, apresentando um lucro líquido de R$ 113,5 milhões. Em comparação com o mesmo período do ano anterior, o lucro teve um aumento de 0,8%.
A construtora Even ( EVEN3 ) teve um lucro líquido de R$ 57 milhões no quarto trimestre de 2024, com um resultado final melhor do que o do ano passado, quando a empresa não teve nem lucro nem prejuízo.
Continua depois da publicidade
A Melnick ( MELK3 ) registrou aumento de 392,8% no lucro líquido no quarto trimestre de 2023 em relação a igual período de 2022, saindo de R$ 9,6 milhões para R$ 47,4 milhões.
O lucro líquido recorrente da Eucatex (EUCA4) foi de R$ 76,3 milhões no quarto trimestre de 2023, alta anual de 12,0%.
A MetalFrio registrou um lucro líquido de R$ 32,3 milhões, revertendo o prejuízo líquido de R$ 63,3 milhões do mesmo período do ano anterior.
Continua depois da publicidade
A Allied registrou lucro líquido ajustado de R$ 45,9 milhões no 4T23, alta anual de 96,3%.
A companhia também aprovou a proposta de pagamento de juros sobre o capital próprio (JCP) no valor de R$ 100 milhões, que corresponde a R$ 1,07272447623 bruto por ação.
Os JCP serão pagos em 31 de julho de 2024, beneficiando os acionistas que constem da posição acionária da Companhia no dia 15 de abril de 2024.
O Conselho de Administração da Rede D’or ( RDOR3 ) aprovou a distribuição de Juros sobre o Capital Próprio no montante bruto total de R$ 300 milhões, correspondentes a R$ 0,13303067754 por ação ordinária da Companhia.
O Conselho de Administração da B3 ( B3SA3 ) aprovou nesta quinta-feira (21) o pagamento, aos acionistas da Companhia, de juros sobre capital próprio (JCP), no valor total de R$ 292,5 milhões, equivalentes ao valor bruto de R$ 0,05232175 por ação.",InfoMoney,https://www.infomoney.com.br/mercados/minerva-emite-r-2-bi-em-debentures-recompra-de-acoes-da-enauta-e-mais/
infomoney_472aa4b52e52,2024-03-22,Sabesp,Saneamento,SBSP3,"Sabesp (SBSP3) tem lucro líquido de R$ 1,18 bilhão no 4º trimestre, alta de 84,7%","Publicidade
A Sabesp ( SBSP3 ), Companhia de Saneamento Básico do Estado de São Paulo, encerrou o quarto trimestre de 2023 com lucro líquido de R$ 1,186 bilhão, o que representa um avanço de 84,7% ante o apurado no mesmo intervalo do ano anterior. No ano de 2023, o lucro somou R$ 3,523 bilhões, montante 12,9% maior que o apurado em 2022.
O Ebitda (lucro antes de juros, impostos, depreciações e amortizações) ajustado somou R$ 2,964 bilhões nos últimos três meses de 2023, alta de 72,3% na comparação anual. Em 2023, o Ebitda foi de R$ 9,634 bilhões, um crescimento de 35,9% ante 2022.
A receita operacional líquida cresceu 22,4% de outubro a dezembro ante um ano, para R$ 7,262 bilhões. No ano de 2023, a receita totalizou R$ 25,568 bilhões, montante 15,9% maior que o registro no ano de 2022.
Em seu release de resultados, a empresa destaca que no ano passado, a receita operacional bruta relacionada à prestação de serviços de saneamento, a qual não considera a receita de construção, atingiu R$ 21,510 bilhões, com aumento de 15,5% ante 2022, impactadas pelo reajuste tarifário de 12,8% desde maio de 2022; reajuste tarifário de 9,6% desde maio de 2023; aumento de 3,0% no volume faturado total; e aumento na tarifa média por conta do maior aumento do volume faturado na categoria não residencial.
O resultado financeiro ficou negativo em R$ 1,588 bilhão em 2023, ante resultado também negativo de R$ 372,4 milhões do ano anterior.",InfoMoney,https://www.infomoney.com.br/mercados/sabesp-sbsp3-resultados-quarto-trimestre-2023/
infomoney_f089d135cd97,2024-03-21,Sabesp,Saneamento,SBSP3,Ibovespa Futuro tem leve baixa com mercado seguindo repercussão de Copom e Fed,"Publicidade
O Ibovespa Futuro opera em baixa nesta quinta-feira (21), com investidores repercutindo a decisão do Comitê de Política Monetária do Banco Central (Copom) de cortar a taxa de juros em 0,50 ponto percentual e do Federal Reserve (Fed) de manter a taxa de juros inalterada nos EUA.
No comunicado da última quarta-feira (20), o BC brasileiro passou a se comprometer com apenas mais um corte da Selic de 0,50 ponto porcentual e mencionou um aumento nas incertezas domésticas e externas, sem fornecer detalhes adicionais, que deverão aparecer na ata.
Na agenda de hoje, agentes do mercado devem ficar de olho na divulgação do Boletim Macrofiscal, com revisão de projeção oficial do governo para o PIB. Na semana passada, a Reuters informou que o Ministério da Fazenda vai manter sua projeção de alta do PIB de 2024 em 2,2%. Na véspera, fontes disseram que o governo federal bateu martelo em um bloqueio de R$ 2,9 bilhões no Orçamento, a ser anunciado na sexta-feira, diante da necessidade de compensar gastos obrigatórios acima do esperado.
No que diz respeito a temporada de balanços, depois do fechamento do mercado, Sabesp (SBSP3), Cemig (CMIG4) e CPFL (CPFE3) divulgam seus resultados.
Às 9h15 (horário de Brasília), o índice futuro com vencimento em abril operava com baixa de 0,15%, aos 130.230 pontos.
Índices de NY sobem após atingirem recordes de fechamento com decisão do Fed
Em Wall Street, índices futuros dos EUA operam com ganhos, ampliando os ganhos da véspera, quando o Federal Reserve (Fed) optou por manter a taxa de juros inalterada e reiterou a sinalização de três cortes de juros ainda neste ano, consolidando apostas de que o corte inicial virá em junho. O anúncio do Fed, que foi considerado mais “dovish” (brando) do que o esperado, levou Wall Street a novas máximas históricas de fechamento ontem.
Nesta manhã, o Dow Jones Futuro subia 0,24%, S&P Futuro avançava 0,40% e Nasdaq Futuro operava com alta de 0,86%.
O dólar comercial opera com baixa de 0,22%, cotado a R$ 4,964 na compra e na venda. Já o dólar futuro (DOLFUT) caía 0,10%, indo aos 4,965 pontos.
No mercado de juros, os contratos futuros operam com alta generalizada após a decisão do Copom, que retirou o plural do guidance, mesmo que ainda apontando mais um corte de 0,50pp na próxima reunião, reforçando as expectativas de desaceleração no ritmo de redução da taxa Selic no meio do ano. O DIF25 opera alta de 0,06 pp, a 9,96%; DIF26, +0,06 pp, a 9,85%; a DIF27, +0,04 pp, a 10,05%; DIF28, +0,03 pp, a 10,32%; DIF29 +0,02 pp, a 10,50%.
Continua depois da publicidade
Os preços do petróleo operam com leve baixa, após sinais de que o Fed poderá manter as taxas mais altas durante mais tempo, prejudicando as perspetivas para a procura futura de combustível.
As cotações do minério de ferro na China fecharam em alta, impulsionados pelas expectativas renovadas de maior flexibilização da política monetária chinesa e melhores margens do aço.
As bolsas da Ásia e do Pacífico fecharam majoritariamente em alta nesta quinta-feira, um dia após o Federal Reserve (Fed, o banco central dos EUA) reafirmar projeção de que cortará juros três vezes este ano e, ao mesmo tempo, deixar suas taxas inalteradas. Na volta de um feriado no Japão, o índice Nikkei subiu 2,03% em Tóquio, à nova máxima histórica de 40.815,66 pontos, enquanto o sul-coreano Kospi saltou 2,41% em Seul, a 2.754,86 pontos, o Hang Seng avançou 1,93% em Hong Kong, a 16.863,10 pontos, e o Taiex registrou ganho de 2,10% em Taiwan, a 20.199,09 pontos.
Continua depois da publicidade
Os mercados europeus também operam em alta, com os investidores da região atentos às últimas decisões de política monetária do Banco da Inglaterra, do Norges Bank e do Swiss National Bank. O Banco Nacional Suíço surpreendeu o mercado com a decisão de reduzir a sua taxa de juros em 0,25 ponto percentual, para 1,5%, dizendo que a inflação nacional deverá permanecer abaixo de 2% num futuro próximo.
Espera-se que o Banco de Inglaterra mantenha as taxas de juro inalteradas em 5,25% quando se reunir no final da sessão, mas economistas estarão à procura de sinais sobre quando poderá ocorrer o primeiro corte nas taxas.",InfoMoney,https://www.infomoney.com.br/mercados/ibovespa-futuro-tem-leve-baixa-com-mercado-seguindo-repercussao-de-copom-e-fed/
infomoney_935ac5644d80,2024-03-21,Sabesp,Saneamento,SBSP3,Day Trade Hoje: O que esperar dos minicontratos e do Ibovespa nesta quinta-feira,"Publicidade
O Ibovespa fechou a última sessão no positivo, completando o terceiro dia consecutivo em alta. Com isso, registrou alta de 1,25%, aos 129.124 pontos. O ativo rompeu a linha de tendência de baixa, negocia acima das médias e mostra que pode seguir com força nas compras. Porém, vale atenção, pois devido as altas recentes e distanciamento das médias, o ativo poderá buscar movimento corretivo.
Com base no gráfico de 60 minutos do Ibovespa, o analista gráfico Rodrigo Paz observa que o ativo rompeu a LTB, negocia acima das médias e reverte a tendência, com potencial para continuidade. Para isso, será necessário se manter acima dos 128.000 pontos e acima das médias para seguir buscando regiões mais altas.
Para que o ativo siga o fluxo comprador, deverá superar resistência nos 129.323/129.717 pontos. Segundo Paz, caso supere, tende a ganhar fôlego para buscar novas faixas de resistência. Rompendo tal região, poderá buscar resistências nos 130.215, com alvo mais longo nos 131.700/132.500 pontos.
Caso o ativo retome o fluxo vendedor, deverá romper a faixa de médias nos 128.550/128.233 pontos. Rompendo tal faixa, poderá ganhar fôlego a fim de buscar região de 127.500, com alvo mais na região de 126.270/126.070 pontos.
Na agenda de hoje, destaque para dados da arrecadação federal de fevereiro no Brasil, às 10h30, e fluxo cambial semanal, às 14h30. Às 14h00, a SPE divulgará o Boletim Macrofiscal de março. A safra de balanços continua, com balanços de Cemig, CPFL e Sabesp após o fechamento. Nos EUA, às 9h30 saem dados de pedidos de seguro-desemprego (consenso Lseg prevê 215 mil solicitações) e PMI de serviços e da indústria, às 10h45.
Às 7h40, os futuros em NY operavam em alta: Dow, +0,22%; S&P500, +0,33%; e Nasdaq, +0,68%. Na Europa, o Stoxx600 avança 0,52%, e na Ásia, a bolsa de Tóquio subiu 2,03% e de Xangai caiu 0,08%.
Nos EUA, o rendimento dos títulos de 10 anos caiu para 4,229%, e o índice do dólar (DXY) opera em queda de 0,42%, aos 103,40 pontos.
Enquanto isso, o petróleo do tipo WTI cai a US$ 81,19, com -0,11%, e o do tipo Brent recua 0,09%, a US$ 85,87.
Na bolsa de Dalian, o minério teve alta de 2,72%, a 849,50 iuanes, o equivalente a US$ 118,00.
Continua depois da publicidade
Os contratos de mini-índice (WINJ24) , com vencimento em abril, fecharam no positivo pelo terceiro dia consecutivo, registrando forte alta de 1,42%, aos 130.405 pontos.
Assim, com base no fechamento da véspera, aos 130.405, o analista técnico Rodrigo Paz aponta como resistências 130.655/130.775 (1), 131.295 (2) e 132.270 (3). Enquanto isso, os suportes encontram-se em 130.170/129.680 (1), 129.415 (2) e 129.000/128.500 (3).
“Para o pregão de hoje (quinta), os traders devem se atentar para possível continuidade altista e, para isso, deverá superar a faixa de resistência nos 130.655/130.775 pontos. Porém, aumenta a atenção para possível movimento de correção após sequência de altas”, aponta Paz.
Continua depois da publicidade
Os contratos de minidólar (WDOJ24) , com vencimento em abril, fecharam no negativo pelo segundo dia seguido, registrando forte baixa de 1,21%, aos 4.971 pontos.
Assim, com base no fechamento da véspera, aos 4.971 pontos, o analista técnico Rodrigo Paz aponta como suportes 4.963,5/4.959,5 (1), 4.949,5/4.941 (2) e 4.938/4.932,5 (3). Enquanto isso, as resistências encontram-se em 4.973,5/4.985,5 (1), 5.005 (2) e 5.011,5 (3).
Com base no gráfico de 15 minutos observa-se que o contrato do minidólar teve forte baixa na última sessão, onde rompeu para baixo a faixa de 5.000 pontos e tem potencial para continuidade.
Continua depois da publicidade
Confira, agora, os principais pontos de suporte e resistência para os minicontratos de dólar e de índice para esta quinta-feira.
Confira mais conteúdos sobre análise técnica no IM Trader . Diariamente, o infomoney publica o que esperar dos minicontratos de dólar e índice . Faça as operações mais certeiras da Bolsa com o apoio da Rico. Abra uma conta agora .",InfoMoney,https://www.infomoney.com.br/mercados/day-trade-hoje-analistas-21032024/
infomoney_4b886a95dbdb,2024-03-19,Sabesp,Saneamento,SBSP3,Parte do centro de SP está há 30 horas sem energia elétrica: o que diz a Enel?,"Publicidade
Parte da região central da capital paulista está, há cerca de 30 horas, sem energia elétrica. O apagão , que afeta bairros como Consolação, Bela Vista, Higienópolis, Vila Buarque e Santa Cecília, teve início na segunda-feira (18) por volta das 10h30. No meio da manhã desta terça-feira (19), a energia foi restabelecida em alguns pontos. Segundo o Ministério de Minas e Energia, a falta de energia atingiu 35 mil pessoas .
A concessionária responsável pelo fornecimento de energia, a Enel, foi procurada, mas não respondeu. Na segunda, a empresa disse que o apagão foi causado por uma obra da Companhia de Saneamento Básico do Estado de São Paulo (Sabesp) – que negou ter sido a responsável pelo corte da energia.
No site da concessionária há um único comunicado aos consumidores de São Paulo, publicado às 19h de segunda, informando que chuvas e ventos “que atingiram parte da área de concessão na tarde de ontem causaram a interrupção do fornecimento de energia para alguns clientes”. O texto não traz nenhuma previsão de retorno do fornecimento.
Em comunicado enviado por e-mail aos consumidores, a concessionária não deu previsão de retorno do fornecimento, apenas informou que os reparos são “complexos”.
“Sabemos que você está sem energia e isso se deve a uma ocorrência na rede subterrânea que atende a região central da cidade de São Paulo, ocasionando assim a interrupção do fornecimento. Os reparos são complexos e nossos técnicos estão trabalhando para restabelecer a energia o mais rápido possível”.
A Santa Casa de Misericórdia de São Paulo, no bairro de Santa Cecília, ficou quase 24 horas sem energia elétrica e precisou utilizar geradores para manter em funcionamento as áreas de internação e emergência. Atendimentos ambulatoriais e exames foram adiados. A instituição informou que, apenas na manhã de hoje, teve a energia religada.
O Hospital Santa Isabel, da Rede D’Or, também precisou da ajuda de geradores para manter o centro médico em funcionamento. Pacientes que precisaram fazer tomografias e ressonâncias tiveram de ser remanejados para outras unidades. A energia só foi restabelecida no local às 10h desta terça.
A OMA, empresa que administra condomínios na região da Bela Vista, encaminhou na tarde de hoje informe aos moradores pedindo para que façam economia de água, já que, sem o funcionamento das bombas elétricas, os reservatórios estão com nível baixo. No bairro, a energia ainda não havia retornado em sua totalidade até as 15h de hoje.
O Procon-SP notificou a concessionária Enel Eletropaulo, para que envie informações detalhadas sobre as diversas interrupções no fornecimento de energia elétrica que vêm ocorrendo na capital paulista desde a última sexta-feira (15), quando o aeroporto de Congonhas precisou interromper suas operações. No sábado (16), a falta de energia foi relatada na região da Rua 25 de Março durante a manhã.
Continua depois da publicidade
Em nota, o ministro de Minas e Energia, Alexandre Silveira, disse que oficiou a Agência Nacional de Energia Elétrica (Aneel) determinando “célere e rígida apuração dos fatos, bem como responsabilização e punição rigorosa da concessionária, que tem de forma reiterada apresentado problemas na qualidade da prestação dos serviços”.
Silveira convocou o presidente da concessionária à sede do Ministério de Minas e Energia, em Brasília, para que preste esclarecimentos. “A interrupção nesta segunda-feira se soma a diversas outras falhas na prestação dos serviços de energia elétrica pela concessionária Enel, que tem demonstrado incapacidade de prestação dos serviços de qualidade à população”. “É urgente a comprovação de que a empresa seja capaz de continuar atuando em suas concessões no Brasil”, disse na nota.
Em nota, a Agência Reguladora de Serviços Públicos do Estado de São Paulo (Arsesp) disse que a concessão da Enel é federal e que cabe à Aneel a fiscalização.",InfoMoney,https://www.infomoney.com.br/consumo/parte-do-centro-de-sp-esta-ha-30-horas-sem-energia-eletrica-o-que-diz-a-enel/
infomoney_f926da85eda8,2024-03-19,Sabesp,Saneamento,SBSP3,Governo federal sobe tom contra Enel em meio à renovação de concessões de energia,"Publicidade
O governo federal aumentou a pressão sobre a elétrica italiana Enel, cobrando nesta terça-feira (19) que ela comprove de forma “urgente” sua capacidade de continuar atuando no Brasil, onde a companhia opera três distribuidoras de energia com contratos vencendo nos próximos anos.
O endurecimento por parte do Ministério de Minas e Energia (MME) ocorre após nova ocorrência de interrupção de energia elétrica na cidade de São Paulo , que é atendida por uma das concessionárias da Enel. A falta de luz de segunda-feira causou prejuízo a cerca de 35 mil moradores e afetou hospitais, comércio e outras atividades, segundo a pasta.
Em comunicado, o ministério afirmou que o ministro Alexandre Silveira (PSD) encaminhou ofício à Agência Nacional de Energia Elétrica (Aneel) determinando célere e rígida apuração dos fatos e responsabilização e punição rigorosa da concessionária, “que tem de forma reiterada apresentado problemas na qualidade da prestação dos serviços”. Silveira também convocou o presidente da concessionária à sede do ministério, em Brasília, para que preste maiores esclarecimentos.
Procurada, a Enel afirmou que não vai comentar a nota do ministério.
Sobre o último apagão em São Paulo, a empresa afirmou que o contato acidental de uma escavação da Sabesp ( SBSP3 ) com sua rede elétrica subterrânea levou à interrupção de energia nos bairros de Higienópolis, Bela Vista, Cerqueira César, Santa Cecília e Vila Buarque. Disse também que, na manhã desta terça, o serviço estava restabelecido para 85% dos afetados.
Na véspera, houve um outra ocorrência, na rede subterrânea nas imediações da Rua 25 de Março, mas os serviços já foram totalmente normalizados. A Enel afirmou que, durante os trabalhos para recomposição em ambos os casos, clientes foram atendidos com geradores.
A área de fiscalização da Aneel já pediu à empresa explicação sobre outro apagão recente, que interrompeu as operações do aeroporto de Congonhas na semana passada. Questionada pelo InfoMoney , a agência reguladora disse estar avaliando as ocorrências para tomar as medidas cabíveis.
A última falta de luz em São Paulo ocorre após fortes críticas à atuação da empresa, desde um apagão de grandes proporções no estado de São Paulo em novembro do ano passado. Na ocasião, um forte temporal, com ventos acima de 100 km/h, danificou pontos da rede elétrica e deixou milhões de consumidores sem luz por uma semana.
A Enel São Paulo foi multa multada de R$ 165,8 milhões da Aneel pela demora em recompor os serviços aos consumidores em novembro do ano passado. Segundo a agência, embora a empresa esteja cumprindo com os parâmetros regulatórios de índices globais de qualidade dos serviços DEC (duração de interrupções) e FEC (frequência), houve “evidente piora” no atendimento a ocorrências emergenciais nos últimos anos.
Continua depois da publicidade
A Enel opera três concessões de distribuição de energia no país (São Paulo, Rio de Janeiro e Ceará) e tem mais de 15 milhões de consumidores. Ela precisará renovar seus contratos junto ao governo nos próximos anos para continuar operando nessas áreas.
O processo de renovação de concessões é mais amplo e envolve mais uma dezena de distribuidoras de energia, mas está atrasado e passa por um momento de indefinição.
O mercado espera que o governo publique um decreto com as diretrizes para que as empresas possam renovar os contratos, mas uma discussão sobre o tema ganhou força no Congresso Nacional. No mês passado, a Câmara aprovou urgência para um projeto de lei estipulando regras diferentes das colocadas até então pelo ministério para o processo.
Continua depois da publicidade
Em posicionamentos públicos recentes, Silveira têm afirmado que os contratos atuais de distribuição de energia são “frouxos” e que o governo deve elevar as exigências sobre qualidade dos serviços prestados pelas concessionárias. Uma das possibilidades é que os novos contratos das distribuidoras passem a incluir patamares mínimos de indicadores de DEC e FEC, com consequências mais rigorosas em casos de descumprimento.
A satisfação dos consumidores de energia com os serviços das concessionárias tem sido monitorada de perto pela Aneel, em agenda que ganhou destaque após eventos climáticos extremos afetarem os serviços em vários estados do país entre o fim de 2023 e o início deste ano.
Segundo a Aneel, as compensações pagas pelas distribuidoras no ano passado a consumidores, por interrupções na prestação dos serviços, alcançaram R$ 1,08 bilhão — um aumento de 41,2% em relação ao pago em 2022.
Continua depois da publicidade
Mas esses problemas no fornecimento aos consumidores não têm sido totalmente capturados pelos indicadores globais de DEC e FEC calculados pela Aneel. No ano passado, eles mostraram aumento da qualidade dos serviços prestados pelas distribuidoras.
Essa discrepância foi apontada pelo diretor Ricardo Tili, da agência reguladora, em recente reunião de diretoria. Ele diz que o consumidor não tem percebido essa melhora dos indicadores regulatórios calculados pela Aneel. “Os expurgos [para as distribuidoras] estão sendo maiores, acho que pode ser por causa dos eventos climáticos mais constantes… É um assunto que vale estar no radar, que às vezes o DEC regulatório não está dando o sinal correto”, afirmou Tili na ocasião.",InfoMoney,https://www.infomoney.com.br/politica/governo-federal-sobe-tom-com-a-enel-em-meio-a-renovacao-de-concessoes-de-distribuicao/
infomoney_9426951ab18b,2024-03-19,Sabesp,Saneamento,SBSP3,"Sabesp (SBSP3): BBA eleva projeções e vê ação a R$ 120,30 com atenção à privatização","Publicidade
O Itaú BBA reiterou recomendação outperform (desempenho acima da média do mercado, equivalente à compra) e elevou o preço-alvo para ação da Sabesp ( SBSP3 ) de R$ 83,60 para R$ 120,30 após atualizar estimativas com base na  abertura da consulta pública no que diz respeito à nova regulação. O novo preço-alvo representa um potencial de valorização de 58,2% frente a cotação da última segunda-feira (18) de R$ 76,01.
O governo do estado de São Paulo abriu recentemente um processo de consulta pública para discutir o novo modelo de contrato de concessão entre a Sabesp e os municípios, bem como diversos documentos detalhando o novo marco regulatório que fará parte do contrato de concessão. As partes interessadas tiveram até 15 de março para enviar suas contribuições. O BBA acredita que os termos propostos são equilibrados, permitindo à Sabesp criar valor se operar de forma eficiente e cumprir as metas de universalização, e penalizar a empresa se operar mal e não atingir as metas.
Analistas enxergam bastante espaço para ganhos de eficiência pós privatização, em especial no primeiro ciclo tarifário no qual a companhia deve capturar integralmente os ganhos. Eles assumem uma redução de aproximadamente 50% do opex unitário até 2028 (versus 2023).
A partir do segundo ciclo tarifário, analistas projetam uma taxa de compartilhamento de eficiência de 50%, mas lembram que esse percentual só será definido nos documentos finais da CP.
Com relação à governança, o BBA acredita que a definição do potencial investidor estratégico é um dos eventos mais importantes para esse papel olhando para a frente. Segundo relatório, a ação teve uma performance fraca nos últimos dias dada uma preocupação maior por parte do mercado em relação a esse tópico.
“Uma das possibilidades que tem sido levantadas é a de fazer um leilão separado para o estratégico a um preço diferente do resto do mercado, definindo um lockup mais longo, mas ainda há muita incerteza sobre a viabilidade dessa estrutura”, diz o relatório.
De acordo com o BBA, Equatorial [ EQTL3 ], Cosan [ CSAN3 ], Votorantim e Aegea estão analisando a oportunidade. Mesmo com essas incertezas mencionadas, o BBA ainda vê uma relação risco retorno muito atrativa para o papel, dado o valuation bem descontado. O papel está negociando a 0,87 vez o EV/RAB (EV = enterprise value, ou valor de mercado + dívida líquida”; RAB = base de ativos regulatórios), enquanto o preço-alvo implica em um múltiplo de 1,24 vez.",InfoMoney,https://www.infomoney.com.br/mercados/sabesp-sbsp3-bba-eleva-projecoes-e-ve-acao-a-r-12030-com-atencao-a-privatizacao/
infomoney_1e6d06733204,2024-03-18,Sabesp,Saneamento,SBSP3,Privatização da Emae: governo de SP publica edital e marca leilão para 19 de abril,"Publicidade
O governo de São Paulo marcou para 19 de abril o leilão de privatização da Empresa Metropolitana de Águas e Energia (Emae), operação que deve movimentar ao menos R$ 780 milhões na B3 ( B3SA3 ), em São Paulo, com a venda de 40% da companhia.
Entre os potenciais interessados pela Emae ( EMAE4 ) estão empresas como a Âmbar (braço de energia do grupo J&F), a francesa EDF, a Auren Energia ( AURE3 ), a CPFL Energia ( CPFE3 ) e a chinesa CTG, segundo o Broadcast. Há grupos avaliando a companhia há mais de seis meses, e alguns já inclusive fizeram visitas técnicas, segundo com fontes.
A Auren é a antiga Cesp, que também era estatal e foi totalmente privatizada pelo governo paulista em 2018 .  Antes, ela já havia sido cindida em três, e parte dos seus ativos pertencem hoje à AES Brasil ( AESB3 ).
Já a Emae é uma estatal que atualmente opera cinco usinas hidrelétricas (UHE), que somam 960,8 megawatts (MW) de potência instalada. A maior parte vem da usina hidrelétrica Henry Borden, em Cubatão (SP), que tem 889 MW de capacidade e contrato de concessão até janeiro de 2043.
Também compõem o portfólio as usinas de Porto Goés, Rasgão e Pirapora. A estatal paulista teve em 2023 receita operacional líquida de R$ 603,3 milhões e lucro líquido de R$ 150,5 milhões.
A data consta no edital publicado nesta segunda-feira (18) no site da Secretaria de Parcerias e Investimentos e é um leve adiamento em relação à data que o governador Tarcísio de Freitas (Republicanos) vinha indicando nas últimas semanas . Tarcísio tem dito também que o leilão da Emae “vai ser balado” .
O leilão é visto como um teste prévio para a venda da Sabesp ( SBSP3 ), que é uma operação consideravelmente maior e estava prevista para o primeiro trimestre, mas foi adiada. O governador disse na semana passada que, enquanto seu avançava na venda da empresa de energia do estado, tem trabalhado também para viabilizar a desestatização da companhia de saneamento.
Na data do leilão da Emae (19 de abril) haverá a sessão pública de abertura de envelopes dos proponentes, com a proposta de preço e a classificação dos lances. Caso existam ofertas com valores iguais ou até 20% inferiores ao da maior proposta, haverá disputa “viva-voz”.
Quatro dias antes do certame (15 de abril), será feita a sessão pública de recebimento dos envelopes de credenciamento, garantia de proposta, proposta de preço e documentos de habilitação. Neste mesmo dia, serão abertos os dois primeiros envelopes, de forma que, no dia 18 de abril, véspera do leilão, haverá a divulgação de decisão sobre eventual não aceitação de documentos de algum proponente.
Continua depois da publicidade
Estão sendo ofertadas 14.755.255 ações de emissão da Emae (14.704.274 ações ordinárias de classe única e 50.981 ações preferenciais de classe única), atualmente detidas pelo estado de São Paulo e pela Companhia do Metropolitano de São Paulo (Metrô), que correspondem a cerca de 40% do capital total da companhia .
O preço mínimo estipulado para a venda é de R$ 779,815 milhões, pois o edital estabelece que o preço mínimo do leilão, para o lote único das ações, foi definido em R$ 52,85 por ação. Ganhará o leilão a empresa que oferecer o maior valor por ação.
O preço final ainda será atualizado pela variação da taxa Selic entre a data da abertura da sessão pública do leilão e a data da liquidação do leilão, prevista para 5 de julho (após a conclusão de todas as aprovações e trâmites necessários).
Continua depois da publicidade
Além do leilão, o edital também prevê uma oferta das ações da Emae aos empregados, após a liquidação da venda, correspondente a 3.694.708 ações ordinárias de propriedade do estado de São Paulo (10% do capital social total da empresa). Essa oferta também ocorrerá ao preço de R$ 52,85 por ação, e os papéis não adquiridos nessa operação serão obrigatoriamente adquiridos pelo novo controlador.
A desestatização da Emae está prevista desde a década de 1990, e a sua concretização encerrará o processo de saída do governo paulista do setor de geração de energia.
(Com Estadão Conteúdo)",InfoMoney,https://www.infomoney.com.br/politica/privatizacao-da-emae-governo-de-sp-publica-edital-e-marca-leilao-para-19-de-abril/
infomoney_1c93fef2c3ef,2024-03-18,Sabesp,Saneamento,SBSP3,"Cogna, Braskem e mais dezenas de empresas divulgam balanços na semana; veja agenda","Publicidade
A Embraer ( EMBR3 ) deu o pontapé nos resultados do quarto trimestre de 2023 (4T23) da semana, que ainda contará com Braskem ( BRKM5 ), Magazine Luiza ( MGLU3 ) nesta segunda-feira (18) após o fechamento do mercado, enquanto Cogna ( COGN3 ) revela seus números na quarta-feira (20).
Cemig ( CMIG4 ) e Sabesp ( SBSP3 ) divulgam seus números na quinta (21). Confira o calendário:",InfoMoney,https://www.infomoney.com.br/mercados/cogna-braskem-e-mais-dezenas-de-empresas-divulgam-balancos-na-semana-veja-agenda/
infomoney_6d82c03db46c,2024-03-17,Sabesp,Saneamento,SBSP3,"Decisões de juros no Brasil e nos EUA, arrecadação e IBC-Br: o que olhar na semana","Publicidade
Nos últimos dias, o destaque no Brasil foi o crescimento da inflação acima do esperado, com IPCA acumulando alta de 4,50% em doze meses. Na semana que se inicia, o destaque fica para a Super Quarta, que será marcada pela decisão de juros pelo Comitê de Política Monetária do Banco Central (Copom) e do Federal Open Market Comittee (FOMC) do Federal Reserve (Fed), o equivalente dos EUA.
Assim, os olhares se voltam para a quase certa redução em 0,50 ponto percentual (p.p.) esperada para a taxa básica de juros no Brasil, a Selic, e para o comunicado que acompanhará a decisão. Se o corte para 10,75% ao ano (a.a.) não é visto com dúvida nem surpresa, as possíveis sinalizações da direção do Comitê e da magnitude dos próximos ajustes (em especial, após os dados mais elevados de inflação) serão o foco pós-encontro.
Antes disso, a semana começa com Índice Geral de Preços de março (IGP-10) que será divulgado pela Fundação Getúlio Vargas (FGV). O instituto também tornará conhecidos os dados semanais do Índice de Preços ao Consumidor (IPC-S). No mesmo dia, o Banco Central apresenta o índice IBC-Br de atividade econômica de janeiro, com previsão do Bradesco de alta de 1,4% na comparação mensal, enquanto a Secretaria de Comércio Exterior (Secex) divulga a balança comercial semanal.
No dia seguinte, será a vez da Fundação Instituto de Pesquisas Econômicas (FIPE) apresentar seu IPC semanal, enquanto o BC divulgará o relatório Focus, com projeções do mercado para PIB, Selic, câmbio e outros indicadores econômicos. A Confederação Nacional da Indústria (CNI) divulgará a sondagem industrial de fevereiro e a FGV apresentará o monitor do PIB de janeiro.
A quarta-feira será marcada, além da reunião do Copom, pelo indicador de Comércio Exterior de fevereiro e a sondagem da indústria de construção pela CNI. No dia seguinte, o BC apresenta o fluxo cambial semanal e, na sexta-feira, serão conhecidos os dados da sondagem do consumidor, de março, da FGV e os resultados setoriais – ICEI do mesmo mês, divulgados pela CNI.
Durante a semana, mas sem data definida, serão divulgados os dados de arrecadação de impostos do governo federal. A expectativa do Bradesco é de número forte para as receitas federais, auxiliando a manutenção da meta de saldo primário antes do primeiro relatório bimestral sobre as contas fiscais de 2024 (que será apresentado na sexta-feira). A projeção do banco é de arrecadação de R$ 185 bilhões.
No noticiário político, o Congresso Nacional tem prazo até 20 de junho para estabelecer parâmetros e estrutura da nova reforma do imposto sobre valor agregado (IVA). Além disso, no curto prazo, as negociações de impostos sobre a folha de pagamento devem seguir, com foco ainda nos impostos para pequenos municípios e setor de eventos (revogados na medida provisória MP 1208).
A temporada de resultados do quarto trimestre de 2023 trará os balanços de Embraer ( EMBR3 ) e nomes do setor educacional, como Cogna ( COGN3 ), e de saúde, como Dasa ( DASA3 ). O Magazine Luiza ( MGLU3 ), por sua vez, será destaque na segunda-feira.
Confira as datas:
Continua depois da publicidade
18 de março
Embraer
Braskem
Continua depois da publicidade
Grupo SBF
Itausa
Magazine Luiza
Continua depois da publicidade
Stone
Vamos
19 de março
Continua depois da publicidade
Blau
Desktop
Mills
Infracommerce
JSL
20 de março Allos Brisanet CSU Digital
Cogna
Dasa
Equatorial Energia
Hidrovias do Brasil
Locaweb Positivo
Santos Brasil
Tupy
Unifique Vivara Time for fun
RNI
21 de março
Alliaer
Allied
Cemig
CPFL Energia
Espaçolaser
Eucatex
Melnick Sabesp Even Gafisa Tecnisa
Qualicorp
22 de março
Metalfrio
Os olhares mundiais se voltam para a divulgação da taxa de juros dos EUA, ainda que seja esperada a estabilidade nas taxas. Assim como no Brasil, a maior expectativa é para o pós-decisão, no caso para o discurso de Jerome Powell, presidente do Federal Reserve, logo após o comunicado. Na ferramenta CME FedWatch, a maioria das apostas aponta para corte na reunião de 12 de junho. Até lá, no entanto, a expectativa é que a taxa se mantenha no intervalo atual de 5,25-5,50%.
A agenda dos EUA está praticamente esvaziada de indicadores na semana, com a divulgação apenas dos dados semanais de auxílio desemprego e do índice de atividade do Fed Filadélfia, com projeção do consenso LSEG de queda de 2,5.
No exterior, a Zona do Euro apresentará seu índice de preços do consumidor de fevereiro, na segunda, e o Japão anunciará decisão de política monetária, com projeção LSEG de 0,0%.
Na quinta-feira, será a vez da Alemanha, do Reino Unido e o bloco europeu divulgarem seu índice PMI Global composto de março. O país britânico anunciará sua taxa de juros, com expectativa de 5,25% pelo consenso LSEG.",InfoMoney,https://www.infomoney.com.br/mercados/decisoes-de-juros-no-brasil-e-nos-eua-arrecadacao-e-ibc-br-o-que-acompanhar-na-semana/
infomoney_bd0ece85cd17,2024-03-14,Sabesp,Saneamento,SBSP3,Ibovespa Futuro cai com atenção a dados nos EUA e balanços,"Publicidade
O Ibovespa Futuro opera em baixa nesta quinta-feira (14), com investidores à espera dados de inflação ao produtor (PPI, na sigla em inglês) e de vendas no varejo nos Estados Unidos, que podem levar a ajustes nas expectativas para a trajetória dos juros americanos este ano, enquanto investidores locais repercutem dados do varejo antes de balanços corporativos.
Após a forte queda verificada em dezembro, as vendas do comércio varejista no Brasil cresceram 2,5% em janeiro na comparação com o mês anterior. Ante janeiro de 2023, a alta foi de 4,1%. Os dados vieram bem acima do consenso LSEG de analistas, que previam alta de 0,2% na comparação mensal e de 1,3% na anual. Já o Ministério da Fazenda divulga o relatório Prisma Fiscal, que traz evolução das principais variáveis fiscais brasileiras sob a ótica de analistas do setor privado.
Às 9h15 (horário de Brasília), o índice futuro com vencimento em abril operava com queda de 0,16%, aos 129.155 pontos.
Investidores aguardam inflação ao produtor americano e dados de varejo no Brasil e EUA
O dia também terá balanços de Tenda (TEND3), Cyrela (CYRE3), Eneva (ENEV3), Eztec (EZTEC3), Renner LREN3), Yduqs (YDUQ3) e Sabesp (SBSP3).
Em Wall Street, índices futuros dos EUA operam mistos, após fortes ganhos na véspera, quando o S&P 500 fechou em uma alta recorde após dados de inflação ao consumidor dentro do esperado .
No noticiário político americano, Joe Biden e Donald Trump alcançaram o número de delegados necessários para concorrer às eleições pelos partidos Democrata e Republicano, respectivamente. Desta forma, os dois repetirão a disputa pela Casa Branca de 2020.
Nesta manhã, o Dow Jones Futuro subia 0,37%, S&P Futuro avançava 0,33% e Nasdaq Futuro registrava alta de 0,40%.
O dólar comercial opera com baixa de 0,21%, cotado a R$ 4,965 na compra e R$ 4,966 na venda. Já o dólar futuro (DOLFUT) caía 0,10%, indo aos 4.969 pontos.
No mercado de juros, os contratos futuros operam em alta. O DIF25 opera com alta de 0,02 pp, a 9,88%; DIF26, +0,04 pp, a 9,74%; a DIF27, +0,05 pp, a 9,96%; DIF28, +0,05 pp, a 10,25%; DIF29 +0,04 pp, a 10,40%.
Continua depois da publicidade
Os preços do petróleo sobem após uma queda surpreendente nos estoques de petróleo bruto dos EUA indicar o fortalecimento da demanda, enquanto possíveis interrupções na oferta após ataques ucranianos às refinarias russas também sustentaram os preços.
As cotações do minério de ferro na China fecharam no vermelho, com preocupações persistentes sobre a demanda na China, apesar da última promessa de Pequim de atualizações de equipamentos que limitou algumas perdas no início da sessão. O minério de ferro de referência para abril, SZZFJ4, na Bolsa de Cingapura, caiu 2,37 %, para US $ 103,05 a tonelada, o nível mais baixo desde 17 de agosto.
Os mercados asiáticos fecharam sem direção única e com variações modestas nesta quinta-feira, repetindo o comportamento de Wall Street ontem, em um dia marcado por falta de novos catalisadores.
Continua depois da publicidade
O índice Nikkei subiu 0,29%, a 38.807,38 pontos, depois de ficar no vermelho nos três pregões anteriores em meio a rumores de que o Banco do Japão (BoJ, pela sigla em inglês) se prepara para abandonar sua política de juro negativo, talvez já na reunião de política monetária da próxima semana. Na China continental, os mercados tiveram perdas leves a moderadas: o Xangai Composto caiu 0,18%, a 3.038,23 pontos, e o menos abrangente Shenzhen Composto recuou 0,59%, a 1.758,09 pontos.
As bolsas europeias operam majoritariamente em alta na manhã desta quinta-feira, ampliando ganhos recentes e com novas máximas intraday dos índices acionários de Frankfurt e Paris, enquanto investidores aguardam dados econômicos relevantes dos EUA. Mais cedo, o índice acionário alemão DAX atingiu a pontuação inédita de 18.027,56 pontos, enquanto o francês CAC 40 também estabeleceu novo recorde intraday, a 8.209,98 pontos.",InfoMoney,https://www.infomoney.com.br/mercados/ibovespa-futuro-cai-em-compasso-de-espera-por-dados-nos-eua-e-balancos/
infomoney_dfacda890ddd,2024-03-13,Sabesp,Saneamento,SBSP3,Eletrobras: pagamento de R$ 36 bi ao governo pode encerrar litígio; valerá a pena?,"Publicidade
A expectativa de um acordo entre a Eletrobras ( ELET3 ; ELET6 ) e o governo para que o último retire o pleito sobre o limite de votos de 10% segue no radar dos investidores e, de acordo com o Bradesco BBI, é um dos três principais catalisadores para desbloquear valor para a Eletrobras- que também inclui a concretização da recuperação pós-privatização (correndo bem) e expectativas sobre a recuperação dos preços da eletricidade (que recentemente melhorou um pouco, segundo o banco).
O governo pediu, em ação assinada pelo presidente Luiz Inácio Lula da Silva, que o poder de voto da União volte a ser proporcional à sua participação no capital social da Eletrobras. Após a privatização da companhia, em junho de 2022, a União manteve cerca de 42% de participação na empresa. Contudo, um dos dispositivos na lei de privatização da Eletrobras limita o poder de voto de qualquer acionista a no máximo 10% das ações.
A disputa se arrasta desde maio de 2023 e, como é de conhecimento do mercado, o Supremo Tribunal Federal (STF) solicitou que o governo e a Eletrobras tentassem chegar a um acordo para resolver a questão. Os analistas citam que, embora haja pouca informação disponível sobre o progresso das negociações, as expectativas gerais são de que um acordo será alcançado em breve.
Por enquanto, o banco apontou ter apenas uma ideia geral dos termos e que o acordo poderia envolver, entre outras coisas, a Eletrobras concordando em pagar cerca de R$ 36 bilhões antecipadamente em impostos setoriais ao governo – que a empresa teria de pagar durante um período de 22 anos de qualquer maneira.
Com isso em mente, o BBI analisou o impacto do pagamento na alavancagem da companhia e se uma oferta primária de ações seria necessária. Na avaliação de analistas, o balanço da empresa poderia absorver o pagamento antecipado de impostos do setor de R$ 36 bilhões. Contudo, como o valor da dívida bruta resultante seria entre R$ 90 bilhões a 100 bilhões, uma oferta subsequente (follow on) poderia ajudar a reduzir a exposição a futuras oscilações do mercado de crédito.
No cenário conservador, o banco ajustou a dívida líquida para adicionar o empréstimo compulsório e as obrigações tributárias setoriais, menos o caixa mantido em depósito e  ações da ISA Cteep ( TRPL4 ) detidas pela Eletrobras a valor de mercado. Com isso, antes de qualquer pagamento antecipado ser feito, a Dívida Líquida/ Ebitda para covenants é de 1,4 vez entre 2024 e 2026 e aumentaria para 3,8 vezes em 2024, 3,3 vezes em 2025 e 3,0 vezes em 2026.
Leia mais:
Eletrobras: atuação do governo pode enfraquecer elétrica em negociação sobre voto?
Segundo cálculos do banco, ao assumir o pagamento global de impostos setoriais de R$ 36 bilhões em valor presente líquido (VPL), a alavancagem seria de 3,6 vezes em 2024, 3,1 vezes em 2025 e 2,9 vezes em 2026, menor em comparação com o ajuste simples acima como impostos setoriais para o 3T23 de R$ 38 bilhões.
Continua depois da publicidade
Já o pagamento antecipado em três parcelas anuais levaria a Dívida líquida / Ebitda para 2,6 vezes em 2024, 2,6 vezes em 2025 e depois subiria para 2,9 vezes em 2026 ( mesmo nível do cenário de pagamento integral).
Para analistas, uma oferta de ações de R$ 5 bilhões a 10 bilhões (11% a 22% do free float do ELET3) reduziria a alavancagem de 2025 em 0,2 vez a 0,5 vez, para uma faixa de 2,9 vezes – 2,6 vezes.
No contexto em que a Eletrobras chegue a um acordo com o governo para resolver o litígio sobre o limite de votos, uma oferta pública de ações para ajudar a conter a alavancagem seria bem-vinda, diz o BBI, sendo um movimento globalmente positivo (incluindo a redução na taxa de desconto). Um efeito colateral de uma oferta de R$ 5 bilhões a 10 bilhões poderia ser que, se o governo não acompanhar, ele seria diluído para 44%a 42% do capital votante, contra os atuais 46,5%.
Continua depois da publicidade
O BBI ressalta que a Eletrobras é uma das três principais escolhas para o ano fiscal de 2024, que também inclui a Sabesp ( SBSP3 ; por conta das expectativas de privatização) e a Copel ( CPLE6 ; por conta do case de turnaround pós-privatização). O banco mantém classificação outperform (desempenho acima da média do mercado, equivalente à compra) para a ação PNB ELET6 da Eletrobras, com preço-alvo de R$ 62.
(com Agência Brasil)",InfoMoney,https://www.infomoney.com.br/mercados/eletrobras-elet3-pagamento-de-r-36-bi-ao-governo-pode-encerrar-litigio-valera-a-pena/
infomoney_0a92f537c604,2024-03-12,Sabesp,Saneamento,SBSP3,Aegea volta ao jogo pelo controle da Sabesp,"Publicidade
A privatização da Sabesp voltou ao radar da Aegea. Embora possa soar natural que a maior operadora privada de saneamento se interesse pela estatal que é a maior empresa do setor na América Latina, o modelo que se desenhava para desestatização não agradava a companhia.
“A ideia inicial que nos passaram, de ser uma base pulverizada de acionistas, uma corporation como foi a privatização da Eletrobras , não nos interessava. Mas, com o formato atual que circula na mídia, voltamos a estudar a Sabesp”, explica Radamés Casseb, CEO da Aegea, ao IM Business após gravação com os gestores da Kinea Ruy Alves e André Figueira, em que tratou do tema.
O modelo de privatização, em fase final de elaboração, prevê que a Sabesp tenha um acionista de referência com pelo menos 15% do capital da empresa e uma trava (“ lock-up ”) de cinco anos para que esse acionista esteja engajado nos cerca de R$ 60 bilhões de investimentos que deverão ser feitos até 2029, em um esforço para cumprir as metas do Marco do Saneamento até 2033. “Para nós, que somos operadores puros, seria interessante um lockup até maior”, acrescentou Casseb.
Dos pouco mais de 50% que o governo de São Paulo tem no capital da Sabesp, a ideia é que uma fatia entre 20% e 30% seja vendida na Bolsa por meio de um follow-on , abrindo espaço para um acionista de referência e mais outros acionistas relevantes. Além de Aegea, circulam nomes de empresas como Acciona, Votorantim, Cosan e Pátria Investimentos.
Na conversa com os gestores, que será um episódio do podcast Kafé com Kinea desta quarta-feira (13) às 18h, Radamés Casseb contou como a empresa vem operando dois de seus principais ativos conquistados nos últimos anos: a Águas do Rio, maior operadora do Rio de Janeiro com a privatização da Cedae, e a gaúcha Corsan, que atua na maior parte do Rio Grande do Sul, à exceção de Porto Alegre.
Casseb relembrou a história da compra de três dos quatro blocos da Cedae leiloados em 2021, em um investimento de R$ 17,6 bilhões da Aegea. “Quando saiu o edital, montamos um quartel general em um hotel para estudarmos profundamente o ativo para preparar uma proposta. Durante o processo, convencemos nossos investidores [Equipav, GIC e Itausa] de que o risco de inadimplência é menor do que se tem de percepção. Quem não pagaria R$ 20 por mês para ter água e esgoto tratado? Esses clientes não tinham essa oportunidade”. Com um pipeline de R$ 15 bilhões em investimentos, com a maior parte já viabilizada, a meta é também garantir a despoluição da Baía de Guanabara e do Aterro do Flamengo.
No Rio Grande do Sul, onde a Aegea é sócia da Kinea e da Perfin na Corsan, o executivo conta como estão sendo os passos iniciais da companhia no estado, como ter que lidar com ciclones extratropicais que ocorreram no estado semanas após assumir a empresa, em um conturbado leilão em que pagou R$ 4,15 bilhões pelo ativo mais o compromisso de investir R$ 15 bilhões para dar acesso à água e esgoto aos 317 municípios gaúchos atendidos pela empresa.",InfoMoney,https://www.infomoney.com.br/business/aegea-volta-ao-jogo-pelo-controle-da-sabesp/
infomoney_5373d0690b8d,2024-03-12,Sabesp,Saneamento,SBSP3,"Tarcísio diz que privatização da Emae “vai ser badalada, com muito sucesso”","Publicidade
O governador de São Paulo, Tarcísio de Freitas (Republicanos), disse na segunda-feira (11) que pretende concluir o edital da privatização da Empresa Metropolitana de Águas e Energia (Emae) nos próximos dias e aposta em um “leilão badalado” em 10 de abril .
A Emae ( EMAE4 ) opera atualmente cinco usinas, que somam 960,8 megawatts (MW) de potência instalada. A maior parte vem da usina hidrelétrica (UHE) Henry Borden, em Cubatão (SP), que tem 889 MW de capacidade e contrato de concessão até janeiro de 2043. Também compõem o portfólio as estações de Porto Goés, Rasgão e Pirapora.
O leilão é visto como um teste prévio para a venda da Sabesp ( SBSP3 ), que é uma operação consideravelmente maior e estava prevista para o primeiro trimestre, mas vai atrasar. Tarcísio disse ontem que, enquanto seu governo avança na venda da empresa de energia do estado, tem trabalhado para viabilizar a da companhia de saneamento.
O governador disse também que a operação deixará um legado para São Paulo. “É um projeto maravilhoso, e de fato vamos poder comemorar daqui a alguns anos o Rio Tietê despoluído, o Rio Pinheiros despoluído”, afirmou o político durante evento CNN Talks.
Em relação à participação do governo na Sabesp, Tarcísio afirmou que isso ainda não está definido. Ele disse estar focado em uma agenda de infraestrutura que envolve a licitação de rodovias e da Linha 3 da CPTM, entre outros.
Leia também: • Após embate entre Lula e Netanyahu, Tarcísio aceita convite de Israel e vai ao país
O governador de São Paulo também disse que, nos próximos dias, deve avançar com o projeto do túnel que interligará Santos e Guarujá, uma parceria com o governo federal . “Chegaremos ao final do ano entregando esse presente para a Baixada Santista.”
No anúncio da parceria, no início de fevereiro, Tarcísio e o presidente Luiz Inácio Lula da Silva (PT) trocaram afagos (veja no vídeo abaixo) . O túnel imerso foi incluído nas obras do Novo Programa de Aceleração do Crescimento (PAC) e será resultado uma parceria público-privada (PPP) com R$ 5,8 bilhões em investimentos previstos.
(Com Estadão Conteúdo)",InfoMoney,https://www.infomoney.com.br/politica/tarcisio-diz-que-privatizacao-da-emae-vai-ser-badalada-com-muito-sucesso/
infomoney_044f90917427,2024-03-11,Sabesp,Saneamento,SBSP3,O que falta para a oferta da Sabesp (SBSP3) ser um sucesso? BBI aponta melhorias esperadas,"Publicidade
O Bradesco BBI acredita que é preciso fazer ajustes nas regras tarifárias para que a oferta de ações da Sabesp ( SBSP3 ) atinja o resultado esperado, que é conseguir cerca de R$ 20 bilhões no follow on previsto para meados do ano. As regras tarifárias preliminares para a Sabesp estão em consulta pública até o dia 15 de março . Em relatório, os analistas do banco de investimento avaliam que as normas propostas afetam de forma negativa o preço esperado para o papel da empresa de saneamento, mas ainda assim o negócio é considerado interessante, com uma TIR (taxa interna de retorno) de 11,7%.
O preço-alvo para o papel está em R$ 111, com recomenda outperfom (desempenho acima da média, equivalente à compra) e potencial de valorização de 38%. “Somos conservadores, considerando que o valuation da Sabesp privatizada está distorcido para cima”, justificaram.
Esse preco-alvo é um valor ponderado entre o valor estimado hoje para da Sabesp privatizada, que é de R$ 100, e a valorização esperada até o final de ano, em que o papel chegaria a R$ 114.
Para o Bradesco BBI, embora o preço-alvo esteja abaixo desses R$ 114, há a expectativa de que a consulta pública possa melhorar as condições tarifárias para a empresa.
A principal preocupação é garantir que a empresa privada tenha condições para alcançar a universalização  dos  serviços  de  saneamento até 2029,  conforme prometido pelo Estado de São Paulo, e que as regras tarifárias ajudem a atrair investidores.
Entre os pontos que podem ser melhorados, na avaliação do BBI, está o uso do RAB (Base de Ativos Regulatórios) para estimar o retorno das revisões; como será a partilha das multas a partir do segundo ciclo tarifário; mais definições sobre o “fator x”; é uma provisão para devedores duvidosos baixa.
Os analistas também veem como importante a definição do nível das despesas operacionais regulatórias inicias e a definição da curva de compartilhamento de eficiência das despesas.",InfoMoney,https://www.infomoney.com.br/mercados/o-que-falta-para-a-oferta-da-sabesp-sbsp3-ser-um-sucesso-bbi-aponta-melhorias-esperadas/
infomoney_47fabd3541b4,2024-03-04,Sabesp,Saneamento,SBSP3,"Após balanço e mudanças na gestão, Ibiuna troca Itaú (ITUB4) por Bradesco (BBDC4)","Publicidade
A temporada de resultados levou a algumas mudanças dentro da Ibiuna Investimentos. Em carta mensal, a gestora diz que manteve boa parte da carteira, mas que trocou uma posição que detinha em Itaú Unibanco ( ITUB4 ) por uma em Bradesco ( BBDC4 ) em fevereiro.
Por outro lado, alocações em Localiza ( RENT3 ), Vivara ( VIVA3 ), Petrobras ( PETR3 ) e ( PETR4 ), Cielo ( CIEL3 ), BB Seguridade ( BBSE3 ), Vale ( VALE3 ), shopping centers ( ALOS3 ) e ( MULT3 ), além de Eletrobras ( ELET3 ) e Sabesp ( SBSP3 ) permaneceram praticamente inalteradas no portfólio do mês passado.
A alteração, que consta no documento do Ibiuna Long e Short STLS FIC FIM, vem após um balanço bem abaixo das projeções de analistas no quarto trimestre de 2023, seguido por conversas com a nova gestão e apresentação de um plano estratégico focado em um horizonte de cinco anos, por parte do banco.
Nos cálculos da casa, as ações do Bradesco negociam a 0,90 vezes o valor de mercado em relação ao valor do patrimônio líquido da empresa, o que a gestora acredita ser um “ponto interessante de investimento”.
“Os próximos trimestres serão desafiadores para o banco, mas o pior parece ter ficado para trás e os novos administradores são capacitados e tem autonomia para fazer o que for necessário para a companhia voltar a apresentar sua rentabilidade normalizada”, destacaram os especialistas da Ibiuna.
O Bradesco ( BBDC4 ) registrou aumento de 80,4% no lucro líquido recorrente no quarto trimestre de 2023 (4T23) em relação a igual período do ano passado, saindo de R$ 1,595 bilhão para R$ 2,878 bilhões.
O 4T22 foi marcado por uma provisão à toda a exposição que tinha à Americanas, que entrou em recuperação judicial em janeiro do ano passado. Apesar da alta do lucro, o resultado ficou bem abaixo da média da LSEG, que projetava lucro de R$ 4,57 bilhões e ficou 37,7% abaixo do registrado no terceiro trimestre do ano passado.
Já o lucro líquido contábil foi de R$ 1,703 bilhão no período, um crescimento de 18,5% frente aos R$ 1,437 bilhão de um ano antes.
No ano, o lucro líquido recorrente foi de R$ 16,3 bilhões, número 21,2% menor que o do ano de 2022, afetado pelas despesas com PDD (provisão para devedores duvidosos) e contração da margem financeira com clientes. Para conter riscos, o banco freou as concessões de crédito em linhas mais arriscadas, o que reduziu o crescimento das receitas.
Continua depois da publicidade
Um dos fatores que deixaram alguns analistas mais otimistas com o papel recentemente envolve um plano estratégico , que foi anunciado em fevereiro deste ano.
Depois que Marcelo Noronha substituiu Octavio de Lazari Junior no cargo de CEO, alguns diretores deixaram o banco. Após as alterações, Noronha disse que via um custo de operações menor com as mudanças nas diretorias.
“A gente acabou com alguns cargos de diretoria e encurtou camadas hierárquicas. A gente quer criar sucessão, potencializar talentos, mas acabou a vinculação de cargo e função. Um diretor executivo pode responder a mim ou tocar uma unidade específica. A gente está reduzindo o nosso grupo de diretores mesmo fazendo reconhecimentos e promoções. A comunicação vai ser mais fluida”, afirmou Noronha em apresentação a jornalistas na época. O banco informou também que, com a reestruturação, vai trazer executivos de mercado para cargos “C-level”.
Continua depois da publicidade
Com o novo plano, o Bradesco pretende aumentar o market share (participação de mercado) do crédito expandido a cerca de 15% a 19% e deseja acelerar a transformação no segmento alta renda e estabelecer novas iniciativas em pequenas e médias empresas, crédito e varejo digital.",InfoMoney,https://www.infomoney.com.br/onde-investir/apos-balanco-e-mudancas-na-gestao-ibiuna-troca-itau-itub4-por-bradesco-bbdc4/
infomoney_3c2d879a0798,2024-03-04,Sabesp,Saneamento,SBSP3,Sabesp (SBSP3): XP vê chance de privatização de 80% e eleva preço-alvo para R$ 110,"Publicidade
A XP Investimentos revisou suas estimativas para Sabesp ( SBSP3 ) considerando o novo modelo regulatório proposto, os resultados financeiros mais recentes e o aumento da probabilidade de a privatização ocorrer. Com base nisso, a instituição financeira manteve a recomendação de compra e elevou o preço-alvo de R$ 80 para R$ 110.
O novo preço-alvo considera as seguintes probabilidades: 20% de chance de a companhia manter-se estatal, 40% de privatizar com um parceiro estratégico e 40% de privatizar como uma Corporation.
O time análise da XP avalia que a nova proposta foi uma notícia positiva, pois reduziu o risco regulatório para a empresa. Também acredita que o governo está se movendo de acordo com o cronograma da privatização, e acredita que as chances de privatização aumentaram consideravelmente com os recentes acontecimentos nos âmbitos político e regulatório.
Desde a última atualização da corretora em outubro, vários acontecimentos mostram que a privatização pode ocorrer até meados de 2024, o que levou a XP elevar a probabilidade de privatização para 80% em suas estimativas.
Analistas destacam a aprovação do projeto de lei na Assembleia de São Paulo, o marco regulatório proposto, a derrota de várias ações judiciais contra o processo e o apoio político de participantes importantes, como o prefeito da cidade de São Paulo.
Segundo relatório, ainda há muitas etapas essenciais a serem cumpridas, tais como: (i) as aprovações municipais; (ii) o modelo de governança que será implementado para a Companhia; (iii) a seleção do parceiro estratégico (as notícias mais recentes afirmam que esse parceiro teria uma participação de 15% com um período de lock-up de 5 anos e seria escolhido em um leilão antes da oferta pública); e (iv) a oferta pública na bolsa de valores.
A XP também comenta que modelo inclui o reconhecimento do capex anual nas tarifas, em comparação com a estrutura anterior, que incluía o capex em uma base prospectiva nos ciclos de revisão tarifária. Também está considerando períodos de cinco anos para as revisões. Com relação ao compartilhamento de eficiência, a corretora assume 50% de compartilhamento na segunda revisão e 75% nas revisões seguintes.
Em termos de avaliação, a XP disse que tem a preocupação de que potenciais parceiros estratégicos possam reconsiderar suas ofertas se o preço das ações ultrapassar suas metas internas de retorno. Além disso, acredita que os investidores prefiram uma parceria estratégica a um cenário de “Corporation”. Diante disso, o Valuation de 1,0 vez o EV/RAB (EV = enterprise value, ou valor de mercado + dívida líquida”; RAB = base de ativos regulatórios) parece ser uma referência importante para os investidores estratégicos que buscam a aquisição. “Um valor adicional provavelmente viria de uma operação mais eficiente do que os níveis regulatórios devido ao know-how do parceiro estratégico”, destacam.
Considerando que a privatização ocorrerá, analistas vêem um cenário em que um parceiro estratégico é escolhido e outro em que a “Corporation” se materializa.
Continua depois da publicidade
Com um parceiro estratégico, segundo relatório, os ganhos operacionais devem ser obtidos mais rapidamente, dada a experiência do parceiro – nesse caso, a XP acredita que a empresa alcançaria um preço-alvo de R$ 127 por ação.
Como uma corporation, esses ganhos devem ser obtidos em um ritmo mais lento e talvez nem sejam totalmente obtidos – nesse caso, a empresa teria um preço-alvo de R$ 115 por ação. Para fins de valuation, a instituição financeira atribuiu probabilidades iguais para cada cenário (40%) e 20% de que a privatização não ocorra (preço-alvo de R$67/ação). Com esses três cenários, a XP tem um preço-alvo ajustado por  probabilidades para a Sabesp de R$ 110,0 por ação.",InfoMoney,https://www.infomoney.com.br/mercados/sabesp-sbsp3-xp-ve-chance-de-privatizacao-de-80-e-eleva-preco-alvo-para-r-110/
infomoney_1f6a19f28532,2024-03-01,Sabesp,Saneamento,SBSP3,As ações mais indicadas para março; CYRE3 entra e ASAI3 deixa a lista,"Publicidade
Após um tombo de quase 5% em janeiro, o Ibovespa subiu 1% em fevereiro, para 129.020 pontos. No acumulado dos dois primeiros meses do ano, o desempenho está negativo em 3,9%.
Mais uma vez, os analistas fizeram várias trocas nas carteiras recomendadas de ações, mas a maioria dos destaques se manteve em março em relação ao mês passado. Vale ( VALE3 ) segue firme no topo do pódio, com nove indicações, seguida de Itaú Unibanco ( ITUB4 ), que agora ocupa sozinho o segundo lugar, com cinco.
A novidade do mês fica por conta de Cyrela ( CYRE3 ), com quatro apontamentos, mesma quantidade de Localiza ( RENT3 ), Petrobras ( PETR4 ), Sabesp ( SBSP3 ) e Vivara ( VIVA3 ), que permanecem no rol das preferidas. Assaí ( ASAI3 ) perdeu uma recomendação e deixou a lista.
Confira as análises sobre cada empresa:
Todos os meses, o InfoMoney analisa as carteiras recomendadas por dez corretoras, apontando as cinco companhias mais indicadas. Em caso de empate, o número pode ser maior, como ocorreu novamente. Veja a seguir as sete empresas mais citadas em março, a quantidade de recomendações e os desempenhos de cada papel em fevereiro, em 2024 e em 12 meses:
A empresa estreou em um dos portfólios selecionados e é a novidade de março, com um total de quatro escolhas. Para o BTG Pactual, os números de 2023 mostram que a companhia vem entregando resultados operacionais sólidos e consistentes, mesmo em um cenário desfavorável para o segmento de habitação de média/alta renda. Com o horizonte de queda dos juros, os analistas esperam condições mais favoráveis de hipoteca para os compradores de imóveis, o que beneficiaria a Cyrela.
Mesmo com a queda recente no preço do minério, a companhia se mantém como preferidas dos especialistas, presente em nove carteiras indicadas para março – uma a menos em relação ao mês passado. Apesar das incertezas em relação ao ambiente externo, sobretudo na China, a Vale segue como destaque por conta da evolução operacional com controle de custos, mostrando uma alocação de capital disciplinada e sem deixar de entregar um retorno elevado aos acionistas, diz a BB Investimentos.
“Os investidores seguem preocupados com a recuperação da economia chinesa, o que sinaliza a possibilidade de que novos incentivos sejam adotados pelo governo local no curto prazo que, consequentemente, poderia contribuir para a elevação da demanda de minério e sustentação de seus preços.”
Sob a liderança do presidente Milton Maluhy, o banco vem passando pela transformação digital mais efetiva entre os incumbentes, o que permitirá ampliar a sustentabilidade do retorno sobre o patrimônio (ROE) em comparação com os pares, afirma o BTG.
Continua depois da publicidade
“Além disso, no início de fevereiro, o banco reportou um quarto trimestre melhor do que o esperado, um dividendo extraordinário de R$ 11 bilhões (yield de 3%) e um guidance sólido.” Conforme o BTG, as premissas sugerem um lucro líquido de R$ 40 bilhões para o Itaú neste ano, o que representaria um aumento de 12%, em base anual.
“Estamos incluindo Localiza na carteira em razão da queda das suas ações nos últimos meses”, diz a Ativa Investimentos. Com um cenário adverso no curto prazo para a venda de veículos seminovos, uma parcela relevante dessas expectativas já foi incorporada nas precificações vistas recentemente sobre a companhia, abrindo uma margem de segurança atrativa para o papel, afirma a corretora.
Segundo a BB Investimentos, a petrolífera segue apresentando bons resultados operacionais e financeiros, aproveitando-se dos investimentos feitos para reduzir os custos de extração, graças ao ganho de escala e novas tecnologias.
Continua depois da publicidade
“Esperamos que a Petrobras siga com rentabilidade atrativa, ainda que os novos segmentos mais ligados a [energias] renováveis tenham retornos menores do que a média do portfólio do pré-sal no curto prazo.”
A empresa permanece como uma das principais recomendações da Ágora Investimentos no setor de utilidades públicas, tendo a privatização ainda como a principal tese de investimento para o curto prazo. Levando em conta o avanço no processo de venda, a corretora diz ter aprofundado a análise sobre a companhia e chegou a um novo preço-alvo, de R$ 111 por ação.
A Santander Corretora espera que 2024 se desdobre como mais um ano positivo para a Vivara. A instituição destaca a meta de abertura de 70 a 80 lojas, juntamente com o amadurecimento das unidades recém-inauguradas, o que deve suportar a continuidade do crescimento das vendas. Outra expectativa dos analistas é quanto ao aumento das margens bruta e Ebitda.",InfoMoney,https://www.infomoney.com.br/onde-investir/acoes-recomendadas-marco-2024/
infomoney_6a38450b064d,2024-02-29,Sabesp,Saneamento,SBSP3,Tarcísio confirma leilão de privatização da Emae para 10 de abril,"Publicidade
O governador do Estado de São Paulo, Tarcísio de Freitas (Republicanos), confirmou nesta quinta-feira (29), que o leilão para privatização da Empresa Metropolitana de Águas e Energia (Emae) deve ocorrer em 10 de abril.
O governador já havia dito que o leilão seria no primeiro semestre . Ele é visto como um teste prévio para a venda da Sabesp ( SBSP3 ), que é uma operação consideravelmente maior e estava prevista para o primeiro trimestre, mas houve atraso na definição do processo.
A declaração de Tarcísio foi dada durante leilão da privatização do Trem Intercidades Eixo Norte, que vai conectar a capital paulista a Campinas, no interior do estado. O grupo Comporte, da família dos fundadores da companhia aérea Gol ( GOLL4 ), foi o único a apresentar proposta e venceu a disputa .
O Comporte opera o sistema metroferroviário da região metropolitana de Belo Horizonte e participou do leilão em consórcio com a CRRC, de Hong Kong, que afirma ser a maior fornecedora de equipamento ferroviário do mundo. Eles ofereceram um desconto de 0,01% sobre a contraprestação máxima que o governo de São Paulo terá que desembolsar para viabilizar o projeto (cerca de R$ 8 bilhões).
A Emae ( EMAE4 ) opera atualmente cinco usinas, que somam 960,8 megawatts (MW) de potência instalada. A maior parte vem da usina hidrelétrica (UHE) Henry Borden, em Cubatão (SP), que tem 889 MW de capacidade e contrato de concessão até janeiro de 2043. Também compõem o portfólio as estações de Porto Goés, Rasgão e Pirapora.
A empresa encerrou setembro com receita líquida de R$ 603 milhões, no acumulado em 12 meses, e patrimônio líquido de R$ 1,16 bilhão. A companhia tem também diversos ativos imobiliários que serão incorporados ao processo de privatização.
(Com Estadão Conteúdo)",InfoMoney,https://www.infomoney.com.br/politica/tarcisio-confirma-leilao-de-privatizacao-da-emae-para-10-de-abril/
infomoney_ab520634cb03,2024-02-22,Sabesp,Saneamento,SBSP3,Justiça nega liminar de sindicato contra consulta pública da Sabesp,"Publicidade
A Justiça de São Paulo negou liminar pedida pelo Sindicato dos Trabalhadores de Água, Esgoto e Meio Ambiente do Estado de São Paulo (Sintaema) para adiar consulta e audiências públicas sobre o novo contrato de concessão da Sabesp ( SBSP3 ). As audiências começam amanhã, sexta-feira (23).
Segundo o governo Tarcísio de Freitas (Republicanos), que pretende privatizar a Sabesp ainda no primeiro semestre, serão oito audiências — uma virtual e sete presenciais — nas seguintes cidades: São Paulo, Santos, São José dos Campos, Registro, Franca, Presidente Prudente e Lins. O processo, iniciado há uma semana, deve durar cerca de 30 dias .
O juiz Antonio Augusto Galvão de França, da 4ª Vara da Fazenda Pública de São Paulo, entendeu que a consulta pública não é uma exigência da lei estadual que autorizou a desestatização da Sabesp. “Pelo contrário, foi uma iniciativa proativa do governo de São Paulo, e por isso ela ‘se insere como ato discricionário da administração estadual'”, afirmou o magistrado em sua decisão. “Portanto, não caberia ao Judiciário julgar o processo ‘em antecipação ao início dos trabalhos da consulta'”.",InfoMoney,https://www.infomoney.com.br/politica/justica-nega-liminar-de-sindicato-contra-consulta-publica-da-sabesp/
infomoney_f42109b25338,2024-02-16,Sabesp,Saneamento,SBSP3,"Sabesp não é “sexy”, mas pode te enriquecer: por que ação tem potencial para ao menos dobrar?","Publicidade
Sabesp definitivamente não é a empresa mais comentada pelo mercado ao longo dos anos. O setor dela é “chato”, sem grandes novidades, com apenas três companhias listadas, sendo todas estatais.
Desde o marco do saneamento, o assunto começou a esquentar e ganhou espaço nas discussões de investimento. Porém, a “batata assou” mesmo com a privatização, justamente neste momento da história.
Cada vez mais as casas de análise dos grandes bancos estão divulgando relatórios da empresa, quase todos com perspectivas otimistas. Alguns investidores e fundos de investimento passaram a se movimentar, ainda que de forma tímida, e adicionaram posições no papel em suas respectivas carteiras.
A ação atingiu um patamar superior a R$ 80 na bolsa. Poucos falam com profundidade sobre o caso e, aparentemente, para muitos, o momento da Sabesp já passou. Bom, como no Stock Pickers nós temos alergia a opinião rasa, decidimos investigar:
Fabiano Custódio, CIO e gestor na Miles Capital, uma casa focada em ações, cobre o setor e a companhia desde 2004. São duas décadas de cobertura, ele é uma das grandes referências do país no tema.
A Sabesp faz parte do portfólio da casa há alguns anos e contribuiu positivamente para os resultados da gestora, que completou mais de 6 anos de história. Nas contas de Fabiano, nem tudo “já está no preço” e o papel ainda demonstra oportunidade de valorização considerável.
Continua depois da publicidade
A privatização deve trazer melhorias e maior eficiência para a empresa; e a regulação, no que foi apresentado até aqui, mostra um caminho brilhante pelo menos até 2030. Para ele, é o começo de uma história que deve levar a Sabesp ao posto de maior “ utility ” da América Latina.
No cenário da Miles, a Sabesp deve passar dos R$ 200 por ação.
Obviamente que existem riscos e não necessariamente isso deve se materializar, mas a conclusão é que existe muito espaço para valorização e pouco de perda. É a principal posição da casa há algum tempo e permanece dessa forma, mesmo após as altas observadas.
Continua depois da publicidade
Passamos quase uma hora inteira detalhando tudo da companhia. É impressionante o quanto o Fabiano domina sobre o assunto. O resultado dessa conversa está no último episódio do Stock Pickers. Não perca.",InfoMoney,https://www.infomoney.com.br/stock-pickers/sabesp-nao-e-sexy-mas-pode-te-enriquecer-por-que-a-acao-pode-pelo-menos-dobrar/
infomoney_b62be29ea20b,2024-02-16,Sabesp,Saneamento,SBSP3,"Privatização da Sabesp está caminhando dentro do cronograma, diz Tarcísio","Publicidade
O governador de São Paulo, Tarcísio de Freitas (Republicanos) , anunciou, na quinta-feira, 15, a abertura de consulta pública para debater o novo contrato de concessão da Sabesp. Em entrevista coletiva no Palácio dos Bandeirantes, ele destacou que o processo de privatização segue o cronograma estabelecido pelo Estado .
De acordo com Tarcísio, a consulta pública terá sete sessões presenciais e uma virtual, “para quem não tiver condições de participar de nenhuma das anteriores”. A ideia é que o processo leve 30 dias.
Segundo o governador paulista, além do contrato, serão discutidos os 375 anexos técnicos – um para cada município atendido pela Sabesp -, “assim como a nova regulação tarifária e o plano de investimentos que inclui a universalização, redução de perdas, modernização das redes de abastecimento, automação, tratamento avançado de esgoto e melhoria da resiliência hídrica, entre outros”.
A secretária de Meio Ambiente, Infraestrutura e Logística, Natália Resende, que também participou da coletiva, afirmou que, no contrato atual da Sabesp, não existem “penalidades muito bem definidas”, enquanto o novo modelo contará com um sistema mais bem estruturado para garantir o cumprimento de metas da companhia.
As penalidades, segundo apresentação do governo, incidirão sobre tarifas da empresa “de modo a criar incentivos necessários para cumprimento contratual”. A secretária também voltou a afirmar que a privatização vai garantir uma redução da tarifa da água, mudando a lógica tarifária da Sabesp. Segundo ela, investimentos também serão incorporados à tarifa após realização das obras.",InfoMoney,https://www.infomoney.com.br/politica/privatizacao-da-sabesp-esta-caminhando-dentro-do-cronograma-diz-tarcisio/
infomoney_d172812b2701,2024-02-15,Sabesp,Saneamento,SBSP3,"Petrobras (PETR4), Bradesco (BBDC4) e MRV (MRVE3) puxam Bolsa para cima; Vale (VALE3) e B3 (B3SA3) recuam","NY fecham em alta, em mais um dia de recuperação; dólar tem leve queda de 0,07%
O volume de negócios hoje foi de 4,116 milhões.
Confira a evolução do IBOV durante a semana, mês e ano:
Investidores em Wall Street voltaram às compras hoje, após as grandes vendas de terça e a retomada do investimento ontem, ajudados pelos Treasuries em queda. Os investidores passaram a semana avaliando a situação da economia dos EUA, mas uma série de indicadores deram sinais confusos até agora. Novos dados da manhã de hoje revelaram que as vendas no varejo caíram 0,8% em janeiro. Isso é muito mais do que o declínio de 0,3% esperado pelos economistas. Isto levantou alguma preocupação sobre a força do consumidor dos EUA sob o peso da inflação rígida e das altas taxas de juros, e fez com que os rendimentos do Tesouro caíssem, ao mesmo tempo em que é justamente o freio que o Fed quer ver com sua política restritiva.
Eficiência operacional e bons números marcam a temporada de resultados do quarto trimestre de 2023.
Com a agenda esvaziada no Brasil, novamente os investidores se voltaram para o exterior e, em especial, para o mercado norte-americano de títulos.
Batizada de Sora, IA ainda está em fase de testes .
O dólar tem segunda queda seguida diante do real, no mesmo movimento da divisa norte-americana na comparação com as principais moedas do mundo, com o DXY em baixa de 0,41%. O câmbio variou com o mercado vendo dados econômicos decepcionantes de grandes economias como um sinal de que os principais bancos centrais não persistirão muito tempo com a política monetária restritiva .
Após levantar US$ 20 milhões com o Banco do Brasil, startup pretende viabilizar operações de financiamento aos produtores .
A Airbus cedeu à pressão para retornar dinheiro a investidores com um dividendo extraordinário e falou sobre seus planos de produção de aviões, apesar de uma nova cobrança de 200 milhões de euros em sua problemática divisão espacial. A maior fabricante de aviões comerciais do mundo reportou alta de 4% no lucro operacional ajustado, para 5,8 bilhões de euros em 2023, enquanto a receita subiu 11%, para 65,4 bilhões. A Airbus propôs um dividendo regular inalterado de 1,8 euro por ação e um dividendo extraordinário de 1 euro por papel. Segundo o diretor financeiro da Airbus, Thomas Toepfer, a empresa decidiu pelo dividendo extraordinário para agir rapidamente e sinalizar que está cumprindo suas promessas de distribuição de proventos. ( Reuters )
Os preços subiram mesmo com os compradores observando a fraca previsão de demanda global para 2024, depois que a Agência Internacional de Energia previu que a demanda cresceria 1,2 milhão de barris por dia este ano, uma queda de quase 50% em relação ao crescimento de 2,3 milhões bpd em 2023. “Embora o crescimento da demanda deste ano seja muito mais lento do que o de 2023, os estoques globais de petróleo ainda deverão diminuir ao longo do ano se a OPEP mantiver a produção baixa, como esperado”, disse um analista à CNBC.
“A nova proposta de regime regulatório para a Sabesp ( SBSP3 ) já foi publicada e parece boa”, resume o J.P.Morgan. “As notas técnicas sobre o novo marco tarifário da empresa privatizada estavam em sua maioria alinhadas com o que foi originalmente indicado pela ARSESP, mas a confirmação/redução de risco deste catalisador crucial é uma notícia positiva. Reiteramos nossa classificação em SBSP3, com a ação ainda proporcionando uma valorização potencial de 52% no melhor cenário”. No momento, a alta é de 2,11%.
O diretor do Federal Reserve Christopher Waller defendeu hoje o dólar como dominante no comércio internacional, uma vantagem fundamental para a economia dos EUA no cenário global. “Comentários recentes alertando sobre um possível declínio no status do dólar levantam preocupações sobre os efeitos das sanções contra a Rússia, a disfunção política dos EUA, o aumento dos ativos digitais e os esforços da China para reforçar o uso do yuan”, disse Waller em uma conferência patrocinada pelo Global Interdependence Center e pela Universidade das Bahamas em Nassau. ele lembrou que o aumento do uso de ativos digitais, como as stablecoins , que são predominantemente vinculadas ao dólar, tende a aumentar o perfil internacional da moeda norte-americana, observou Waller. ( Reuters )
A máxima está em R$ 4,983 e a mínima, em R$ 4,957.
Os dados são preliminares e fazem parte das estatísticas referentes ao câmbio contratado. Pelo canal financeiro, houve saídas líquidas de US$ 1,445 bilhão em fevereiro até dia 9. Por este canal, são realizados os investimentos estrangeiros diretos e em carteira, as remessas de lucro e o pagamento de juros, entre outras operações. Pelo canal comercial, o saldo foi positivo em US$ 1,450 bilhão . Na semana passada, de 5 a 9 de fevereiro, o fluxo cambial total foi positivo em US$ 321 milhões . No acumulado do ano até 9 de fevereiro, o fluxo cambial total está positivo em US$ 5,203 bilhões . No mesmo período do ano passado, o fluxo estava positivo em US$ 7,336 bilhões . ( Reuters )
Os EUA não seguirão o caminho do Reino Unido e do Japão, que entraram em recessão, por ter uma recuperação fundamentalmente mais forte que tem permitido gastos saudáveis dos consumidores norte-americanos, com os gastos do governo Biden em infraestrutura e energia limpa fomentando o investimento empresarial, disse a assessora econômica da Casa Branca, Lael Brainard, nesta quinta-feira. Brainard disse a repórteres em uma conferência de economia que o crescimento contínuo dos EUA ajudaria a apoiar a economia global, inclusive para os países em desenvolvimento. “Como a inflação caiu tão rapidamente, prevemos que o ambiente será bastante benigno” para os EUA, disse Brainard, diretora do Conselho Econômico Nacional da Casa Branca. (Reuters)
O dólar ronda a estabilidade frente ao real, a R$ 4,974 (+0,04%) depois de ter subido na véspera, com o mercado reagindo a dados econômicos dos EUA após leituras mostrarem que Japão e Reino Unido entraram em recessão. Dados de mais cedo mostraram que as vendas no varejo dos EUA caíram muito mais do que o esperado em janeiro, pressionadas por concessionárias de automóveis e postos de gasolina. Ao mesmo tempo, “as recessões técnicas no Japão e no Reino Unido não afastam os investidores das compras, com a percepção da chegada do fim da campanha de juros altos pelos BCs derrubando as taxas de juros globais”, disse Nicolas Borsoi, economista-chefe da Nova Futura Investimentos. Os dados de hoje vieram depois que números de terça-feira mostraram uma alta maior do que a esperada no índice de preços ao consumidor dos EUA em janeiro, o que levou investidores a adiarem novamente as projeções para um primeiro corte de juros pelo Fed. (Com Reuters)
Os preços do petróleo encontram apoio no enfraquecimento do dólar, após as vendas no varejo dos EUA terem caído mais do que o esperado em janeiro, disse Phil Flynn, analista do Price Futures Group. Os futuros caíram cerca de 1% no início do pregão, depois que a Agência Internacional de Energia, com sede em Paris, previu que a demanda cresceria 1,2 milhão de barris por dia este ano, uma queda de quase 50% em relação ao crescimento de 2,3 milhões de bpd em 2023. A oferta, entretanto, deverá exceder a procura e crescer 1,7 milhões de bpd este ano, impulsionada principalmente pela maior produção nos EUA, Brasil, Canadá e Guiana, de acordo com a AIE.
Petróleo WTI, +2,07%, a US$ 78,23 o barril Petróleo Brent, +1,78%, a US$ 83,05 o barril
Com Gol fora do Ibovespa, as ações da MRV puxam as perdas do índice, com queda de cerca de 36% em 2024.
Volume, apesar de elevado, corresponde a apenas metade do que União deixa de arrecadar com poupança e menos de 2% de todos os gastos tributários previstos para 2024.
Estrategistas do Bank of America elevaram a classificação das ações dos grandes bancos brasileiros para “overweight” em seu portfólio para América Latina, citando melhora em tendências operacionais, conforme relatório enviado nesta quinta-feira a clientes. David Beker e equipe, contudo, ressaltaram que permanecem seletivos, preferindo Itaú (ITUB4), BTG Pactual (BPAC11) e Banco do Brasil (BBAS3) a Bradesco (BBDC4). No relatório sobre o portfólio de ações da região, eles acrescentaram que, desde o final do ano passado, o foco nas expectativas de taxas de juros dos Estados Unidos dominou as atenções nos mercados latino-americanos, avaliando que a região não tem uma narrativa local forte. “Dito isto, o cenário global de taxas mais baixas — quando ocorrerem — deverá ser positivo para os mercados emergentes e latino-americanos e continuamos construtivos”, escreveram. (Reuters)
Investidores na Europa receberam entre ontem e hoje dos resultados do PIB do 4T23 do Japão e do Reino Unido, o que ofereceu agora uma visão mais completa do que foi a atividade econômica nos países desenvolvidos em 2023. O Japão deixou de ser a terceira economia do mundo, com a Alemanha ocupando o lugar . E o Reino Unido entrou em recessão técnica. Assim, os apertos monetários podem ter chegado ao ponto em que precisariam ser revistos. A discussão é quando começar tal processo.
Companhia divulgou dados operacionais na noite da última quarta-feira (14).
O presidente-executivo da Ford ( FDMO34 ), Jim Farley, disse hoje que a montadora está reformulando sua estratégia de veículos elétricos para competir com os rivais chineses e abriu a porta para a colaboração com outras montadoras a fim de reduzir os custos das baterias. A BYD e outros fabricantes chineses de veículos elétricos de baixo custo são agora um dos maiores desafios para os negócios globais da Ford: “se você não puder competir de forma justa com os chineses em todo o mundo, 20% a 30% de sua receita estará em risco” nos próximos anos, disse Farley. Podemos começar a ter uma bateria competitiva. Podemos passar a usar células cilíndricas comuns, o que poderia aumentar muito nossa capacidade de compra. Talvez devêssemos fazer (isso) com outra fabricante de automóveis”. ( Reuters )
A Petrobras é sócia da Novonor na Braskem e, assim como a Adnoc, está fazendo uma due dilligence na petroquímica, para decidir se permanece ou não na companhia .
Um juiz de Nova York negou hoje o pedido de Donald Trump para rejeitar as acusações criminais decorrentes do pagamento de propina a uma estrela pornô, abrindo caminho para o primeiro julgamento criminal de um ex-presidente dos EUA. O juiz Juan Merchan marcou a data do julgamento para 25 de março, um dos quatro processos criminais que Trump enfrenta enquanto busca a indicação republicana para desafiar o presidente Joe Biden na eleição de 5 de novembro. ( Reuters )
Bradesco ( BBDC4 ) sobe 0,67%, Itaú Unibanco ( ITUB4 ) ganha 0,29% e Santander ( SANB11 ) avança 0,74%.
A máxima do dia está em R$ 4,973 e a mínima, em R$ 4,957.
Estoque dos instrumentos da classe subiu 30% , para R$ 2,1 trilhões.
Contratos são para entrega em março de 2024.
Com proteção contra credores prestes a expirar, empresa corre para fechar acordo.
O Fed divulgou hoje cenários para seus testes anuais de saúde dos bancos, que avaliarão como 32 grandes credores se sairiam em caso de um choque econômico grave, incluindo uma taxa de desemprego de 10% nos EUA e um colapso dos preços dos imóveis. Os “testes de estresse” anuais do Fed, introduzidos após a crise financeira de 2007 a 2009, determinam quanto capital os bancos precisam para se manterem saudáveis e quanto eles podem retornar aos acionistas por meio de recompra de ações e dividendos. Os testes deste ano atrairão um exame minucioso por parte de investidores, analistas e órgãos reguladores após a falência de três bancos no ano passado, e como os grandes bancos estão lutando contra o Fed em relação aos novos aumentos de capital propostos que eles dizem ser excessivos. (Reuters)
O governo anunciou nesta quinta-feira uma nova facilitação de acesso ao Desenrola Brasil, programa de renegociação de dívidas das famílias, em uma tentativa de alcançar mais devedores a um mês e meio do fim do prazo da iniciativa, que busca reduzir o comprometimento de renda dos brasileiros e fortalecer o crédito e a economia. O ajuste ocorre depois de o programa beneficiar 12 milhões de pessoas, que renegociaram 35 bilhões de reais em débitos, abaixo da expectativa apresentada pelo Ministério da Fazenda no ano passado de que 37 milhões de pessoas poderiam repactuar 50 bilhões de reais. Antes, em 2022, a equipe do governo eleito trabalhava preliminarmente com uma meta mais ousada de até 95 bilhões de reais. (Reuters)
Diante do anúncio, o Itaú BBA acredita que provisões extras provavelmente serão feitas pela Vale e um montante de US$ 3,5 bilhões está dentro das expectativas.
As regras do novo programa de incentivo ao setor automotivo brasileiro devem mirar sobre tendências globais para que o país evite encarecimento dos veículos, em um momento em que o setor parece acelerar em direção à eletrificação, defende o presidente da Volkswagen no Brasil, Ciro Possobom. O governo federal lançou no fim do ano passado as linhas gerais do programa automotivo Mover, enfatizando preferência por produção local de modelos de baixa emissão de carbono, como os híbridos flex e elétricos, e o setor agora vive a expectativa sobre como serão as regras que podem nortear investimentos de 100 bilhões de reais no país até 2029. “A direção que foi dada é boa, é positiva”, disse Possobom em entrevista recente à Reuters. “Agora é preciso definir bem essa regulamentação, com atenção, para não sermos uma jabuticaba, com uma regulamentação super específica que faça com que o preço do produto fique mais alto. Acho que isso é o cuidado que se tem que ter”. (Reuters)
Os investidores em Wall Street ainda reverberam o CPI de janeiro mais forte do que o esperado, mesmo tentando recuperar os índices da grande queda de terça (13), com a alta de ontem e com o começo tímido de hoje. “O crescimento resiliente está impulsionando a inflação, o que também deverá exercer pressão ascendente sobre as taxas. Contudo, a forte atividade econômica também está apoiando os lucros. E olhando para o futuro, o mercado está negociando mais com base no crescimento econômico e nas projeções de lucros do que nas taxas de juro e na inflação”, afirmou à CNBC Dylan Kremer, diretor de investimentos da Certuity.
Lá fora, dados de atividade econômica do Reino Unido são destaque.
O presidente da República não citou questões econômicas e de comércio exterior.
O presidente da República fala no Cairo, Egito.
Na manhã desta quinta, o governo do Estado de São Paulo divulgou o início do processo de consulta pública aos documentos para a privatização da Sabesp, incluindo minuta do contrato de concessão a ser assinado pela companhia com municípios.
Linha emergencial de crédito do BNDES é o principal ponto de pacote estudado pelo governo; projeto a ser votado na Câmara deve assegurar fundo garantidor.
A economia dos EUA superou as expectativas de alcançar uma recuperação forte e disseminada, e as melhoras atuais no dinamismo das empresas, no engajamento da força de trabalho e no investimento podem abrir caminho para um crescimento duradouro de longo prazo, disse a Casa Branca nesta quinta-feira. Lael Brainard, diretora do Conselho Econômico Nacional da Casa Branca, disse que a inflação está caindo rapidamente em direção à meta de 2% do Federal Reserve, e que a recuperação dos EUA também havia melhorado em comparação com as tendências anteriores à pandemia. “As melhorias atuais no dinamismo das empresas, no engajamento da força de trabalho e no investimento podem estabelecer a base para um crescimento econômico duradouro … no longo prazo”, disse ela. (Reuters)
Há uma visão positiva em relação às ações brasileiras, não por causa do país em si, mas em razão das expectativas relacionadas ao início de um ciclo de cortes de juros pelo Fed neste ano, observou a estrategista do JPMorgan Emy Shayo, após reuniões com investidores nos EUA. “A história do Brasil em 2024 enquadra-se no manual de mercados com beta elevado que vão bem no contexto em que o Fed reduz as taxas de juro em algum momento. O Brasil cabe como uma luva nessa história porque também tem juros em queda – o que é bom para as ações – e ‘valuations’ baratos”, afirmou. Em relatório enviado a clientes nesta quinta-feira, a analista notou que a questão de escolha de setores e ações é mais complicada. (Reuters)
Segundo os advogados do ex-presidente Jair Bolsonaro, o ministro do STF “assumiu, a um só tempo, a condição de vítima e de julgador”.
A União Europeia deveria avaliar a possibilidade de eliminar barreiras que impedem as bolsas de valores de se fundirem para aprofundar o mercado de capitais do bloco e evitar que ele fique atrás dos concorrentes, disseram ministros das Finanças da zona do euro em um esboço de comunicado visto pela Reuters. O esboço afirma que os ministros das Finanças da zona do euro, juntamente com o Banco Central Europeu e a Comissão Europeia, identificaram prioridades legislativas “imperativas” para o novo mandato de cinco anos da Comissão, que começa no outono (do hemisfério norte). Eles querem ver mais progresso na criação de uma união de mercados de capital na UE para ajudar as empresas a levantar nos mercados de ações e títulos dinheiro para o crescimento, em vez de dependerem fortemente dos bancos. (Reuters)
Em dezembro, os preços caíram 0,7%, em relação a novembro.
Em dezembro, os preços caíram 0,7% (revisados de queda de 0,9%), em relação a novembro.
O núcleo de vendas do varejo em janeiro caíram 0,6%, ante expectativa de alta de 0,2% e de mais 0,4% aferidos em dezembro.
Segundo documento das investigações da Polícia Federal, ex-presidente aguardava “o desfecho” da suposta tentativa de golpe de Estado “que estava em andamento”.
A leitura da semana anterior apontou 220 mil (revisada de 218 mil). A média das últimas quatro semanas ficou em 218,50 mil, enquanto a das quatro encerradas na semana passada ficou em 212,75 mil (revisada de 212,25 mil). Os pedidos contínuos estão em 1,895 milhão, acima dos 1,865 milhão da semana anterior (revisado de 1,817 milhão).
O setor varejista opera misto hoje. Além de Casas Bahia, avançam as ações de Petz (PETZ3), com 1,97%, e Arezzo (ARZZ3), com +1%, além de Soma (SOMA3), com +0,42%. Por outro lado, recuam as ações de CEA (CEAB3), com -1,23%, e de Pão de Açúcar (PCAR3), com -0,78%. Ações de Magazine Luiza (MGLU3) caem 0,50%.
Governo de São Paulo divulga proposta de novos contratos de concessão e população terá até 15 de março para opinar.
O Ibovespa começa o dia em alta de 0,29%, aos 127.386,07 pontos, acompanhando ambiente externo positivo, com investidores à espera de dados nos EUA, enquanto avaliam quando poderá ocorrer o primeiro corte na taxa de juros do país. Os números fornecerão mais pistas sobre a direção da economia depois de dados de inflação mais fortes do que o esperado divulgados na terça-feira, que levaram os investidores a refrear as expectativas para um corte de juros pelo Fed. Na B3, sobem os grandes bancos, empresas de educação, frigoríficas, petroleiras juniores, siderúrgicas e grande parte das varejistas. As ações de Vale (VALE3) e de Petrobras (PETR4) caem hoje. Segundo o Boletim Focus divulgado hoje, as projeções para a inflação de 2024 e de 2025 subiram, enquanto as do PIB brasileiro foram mantidas pelos analistas. Enquanto isso, o presidente Lula cumpre agenda no Egito, com reunião com o presidente Abdel Fattah al-Sisi, seguida de participação em sessão extraordinária do Conselho de Representantes da Liga dos Estados Árabes. Em Wall Street, os índices futuros operam com alta, à medida que investidores ponderam se o Fed consegue reduzir a inflação sem descarrilar uma economia que continua a surpreender positivamente. Os traders receberão outra atualização sobre o estado da economia americana hoje, com as vendas no varejo de janeiro e os dados semanais dos pedidos de seguro-desemprego previstos para serem divulgados antes da abertura em Wall Street. (Felipe Alves)
A Nvidia ultrapassou a Alphabet como a terceira empresa mais valiosa dos Estados Unidos na quarta-feira, logo após superar a Amazon e enquanto os investidores aguardam o próximo balanço trimestral da fabricante de chips focada em inteligência artificial. As ações da Nvidia subiram 2,46%, definindo um valor de mercado de 1,825 trilhão de dólares, enquanto os papéis da Alphabet fecharam em alta de 0,55%, deixando-a com um valor de 1,821 trilhão. A Nvidia tem sido uma das principais beneficiárias da corrida das empresas de tecnologia para incorporar IA em seus produtos e serviços, e a alta de quarta-feira em suas ações ocorreu um dia depois da companhia superar o valor de mercado da Amazon pela primeira vez em duas décadas. A Amazon fechou a véspera valendo 1,776 trilhão de dólares. (Reuters)
Os EUA informaram ao Congresso e aos aliados na Europa sobre novas informações de inteligência relacionadas às capacidades nucleares russas que poderiam representar uma ameaça internacional.
Após o feriado de Carnaval, o balanço final foi de queda no pregão ontem. Após esse ajuste, a expectativa é que o Ibovespa volte ao seu fluxo normal, entende o Itaú BBA. Do lado da alta, o Ibovespa precisa superar os 130.600 pontos para retomar o movimento de alta e buscar as regiões de 132.000 pontos e a máxima de dezembro, em 134.400 pontos. Do lado da baixa, a região de 126.400 pontos é o sinal de alerta para o investidor. Se perder esse suporte, o índice sairá da tendência de alta e encontrará próxima importante região em 124.800 pontos, outro ponto crucial que se perdido, poderá dar início à primeira tendência de baixa de curto prazo em 2024. “O índice voltou para baixo da resistência superada e encontra dificuldades em retomar o movimento de alta, apesar do bom momento dos índices americanos. Isso mostra que o mercado precisará de mais esforços para engatar o movimento de subida”, conclui.
A inflação surpreendeu positivamente em janeiro, ao manter-se inalterada em relação a dezembro, e irá tranquilizar o Banco de Inglaterra (BoE). “Ainda esperamos que o BoE comece a cortar (as taxas) em junho, um pouco mais tarde do que os seus pares, o que alargará os diferenciais de taxa de juro a favor do Reino Unido”, explica análise do Julius Baer.
O dólar cai frente ao real, depois de ter subido na véspera, com o mercado vendo dados econômicos decepcionantes de grandes economias como um sinal de que os principais bancos centrais não persistirão muito tempo com a política monetária restritiva. Agora o dólar a vista recua 0,17%, a R$ 4,963. Na B3, o dólar futuro recua 0,10%, aos 4.970,50 pontos. Na véspera, o dólar à vista fechou o dia cotado a R$ 4,9727 na venda, em alta de 0,27%. O Banco Central fará nesta sessão leilão de até 16 mil contratos de swap cambial tradicional para fins de rolagem do vencimento de 1° de abril de 2024. (Com Reuters)
Analistas do banco elevaram preço-alvo de R$ 38 para R$ 48 para ação PN e destacam tese ainda poderosa.
A projeção para a 3Tentos ( TTEN3 ) é do Itaú BBA, com uma margem bruta mais apertada nas divisões de Insumos Agrícolas e de Grãos. O balanço sai dia 20 de fevereiro. “Por outro lado, esperamos que a divisão Indústria seja o principal destaque, com um aumento de duas vezes no lucro bruto anualmente aliado a uma recuperação nas margens. Estimamos um Ebitda ajustado de R$ 283 milhões (queda de 2% ano a ano), com margem de 10% (queda de 3,8 pp também ano a ano)”.
O SP500 após breve correção voltou a formar candle de alta, segundo Gilberto Coelho, analista técnico da XP. Acima dos 277,15 teria projeções nos 287,00 ou 308,00. Uma perda dos 273,40 traria sinal de realizações mirando suportes em 264,87 ou 253,00. O IFR está em sobrecompra e caso perca o nível de 70 favorecerá realizações no curto prazo.
Fonte: Relatório de análise técnica da XP
O Ibov fechou em queda pelo quarto pregão seguido e segue abaixo da média de 21 dias em sinal de tendência de baixa no curto prazo, segundo Gilberto Coelho, analista técnico da XP. Abaixo dos 125.875 abre caminho para buscar suportes entre 124.800 e 120.000. A tendência de alta seria retomada com um fechamento acima dos 129.000 com projeções entre 130.500 e 134.300. O IFR aponta para baixo em sinal de maior força baixista.
Fonte: Relatório de análise técnica da XP
Petrobras ( PETR3 ; PETR4 ) anunciou há 118 dias alterações nos preços da gasolina. Sobre o diesel, a estatal determinou um reajuste há 51 dias. A Associação Brasileira dos Importadores de Combustíveis publica o estudo diariamente, de segunda a sexta.
Confira o que esperar para o minidólar nesta quinta-feira (15).
Alta dos preços acima do esperado deve afastar fluxo de estrangeiros, mas visão para B3 segue positiva no médio prazo.
O presidente Lula disse hoje que tem a impressão de que Israel possui a “primazia” de não cumprir decisões tomadas pela ONU, acrescentando que não vê explicação para o comportamento do país em sua ofensiva em Gaza que, sob pretexto de destruir o grupo militante islâmico Hamas, já matou milhares de crianças e mulheres, segundo autoridades palestinas. Durante declaração à imprensa no Cairo ao lado do presidente do Egito, Abdel Fattah al-Sisi, Lula ainda voltou a pedir a reforma do Conselho de Segurança da ONU, com a inclusão de mais países e o fim do direito de veto por parte de alguns membros. (Reuters)
Confira o que esperar para o mini-índice nesta quinta-feira (15).
Os bancos norte-americanos podem perder até 35 bilhões de dólares em receitas em 2025, de acordo com as atuais propostas de novas regras de capital que podem “nivelar o campo de jogo” para instituições financeiras europeias, segundo um estudo divulgado hoje. Os padrões de Basileia conhecidos como “Basel III Endgame”, a etapa final das regras internacionais de capital bancário que se seguiram à crise financeira global, podem afetar os bancos dos EUA de forma desproporcional, de acordo com a consultoria Oliver Wyman. (Reuters)
A BHP sinalizou os dois impairments não caixa antes de divulgar seus resultados semestrais na próxima semana.
Investidores aguardam dados dos EUA hoje, enquanto avaliam quando poderá ocorrer o primeiro corte na taxa de juros do país. A expectativa do mercado gira em torno de números de pedidos de auxílio-desemprego e vendas no varejo nos EUA, bem como de produção industrial, que serão divulgados no meio da manhã. Os números fornecerão mais pistas sobre a direção da economia depois de dados de inflação mais fortes do que o esperado divulgados na terça-feira, que levaram os investidores a refrear as expectativas para um corte de juros pelo Fed. Enquanto isso, o presidente Luiz Inácio Lula da Silva cumpre agenda no Egito, com reunião com o presidente Abdel Fattah al-Sisi seguida de declaração à imprensa e participação em sessão extraordinária do Conselho de Representantes da Liga dos Estados Árabes. (Reuters)
A economia da zona do euro crescerá mais lentamente do que o esperado este ano, depois que o aumento dos preços corroeu o poder de compra e as altas taxas de juros do BCE restringiram o crédito, mas a inflação em 2024 também será mais lenta do que o esperado, estimou a Comissão Europeia nesta quinta-feira. O braço executivo da UE previu que o PIB dos 20 países que compartilham o euro aumentará apenas 0,8% em 2024, em vez dos 1,2% esperados em novembro passado, mas ainda assim será superior ao aumento de 0,5% em 2023. Em 2025, o crescimento econômico deverá acelerar para 1,5%, informou a Comissão, reduzindo ligeiramente sua previsão anterior de 1,6%. (Reuters)
Presidente do BCE afirma que processo de desinflação continuará, mas reitera que a instituição precisa ter certeza de que conseguirá atingir meta de inflação de 2% de forma sustentável antes de discutir queda de juros.
Os preços do petróleo operam com leves perdas, depois que dados mostraram que os estoques de petróleo bruto dos EUA aumentaram muito mais do que o esperado, aumentando as preocupações sobre a demanda na maior economia do mundo.
Os mercados europeus operam em alta, com os investidores avaliando os números do PIB do Reino Unido no quarto trimestre e monitorando o fluxo de lucros corporativos. A economia do Reino Unido contraiu 0,3% no último trimestre de 2023, empurrando o país para uma recessão técnica depois do crescimento do terceiro trimestre ter sido revisto para -0,1%.
O Nikkei 225, do Japão, fechou com alta de 1,21%, aos 38.157,94 pontos, primeira vez que o índice fechou acima da marca de 38 mil pontos desde 1990. Os dados do PIB japonês mostraram que o país perdeu o título de terceira maior economia do mundo para a Alemanha, depois de entrar inesperadamente em recessão técnica no final do ano passado, o que levantou dúvidas sobre quando o banco central irá eliminar gradualmente o seu enorme estímulo monetário.
Os índices futuros dos EUA operam com leves ganhos, à medida que investidores ponderam se o Fed consegue reduzir a inflação sem descarrilar uma economia, que continua a surpreender positivamente. Os traders receberão outra atualização sobre o estado da economia americana nesta quinta-feira, com as vendas no varejo de janeiro e os dados semanais dos pedidos de seguro-desemprego previstos para serem divulgados antes da abertura em Wall Street.
O resultado foi um pouco pior que esperado pelo consenso LSEG de analistas, que estimava queda de 0,1% no período; em 2023, a economia britânica ficou próxima da estabilidade, crescendo apenas 0,1%.
Investidores em Wall Street voltaram às compras, depois do Dow Jones ter ontem seu pior dia desde março de 2023. O S&P 500 e o Nasdaq Composite também caíram mais de 1% ontem, reverberando o CPI mais forte. “O mercado estava sobrecomprado, mas ainda não está no campo sobrevendido. Ainda existe alguma vulnerabilidade no curto prazo para alguma ação corretiva, mas certamente não creio que estejamos caminhando para um declínio superior a 10%. Penso que é necessário um recuo mais corretivo antes de podermos continuar a nossa subida”, disse à CNBC Sam Stovall, estrategista-chefe de investimentos da CFRA.
O dólar volta do Carnaval com alta diante do real, após duas altas, no movimento contrário da divisa norte-americana na comparação com as principais moedas do mundo, com o DXY em baixa de 0,23%.
Maiores baixas
Maiores altas
Mais negociadas
Confira a evolução do IBOV durante a semana, mês e ano:
Acompanhe diariamente a cobertura sobre bolsa, dólar e juros a partir das 8 horas.
Sugestões, dúvidas e críticas entre em contato com o editor de Mercados Ao Vivo do InfoMoney: rodrigo.petry@infomoney.com.br.
IM Trader: notícias, análises, vídeos, podcasts e guias no novo canal do InfoMoney sobre Mercados .",InfoMoney,https://www.infomoney.com.br/mercados/ibovespa-hoje-bolsa-de-valores-ao-vivo-15022024/
infomoney_3fd3f9c48fb9,2024-02-15,Sabesp,Saneamento,SBSP3,"Sabesp (SBSP3) chega a saltar com avanço na privatização, mas ameniza e fecha em alta de 2,15%","Publicidade
As ações da Sabesp ( SBSP3 ) chegaram a se destacar entre as maiores altas do Ibovespa, em meio ao avanço da privatização e subiram até 5,96% na máxima do pregão desta quinta-feira (15). Os papéis, contudo, diminuíram o ímpeto e fecharam com ganhos de 2,15%, a R$ 80,69.
Na manhã desta quinta, o governo do Estado de São Paulo divulgou o início do processo de consulta pública aos documentos para a privatização da Sabesp, incluindo minuta do contrato de concessão a ser assinado pela companhia com municípios.
A consulta pública aos documentos, que incluem plano regional de saneamento, vai até 15 de março.
“Visto o avanço do processo de privatização da Sabesp, enxergamos importantes gatilhos que devem proporcionar destravamento de valor para a empresa a médio e longo prazo”, aponta a Levante Corp.
Em relatório do fim de janeiro, o Bradesco BBI apontou ver a ação podendo disparar até os R$ 180 com a privatização.
Para o JP Morgan, o novo regime regulatório proposto pela Sabesp é considerado promissor. Dentre os documentos apresentados hoje no processo de discussão, as notas técnicas sobre o novo arcabouço tarifário para a empresa privatizada estavam em grande parte em conformidade com o que foi originalmente indicado pela ARSESP. Ainda assim, o banco considera que a confirmação/desvinculação desse catalisador crucial é uma notícia positiva.
O valor justo da ação é calculado em R$ 125,00, com múltiplos de 1,3 vez o valor da empresa sobre a base de ativo regulatório (EV/RAB, na sigla em inglês) para fim de 2024. A companhia é recomendada como overweight (exposição superior, similar à compra) e o banco estrangeiro considera que os papéis oferecem potencial de valorização de 52%.
“Nossa avaliação preliminar indica que não há grandes surpresas e uma visão geralmente positiva. Todos os detalhes fornecidos nas notas técnicas estão em grande parte em conformidade com nossas conversas anteriores com a ARSESP, declarações públicas anteriores do governador de São Paulo, reuniões com outros investidores sobre o caso. O conteúdo das notas técnicas não deve surpreender o mercado. No entanto, o desempenho positivo das ações hoje pode ser atribuído à confirmação por escrito e à abertura da consulta pública para provavelmente confirmá-las”, considera o JPMorgan
O tom dos detalhes fornecidos pelo governo de São Paulo sobre o futuro da Sabesp é visto como predominantemente otimista, de acordo com o Citi. Na análise, o banco destacou que um entrave observado é que o regulador (ARSESP) terá mais poderes que o esperado a partir do terceiro ciclo (que se inicia em 2036). Ainda assim, a ARSESP terá menos atribuições que atualmente e as normas regulatórias parecem positivas.
Continua depois da publicidade
O Citi considera a Sabesp como compra, com preço-alvo estabelecido em R$ 84,00. Dentre os maiores riscos elencados para a companhia, estão os possíveis atrasos na revisão das tarifas ou mudanças muito importantes na regulação e interferência política do governo do estado de São Paulo.",InfoMoney,https://www.infomoney.com.br/mercados/acoes-da-sabesp-sbsp3-sobem-forte-com-novo-avanco-no-processo-de-privatizacao/
infomoney_f07f19eacdb6,2024-02-15,Sabesp,Saneamento,SBSP3,Governo de SP define regras para Sabesp no pós-privatização e inicia consulta pública,"Publicidade
O governo de São Paulo iniciou nesta quinta-feira (15) uma consulta pública sobre a privatização da Sabesp, conforme o IM Business informou na quarta-feira (14) . O modelo regulatório da empresa no pós-privatização foi bem recebido pelo mercado, com as regras em linha com a expectativa de analistas.
“É uma notícia positiva porque a confirmação [das expectativas] representa uma redução de risco. O novo regime regulatório atende às expectativas otimistas dos investidores”, resumem o analistas Henrique Peretti e Victor Burke, do JP Morgan.
A minuta prevê novo método de reajuste da tarifa, que terá correções anuais por 15 anos na conta de água considerando o capex feito no ano anterior e mais sete ciclos tarifários, de cinco anos cada, até 2060. Esses ciclos longos de reajuste vão considerar a contabilização da base de ativos regulatórios (RAB), volume de mercado e custos.
“Uma ressalva (que pode decepcionar alguns investidores) é que o regulador (Arsesp) terá mais poderes após o 3º ciclo (que começa em 2036). Esses poderes ainda serão mais limitados em comparação com os dias de hoje, mas as regras gerais parecem positivas –muitos detalhes ainda estão por definir”, escreveu o Citi.
A formatação dos novos contratos e modelo regulatórios são considerados passos fundamentais para a venda do controle da Sabesp, uma vez que o mercado terá mais claro a necessidade de capex /retorno da companhia — o que interferirá diretamente no apetite dos investidores pelo negócio.
“[Por outro lado,] Acreditamos que um dos principais riscos poderia de fato ser custo operacional ( opex ) inicial, que definirá a margem para a Sabesp pós-privatização, considerando que o valor final da curva poderá ser menor que o projetado”, alertam os analistas do JP Morgan. “As outras variáveis/novas informações parecem ter pequeno impacto na nossa avaliação.”
O governo também divulgou a proposta de governança da Unidade Regional de Serviços de Abastecimento de Água Potável e Esgotamento Sanitário (Urae) 1 – Sudeste, que engloba os municípios atendidos pela Sabesp. No formato desenhado pelo governo, a Urae poderá aprovar o novo contrato sem que seja necessário uma aprovação individual das 375 cidades que hoje são atendidas pela empresa de saneamento.
A consulta pública vai até o dia 15 de março. Os novos contratos e regimento da Urae 1 estão disponíveis no site da Secretaria de Meio Ambiente, Infraestrutura e Logística .",InfoMoney,https://www.infomoney.com.br/business/sabesp-inicia-consulta-publica-sobre-privatizacao/
infomoney_e8d47ddfac2f,2024-02-15,Sabesp,Saneamento,SBSP3,BofA tem Brasil overweight mesmo ‘sem história doméstica forte’ e sobe exposição a bancos,"Publicidade
A queda de 5% do Ibovespa em 2024 após um 2023 bastante positivo, em meio às revisões sobre o corte de juros pelo Federal Reserve, segue no radar dos analistas e estrategistas de mercado, com muitos deles mantendo uma visão positiva para a Bolsa brasileira.
O Bank of America reiterou, em relatório de estratégia para a América Latina, posição overweight (exposição acima da média), tendo como referência o MSCI LatAm.
Para a equipe de estrategistas do banco, o Brasil carece de uma história doméstica forte. Por outro lado, as finanças públicas, as projeções de crescimento, as contas externas e o câmbio estão relativamente em boa forma, enquanto o valuation das ações está mais atrativo do que no final do ano passado e os lucros das empresas domésticas finalmente chegaram ao seu piso (o que leva a projeções de melhora à frente).
“Vemos uma situação benigna: perspectivas estáveis para o petróleo, os riscos sobre a economia da China provavelmente já estão precificados (o setor de matérias primas aparece com menor exposição no consenso de mercado) e a maior parte dos grandes bancos deverá começar a apresentar tendências operacionais de melhora. Assim, ainda que sem catalisadores, também não há nem um alarme para o país.
O BofA elevou a visão para os bancos brasileiros de marketweight (exposição em linha com a média) para overweight . Os estrategistas destacam ainda serem seletivos, com maior exposição ao Itaú ( ITUB4 ), BTG ( BPAC11 ) e Banco do Brasil ( BBAS3 ) em relação ao Bradesco ( BBDC4 ). Também gostamos de financeiras não bancárias com exposição ao case de redução dos juros (as empresas do portfólio incluem XP [BDR: XPBR31 ] e B3 [ B3SA3 ]). Para tanto, os estrategistas reduziram proporcionalmente a exposição no restante do portfólio.
Outros setores apontados pelos estrategistas como atrativos são os de utilities (ou de serviços públicos, apresentando crescimento de lucros relativamente forte, não dependente de macro), apesar dos valuations mais caros. O BofA gosta dos cases de Eletrobras ( ELET3 ), Energisa ( ENGI11 ) e Sabesp ( SBSP3 ).
“A história do Brasil em 2024 enquadra-se no manual de mercados com beta elevado que vão bem no contexto em que o Fed reduz as taxas de juro em algum momento”, afirmou
“Também gostamos de nomes de qualidade em shoppings, transporte, saúde, etanol”, apontam, citando ainda que as empresas de varejo e consumo têm ficado para trás, mas que os lucros já devem refletir as bases de comparação mais “fáceis” em relação a 2023. Por outro lado, a equipe de estratégia ainda aguarda maior visibilidade sobre a reforma tributária para elevar exposição.
Confira a carteira do BofA na América Latina:
O banco segue marketweight no México, com a projeção de um “pouso suave” da economia dos EUA, enquanto é underweight (exposição abaixo da média) em Chile e não possui exposição em Colômbia, Peru e Argentina.
Continua depois da publicidade
Confira a alocação na carteira do BofA em comparação ao MSCI LatAm:",InfoMoney,https://www.infomoney.com.br/mercados/bofa-tem-brasil-overweight-mesmo-sem-historia-domestica-forte-e-sobe-exposicao-a-bancos/
infomoney_e690efb49298,2024-02-14,Sabesp,Saneamento,SBSP3,Temporal corta energia e pode afetar distribuição de água em partes de SP; veja o que fazer,"Publicidade
Moradores da Grande São Paulo voltaram a ficar sem energia elétrica devido às fortes chuvas que atingiram a região na terça-feira (13). Sem luz, partes da zona leste da cidade de São Paulo e Mauá, na região metropolitana, poderão ficar também sem água porque o serviço de distribuição acontece com o uso de eletricidade, informou a Sabesp (concessionária responsável pelo serviço).
“Nas duas regiões, foram afetadas estações elevatórias de água tratada, que bombeiam a água para reservatórios”, disse a Sabesp, que segue recomendando o uso consciente do volume de caixas-d’água dos imóveis.
Na tarde desta Quarta-Feira de Cinzas, a Enel, responsável pela distribuição de energia na capital paulista e em outros 23 municípios da Grande SP , informou que a energia voltou a ser fornecida para cerca de 94% dos clientes afetados pelo temporal.
“[Na terça], a companhia acionou imediatamente o plano operativo para contingências e, em função da previsão de novas chuvas para hoje [quarta], vai dobrar as equipes em campo que seguirão trabalhando para restabelecer o serviço a todos os clientes o mais rapidamente possível em caso de quedas de energia”, disse a Enel em nota enviada à imprensa.
Chuvas atingiram a cidade de São Paulo e região metropolitana na noite de terça, ainda em pleno Carnaval, acompanhadas de rajadas de ventos que causaram pontos de alagamentos, transbordamento de córrego e quedas de árvores.
Na capital, o Corpo de Bombeiros recebeu 48 chamados para quedas de árvores, 22 para alagamentos e 8 para desabamentos, todos sem vítimas. Não houve registro de pessoa ferida, desabrigada ou desalojada. Foram registrados pontos de alagamentos em todas as regiões da cidade, sendo 17 intransitáveis e 3 transitáveis. Ainda segundo a corporação, duas pessoas estão desaparecidas no município de Suzano (Grande SP).
Segundo o governo do estado, equipes da Coordenadoria Municipal de Proteção e Defesa Civil permanecem em campo monitorando as áreas atingidas. De acordo com o Centro Nacional de Monitoramento e Alertas de Desastres Naturais (Cemaden), existe alta possibilidade de ocorrência de eventos decorrente das chuvas, como inundações e enxurradas, na região Metropolitana de São Paulo e Vale do Paraíba, com atenção para as áreas mais próximas ao litoral, como Baixada Santista e Litoral Norte.
No caso do desabastecimento de água, a Sabesp informa que as ocorrências podem ser registradas na Central de  Atendimento, pelos telefones 0800 055 0195 (ligação gratuita), também pelo  WhatsApp (01133888000) e pela Agência Virtual da concessionária .
Já a falta de fornecimento de energia elétrica deve ser comunicada à Enel. A companhia pede priorização nos canais digitais: SMS para o número 27373 com a palavra LUZ, seguida pelo número da instalação sem espaços (Exemplo: LUZ012345678); aplicativo Enel São Paulo; ou a ⁠agência virtual do site www.enel.com.br .
Continua depois da publicidade
Vale lembrar que danos causados por apagões de energia a aparelhos e mercadorias, como alimentos ou medicações, podem ser ressarcidos ao consumidor . O desconto automático na conta do período em que o cliente ficou sem energia é um dos ressarcimentos que o consumidor deve receber pelo blecaute. Além disso, ter outras perdas comprovadamente causadas pela falta de energia devolvidas em dinheiro, conserto ou substituição do equipamento, a depender do caso.
(Com informações da Agência Brasil)",InfoMoney,https://www.infomoney.com.br/consumo/temporal-corta-energia-e-pode-afetar-distribuicao-de-agua-em-partes-de-sp-veja-o-que-fazer/
infomoney_f6b1b5aa4090,2024-02-14,Sabesp,Saneamento,SBSP3,Governo de SP prepara nova fase para a privatização da Sabesp,"Publicidade
Na volta do Carnaval, o governo de São Paulo se prepara para iniciar uma nova fase da privatização da Sabesp , com o envio do novo contrato de concessão dos serviços de saneamento para os 375 municípios atendidos pela empresa . O documento é parte importante do processo, uma vez que ele permitirá a troca de controle da empresa – do estado para o setor privado – e irá detalhar a necessidade dos quase R$ 70 bilhões de capex que a Sabesp deverá ter até 2029 e de R$ 260 bilhões até 2060, prazo previsto nesses novos acordos.
“Vamos enviar aos prefeitos um contrato único de concessão, mas com 375 anexos considerando as especificidades de cada município, além de detalhes do modelo regulatório”, diz Natália Resende, secretária de Meio Ambiente, Infraestrutura e Logística de São Paulo , em conversa com o IM Business . “A Sabesp está em um ponto de inflexão, ou ela voa [com a privatização] ou corre risco de perder sua base de clientes por conta dos investimentos necessários para atender o Marco do Saneamento”.
A ideia é que o documento, que será divulgado em breve, passe por consulta pública nas regiões atendidas pela Sabesp ao longo de 30 dias após sua divulgação, o que deve ocorrer durante março, em linha com a previsão do CEO da Sabesp, André Salcedo .
Feitos os ajustes propostos na consulta pública, o contrato terá que ser aprovado pelas Unidades Regionais de Serviços de Abastecimento de Água Potável e Esgotamento Sanitário (Uraes), blocos que reúnem os municípios atendidos pela Sabesp.
“A ideia é que, em abril, possamos já discutir dentro das Uraes”, reforça Natália, que trabalha com um cronograma de privatização que não rivalize com as eleições municipais de outubro . “Temos adotado uma postura de prestar o máximo de esclarecimento possível a todos os municípios. Quanto mais os benefícios ficam claros, a resistência vai diminuindo”, prossegue.
Passada a etapa contratual, o governo de São Paulo já terá informações suficientes para detalhar ao mercado qual será o tamanho da oferta do follow-on , em que se especula que pode girar entre R$ 10 e R$ 15 bilhões – a secretária não confirma esse número. O governo diz que já trabalha em um desenho e percentual de venda, mas que seria precipitado divulgar qualquer coisa a respeito.
O que se sabe é que haverá ajustes na governança para que a nova composição de sócios tenha um acionista de referência. Há também estudos para que a oferta ocorra nas duas Bolsas em que a Sabesp está listada – a B3 e a Bolsa de Nova York (NYSE) –, com o objetivo de que a operação seja mais atrativa para fundos internacionais.
“Nós temos sentido muito interesse dos investidores, que buscam um compromisso de longo prazo, que é o que nós queremos também. Por isso temos que organizar o principal ativo da Sabesp, que são os contratos de concessão”, diz Natália Resende. “Outra visão em comum é dar mais eficiência para a Sabesp. Precisamos melhorar a governança, tirar as amarras estatais, isso dará mais flexibilidade para acelerar os investimentos.”
A nova Sabesp, na visão de Natália Resende, nascerá com estrutura e apetite para buscar novos contratos em São Paulo e, até mesmo, em outros estados do Brasil e países da América Latina. “A gente fala muito em uma plataforma multinacional de saneamento porque, de fato, é uma empresa muito grande e com um corpo técnico muito qualificado, mas ainda temos essa amarra”.
Continua depois da publicidade
Outra empresa que está em vias de ser desestatizada é a Empresa Metropolitana de Águas e Energia ( Emae ), sucessora da Light e da Eletropaulo em São Paulo, e que opera usinas hidrelétricas e uma termelétrica no estado. O principal ativo é a Usina Henry Borden , que tem potencial instalado de 961 megawatts (MW), mas que vem operando bem abaixo dessa capacidade.
A ideia é que o governo avance com a venda de sua participação na Emae na sequência da divulgação dos contratos de concessão da Sabesp . Essa operação, coordenada pela Genial Investimentos, será feita em um block trade que venderá toda a participação, de 97,6% das ações ordinárias da empresa, em posse do governo de São Paulo, o que representa 38,99% do capital da Emae – a Eletrobras possui outros 39,02% de participação com suas ações preferenciais.
Ainda não está definido se haverá a possibilidade de um tag along aos minoritários caso a Eletrobras avance para comprar essas ações. “A Eletrobras participa das discussões e conhece muito bem a empresa. Agora, caberá a ela decidir internamente se vai aumentar essa participação e seguir de acordo com o que determina a lei das S/As”, reforça Natália Resende.
Continua depois da publicidade
A Emae vem ganhando maior interesse dos investidores após os roadshows , reconhece Natália. Além de um caixa líquido robusto, que encerrou o terceiro trimestre em R$ 457 milhões, outro atrativo é a indenização de R$ 281 milhões que a empresa receberá da Agência Nacional de Energia Elétrica (Aneel) referente a investimentos feitos nas usinas Henry Borden, Porto Góes e Rasgão.
“Nós falamos para a diretoria seguir os trabalhos e investindo porque são ativos que trabalham aquém do que poderiam. A geração de caixa é robusta [R$ 87,4 milhões de janeiro a setembro de 2023] e isso é um atrativo a mais para o mercado”, completa.",InfoMoney,https://www.infomoney.com.br/business/governo-de-sp-prepara-nova-fase-para-a-privatizacao-da-sabesp/
infomoney_ee0caec329ea,2024-02-07,Sabesp,Saneamento,SBSP3,"Natura (NTCO3) e Localiza (RENT3) podem ter ‘virada de resultado’, avalia Caldas, da Clave Capital","Publicidade
Em um cenário de queda da Selic, ações mais ligadas ao setor doméstico tendem a ver uma luz no fim do túnel com a redução da despesa financeira e podem entrar numa rota de recuperação. Dois nomes que podem se destacar nessa retomada são as ações de Natura ( NTCO3 ) e Localiza ( RENT3 ), na avaliação de André Caldas, fundador e CIO da Clave Capital.
“Vemos uma dinâmica potencial importante de virada de resultado”, destacou o executivo, em evento realizado em São Paulo, nesta quarta-feira (7). Os balanços de ambas as companhias referentes a 2023 devem ser apresentados entre 11 e 12 de março.
Para Caldas, a Natura é uma empresa que “vale acompanhar de perto no horizonte de um ou dois anos”. Na visão do executivo, a companhia possui uma “geração de valor grande não precificada”, que tende a ficar mais clara ao longo dos próximos seis a 18 meses. Mas a integração da Natura com a Avon na América Latina é um tema complexo e que precisa ser tratado, destacou.
Na última segunda-feira (5), o Conselho de Administração da Natura&Co ( NTCO3 ) autorizou a diretoria a avaliar uma possível separação da Natura&Co Latam e da Avon em duas companhias independentes e de capital aberto, a fim de gerar mais valor aos acionistas.
“Essa separação tem como objetivo promover o potencial de ambas as empresas, que possuem abrangências geográficas distintas, atendem diferentes consultores de beleza e consumidores e, juntas, oferecem valor limitado de sinergia sob a estrutura atual”, afirmou a empresa em fato relevante.
De acordo com o documento, a potencial separação também proporcionaria aos acionistas maior visibilidade sobre desempenho financeiro, estrutura, perspectivas de crescimento e teses de investimento de ambas as empresas. A notícia foi bem-vista pelo mercado, com as ações preferenciais subindo 6,79%, a R$ 17,15, na véspera (6).
Para além da Natura, as ações que mais chamam atenção da Clave Capital são os papéis ligados ao varejo, mas Caldas avalia que é preciso tomar cuidado com a perda do lucro ou do poder de precificação das companhias. “Não é simplesmente um juro alto [que afeta]”, destacou.
Na visão do executivo, a Renner ( LREN3 ), por exemplo, foi uma empresa que teve um crescimento relevante durante anos, mas que tem sofrido com as ameaças de companhias chinesas como a Shein, que estão abocanhando participação de mercado offline no varejo. “Parte do lucro crescer vem da redução da despesa financeira, além do poder de compra do cliente da empresa”, ponderou.
O setor financeiro também está entre as apostas de gestoras, como a Occam Capital. No mesmo evento, o CEO Carlos Eduardo Rocha explicou a escolha pelo benefício vindo do juro real e nominal mais elevados e de uma possível surpresa do crescimento econômico brasileiro neste ano. Atualmente, a casa tem a maior posição nas ações do BTG Pactual ( BPAC11 ), mas também vê o Itaú ( ITUB4 ) com múltiplos baixos.
Continua depois da publicidade
Outra aposta dentro da Occam está em companhias ligadas à concessões públicas, como Sabesp ( SBSP3 ) e Equatorial Energia ( EQTL3 ). Segundo Rocha, o setor tem empresas recém-privatizadas, como Copel, que estão num processo de venda de ativos que não são o foco das companhias.
Além disso, há nomes como a Equatorial que possuem um Conselho alinhado e que tem olhado possíveis novas aquisições no setor de saneamento, o que seria uma certa vantagem na comparação com outras companhias, como a Energisa ( ENGI11 ).
Sabesp também é uma das top picks da Truxt Investimentos. “É um ativo irreplicável, assimétrico e não correlacionado com o cenário e com muitos triggers [gatilhos] positivos”, disse Bruno Garcia, sócio-fundador da casa, que citou como gatilhos a regulação e a assinatura dos contratos municipais com o Governo de São Paulo, além da modelagem da privatização, que poderia atrair um investidores estratégico.
Continua depois da publicidade
Outra aposta está em Eletrobras ( ELET3 ; ELET6 ). Para Laércio Henrique, sócio do BTG Pactual Asset Management, participante do mesmo painel com outros gestores, a incorporação da subsidiária Furnas à holding é “muito importante” e pode gerar um NPV (valor presente líquido, na sigla em inglês) para a companhia de R$ 10 bilhões, algo em torno de 10% do market cap da empresa.
“É um negócio que tem resiliência e que está sendo bem tocado na gestão do Ivan [Monteiro, atual CEO da Eletrobras]. Ela está passando por processo de desinvestimento em ativos não estratégicos”, destacou. “É um bom ‘zagueiro’ para compor o portfólio”, completou.",InfoMoney,https://www.infomoney.com.br/onde-investir/natura-ntco3-e-localiza-rent3-podem-ter-virada-de-resultado-avalia-caldas-da-clave-capital/
infomoney_075a0f582ccf,2024-02-07,Sabesp,Saneamento,SBSP3,"Estrangeiros preferem bancões, locais apostam em utilities e mais visões sobre a Bolsa brasileira","Publicidade
Em um contexto de forte saída em janeiro dos estrangeiros da Bolsa brasileira, os estrategistas do Itaú BBA fizeram recentemente algumas rodadas de conversa com investidores institucionais e destacaram as principais diferenças e semelhanças entre a visão dos “gringos” e os “locais” sobre o mercado doméstico.
O Itaú BBA fez uma rodada com 160 investidores, de 26 de janeiro a 1 de fevereiro, sendo que 80% dos entrevistados estão baseados no Brasil e tirou sete conclusões principais.
O primeiro ponto é que o bom humor continua, com 82% dos participantes tendo uma visão positiva das ações brasileiras. Os fundos sediados no Rio de Janeiro têm uma visão um pouco mais otimista, enquanto os estrangeiros têm uma visão um pouco mais pessimista.
Numa escala de zero a dez, com zero sendo totalmente pessimista e dez totalmente otimista em relação às ações do Brasil em 2024, a pontuação média foi de 7,24, sugerindo uma visão ligeiramente otimista. As projeções para o Ibovespa em 2024 estão em linha com as estimativas do BBA, com preço-alvo para o Ibovespa de 145 mil pontos para o final de 2024. Cerca de 71% dos entrevistados esperam que o Ibovespa termine 2024 acima dos 140 mil pontos, sendo que apenas 5% esperam retornos negativos.
Em segundo lugar , está o posicionamento em ações: as utilities (empresas de concessões públicas) são o setor preferido entre os locais, com 66% dos localizados no Rio de Janeiro e 56% dos localizados em São Paulo com “sobreponderação” ( overweight , exposição acima da média do mercado) no setor. Por outro lado, apenas 21% dos estrangeiros estão overweight em utilities. Por outro lado, os “gringos” parecem preferir os grandes bancos e empresas do setor de indústria/bens de Capital, com 54% e 46% dos fundos “sobreponderados” nestes setores, respetivamente. Os locais também estão com maior peso nos grandes bancos e em consumo/varejo. O petróleo é a commodity que deverá apresentar desempenho superior em 2024, de acordo com a pesquisa.
Também parece haver uma consenso entre os do Rio de Janeiro e de São Paulo sobre quais setores estão menos expostos ( underweight ), que são aço e mineração e educação. Os estrangeiros parecem concordar com a “subponderação” no setor siderúrgico e mineiro, com 50% underweight . A saúde, um setor historicamente com uma exposição acima, aparece agora entre os três principais setores com menor exposição, seguido por celulose e papel.
O terceiro ponto é de que o clima geral para as ações dos EUA em 2024 é marginalmente construtivo, com 49% dos participantes mantendo uma postura neutra e 38% uma posição positiva. Nesta linha, a quarta conclusão é de que as taxas globais (especialmente do Tesouro dos EUA) são o principal driver do mercado para os próximos seis meses.  O segundo e o terceiro catalisadores mais escolhidos foram a tendência dos lucros e a curva de juros doméstica, respectivamente.
Com oportunidades nos Estados Unidos, e noticiário local conturbado, investidores tiram capital do Brasil
Em quinto lugar , ao falar com os investidores, os estrategistas ressaltam que “o número mágico” para a entrada de capital em ações pelos fundos é a taxa Selic caindo para 9%. A Selic está atualmente em 11,25%, após cinco cortes consecutivos de 0,50 ponto percentual pelo BC.  “A maioria dos fundos (55%) planeja aumentar a sua exposição às ações brasileiras nos próximos seis meses, enquanto apenas alguns planejam diminuir a sua exposição”, aponta o BBA.
A projeção também é de uma tendências de lucros positiva, sendo esta a sexta conclusão da equipe do BBA: 38% dos investidores veem um ligeiro risco ascendente para o lucro por ação em 2024. As estimativas de lucros do sell-sid e no Brasil são consideradas realistas a conservadoras pelos locais, enquanto os estrangeiros têm estimativas de lucros mais agressivas, com riscos de uma ligeira revisão para baixo.
Continua depois da publicidade
Forte geração de caixa, empresas com vantagens competitivas, expectativa de revisão de resultados e valuations atrativos foram os fatores mais escolhidos que desempenham um papel fundamental nas decisões de investimento. A Eletrobras ( ELET3 ) é a ação que deverá proporcionar o maior retorno no ano de 2024 entre as grandes para os entrevistados. Nubank (NYSE: NU ) e Mercado Livre ( MELI34 ) empatam na segunda colocação.
Por fim, a sétima conclusão trata sobre as ações preferidas de estrangeiros e locais. Grandes bancos e Eletrobras aparecem na ponta para os investidores locais, enquanto Mercado Livre é destaque para os estrangeiros. Itaú ( ITUB4 ) foi o nome mais escolhido entre os fundos pesquisados, principalmente os localizados no Rio de Janeiro. A Eletrobras foi o segundo nome mais escolhido entre todos os participantes, com muitos estrangeiros considerando a ação como sua principal escolha junto com o Mercado Livre. Entre as dez principais escolhas dos fundos pesquisados, o BBA tem sete nomes em seu  portfólio: Eletrobras, Localiza ( RENT3 ), Equatorial ( EQTL3 ), Nubank, Petrobras ( PETR4 ), Vale ( VALE3 ) e Sabesp ( SBSP3 ).",InfoMoney,https://www.infomoney.com.br/mercados/estrangeiros-preferem-bancoes-locais-apostam-em-utilities-e-mais-visoes-sobre-a-bolsa-brasileira/
infomoney_51536a1bdf4b,2024-02-06,Sabesp,Saneamento,SBSP3,Debêntures devem chegar mais a pequeno investidor – mas será preciso observar taxas,"Publicidade
Após ano de forte aumento de aportes em ativos de renda fixa isentos de Imposto de Renda, debêntures devem ganhar tração em 2024 e ficar mais acessíveis ao investidor final, entre outros motivos, por não terem tido emissões restringidas pelo Conselho Monetário Nacional (CMN). Mas, segundo especialistas, será preciso ficar atento às taxas contratadas.
Na semana passada, o CMN restringiu emissões de Certificados de Recebíveis Imobiliários (CRIs) e do Agronegócio (CRAs), além de Letras de Crédito Imobiliárias (LCIs) e do Agronegócio (LCAs) . “Debêntures incentivadas não foram afetadas pela medida e devem ver um aumento de demanda”, explica Ricardo Nunes, CIO de crédito e Wealth Management da Paramis Capital. Para ele, muitas empresas que emitiam dívida via CRIs e CRAs podem procurar as debêntures para se financiar.
Outro ponto a favor para as debêntures é o momento mais favorável do mercado de crédito após alívio das crises causadas por Light e Americanas. Como consequência, o mercado espera mais emissões de debêntures incentivadas e não incentivadas, fazendo as captações com esse instrumento superarem os R$ 236,3 bilhões registrados 2023.
A participação do investidor comum é restrita nesse tipo de operação. Dados da Anbima (Associação Brasileira das Entidades dos Mercados Financeiro e de Capitais) mostram que pessoas físicas responderam por apenas 5,62% do volume emitido em debêntures em 2023. O restante ficou na mão de investidores profissionais – fundos de investimento, bancos, corretoras – e qualificados – que têm mais de R$ 1 milhão de patrimônio em investimentos.
A rolagem (refinanciamento) de dívidas é um dos fatores que pode contribuir para mais emissões abertas a todos os investidores. Rodrigo Mendes, analista de crédito da Warren Investimentos, explica que essas operações são feitas por empresas que já acessam o mercado de crédito privado e que geralmente conseguem realizar os trâmites de emissão mais rapidamente.
O exemplo mais recente de empresa rolando dívida com debêntures é da Sabesp, que anunciou, no último dia 29, a emissão de até R$ 3 bilhões destinados a “refinanciamento de compromissos financeiros vincendos em 2024 e recomposição e reforço de caixa”.
Lucas Sacramone, distribuidor institucional sênior da XP, explica que emissores frequentes de debêntures conseguem seguir o rito automático de emissão , que leva até dois meses, enquanto o ordinário, geralmente usado por companhias que não costumam acessar o mercado de crédito privado, demora entre três e quatro meses.
“A maioria dos emissores está aberta a abrir as emissões para o público geral quando tem a possibilidade de fazer isso via rito automático”, diz Sacramone. “Provocamos isso para criar mais capilaridade e atender mais clientes do mercado como um todo”.
Marcelo Marin, gestor de investimentos da Azimut Brasil Wealth Management, cita o estoque de R$ 96 bilhões em debêntures que vencem em 2024 para mostrar que “o pipeline de emissões é gigante” neste ano. É muito comum que empresas com debêntures próximas do vencimento façam novas emissões, o que é ainda mais incentivado com condições melhores no mercado atualmente.
Continua depois da publicidade
Se por um lado o público geral pode se animar com mais acesso ao mercado, é preciso saber que sua participação ajuda na queda das remunerações.
“Quanto mais pessoas têm acesso às debêntures, mais baixas as taxas ficam.”
As taxas ofertadas pelos emissores também entram na conta antes de decidir abrir ofertas ao público geral. Isso porque as emissões podem ser caras e demoradas demais, fazendo com que algumas empresas prefiram remunerar mais alto os investidores qualificados e profissionais, a arcar com esses custos.
O mercado secundário de debêntures cresceu 61,5% em volume de negociações em 2023, dando bom presságio ao investidor comum: com um secundário desenvolvido, fica mais fácil encontrar compradores para os títulos e sair de uma aplicação mais rapidamente .
Continua depois da publicidade
Marin diz que há muitos bancos e corretoras comprando debêntures nas emissões para ofertá-las a seus clientes, movimentando ainda mais o mercado secundário. Em 2023, os intermediários e demais participantes ligados à oferta foram os principais subscritores de debêntures, segurando 56,55% do volume emitido.
Sacramone lembra que os papéis exclusivos de qualificados e profissionais podem ser negociados no mercado secundário com pessoas físicas seis meses após as emissões . Como o segundo semestre de 2023 foi forte em emissões, bons papéis ficarão disponíveis ao investidor comum ainda no primeiro semestre deste ano.
“Quando há ampliação do escopo das ofertas e possibilidade de negociação no secundário, há mais liquidez no mercado. Estamos confiantes em um bom ano”, conclui o distribuidor institucional sênior da XP.",InfoMoney,https://www.infomoney.com.br/onde-investir/debentures-devem-chegar-mais-a-pequeno-investidor-mas-sera-preciso-observar-taxas/
infomoney_1ec5d0622924,2024-02-02,Sabesp,Saneamento,SBSP3,"BNDES libera R$ 1,35 bilhão para trecho norte do Rodoanel; anúncio foi feito por Lula","Publicidade
O Banco Nacional de Desenvolvimento Econômico e Social (BNDES) vai financiar com R$ 1,35 bilhão a construção do trecho norte do Rodoanel, em São Paulo. A liberação do recurso foi antecipada na manhã desta sexta-feira (2) pelo presidente da República, Luiz Inácio Lula da Silva (PT), durante o anúncio das obras do túnel Santos-Guarujá, no litoral paulista .
O trecho norte do Rodoanel (SP-21) é o último que falta para completar a ligação das principais rodovias que chegam à capital do estado.
“O que é importante, Tarcísio, é dizer para você que o BNDES aprovou R$ 1,35 bilhão para o estado de São Paulo, para o trecho norte do Rodoanel. Logo você irá receber a notícia do Aloizio Mercadante”, disse Lula dirigindo-se ao governador de São Paulo, Tarcísio de Freitas (Republicanos).  Mercadante (PT) é o presidente do banco estatal.
A cerimônia no Porto de Santos foi marcada por afagos entre os dois políticos , apesar de Tarcísio ser afilhado político do ex-presidente Jair Bolsonaro (PL) e também apontado como possível candidato à Presidência em 2026 — quando Lula deve tentar a reeleição.
Enquanto Lula falava sobre o passado de Tarcísio em governos petistas, uma pessoa na plateia gritou “Tarcísio, volta pro PT!”, arrancando gargalhadas de todos (veja no vídeo abaixo) . O presidente então concluiu: “Eu vim aqui hoje anunciar para o Tarcísio que nós estamos juntos. Em quem ele vai votar é um problema dele. Em quem eu vou votar é um problema meu. Mas nós estamos juntos, com o compromisso de servir o povo desse estado e o povo brasileiro”.
Trecho norte do Rodoanel O investimento de R$ 1,35 bilhão do BNDES faz parte do aporte público que compete ao estado de São Paulo na parceria público-privada (PPP) firmada com a concessionária Rodoanel Norte SPE S.A. A empresa é sociedade de propósito específico (SPE) constituída pela Via Appia FIP Infraestrutura, vencedora do leilão de concessão do trecho norte. A participação total do governo paulista nas obras é de R$ 1,5 bilhão.
Mercadante ressaltou a importância do projeto rodoviário que circunda a cidade de São Paulo: “O trecho norte do Rodoanel é um projeto prioritário, que inclusive está em processo de inclusão no Novo Programa de Aceleração do Crescimento, do governo federal”, afirmou o presidente do BNDES citando o “Novo PAC”.
A projeto prevê pista dupla separada por canteiro central e controle total de acesso, mantendo o padrão dos outros trechos (oeste, sul e leste, já em operação). Ela vai possuir 19,7 km de vias em 4 faixas e outros 26,1 km de vias em 3 faixas e características para uma velocidade de 120 km/h (o limite nos outros trechos é de 100 km/h).
O trecho terá 14 túneis, totalizando 12 km de extensão (cerca de ¼ da extensão da rodovia) e 60 OAEs (obras de arte especiais). O contrato da PPP também prevê uma série de intervenções por parte da concessionária para a mitigação do impacto ambiental, com 14 passagens de fauna e 46 caixas para produtos perigosos.
Continua depois da publicidade
A estimativa é que cerca de 30 mil caminhões e 54 mil automóveis deixem de circular pela Marginal Tietê, por dia, quando o último trecho do Rodoanel estiver pronto. Ele também reduzirá em 21 minutos o tempo de deslocamento entre as rodovias Dutra (BR-116) e Fernão Dias (BR-381); em 26 minutos entre a Dutra e a Bandeirantes (SP-348); e em 27 minutos entre a Dutra e a Castello Branco (SP-280).
Privatização da Sabesp e da Emae Tarcísio falou também, durante o evento em Santos, sobre a privatização da Emae (Empresa Metropolitana de Águas e Energia S.A., sucessora da Light e da Eletropaulo no estado) e da Sabesp ( SBSP3 ).
Ele disse que a desestatização da Emae ( EMAE4 ) deve sair no primeiro semestre deste ano, mas não deu uma previsão para a da Sabesp (uma operação consideravelmente maior). “Emae, sim. Sabesp vamos ver”, disse o governador ao jornal O Estado de S. Paulo, ao ser questionado se as operações sairiam na primeira metade do ano.
Continua depois da publicidade
A venda da Emae, empresa de águas e energia controlada pelo governo estadual, é vista como um teste para o apetite do mercado para a Sabesp.
Considerada uma das maiores empresas de saneamento do mundo em população atendida (são 28,4 milhões de pessoas abastecidas com água e 25,2 milhões de pessoas com coleta de esgoto), a Sabesp deve ser privatizada através de uma capitalização, nos mesmos moldes da Eletrobras ( ELET3 ; ELET6 ) no governo Bolsonaro.",InfoMoney,https://www.infomoney.com.br/politica/lula-rodoanel-trecho-norte-bndes-r-135-bilhao/
infomoney_a990b8dbae97,2024-02-02,Sabesp,Saneamento,SBSP3,Tarcísio diz que privatização da Emae sai no 1º semestre e que “Sabesp vamos ver”,"Publicidade
O governador de São Paulo, Tarcísio de Freitas (Republicanos), afirmou nesta sexta-feira (2) que a privatização da Emae (Empresa Metropolitana de Águas e Energia S.A., sucessora da Light e da Eletropaulo no estado), deve sair no primeiro semestre deste ano.
Para a desestatização da Sabesp ( SBSP3 ), que é uma operação consideravelmente maior, Tarcísio não deu previsão. “Emae, sim. Sabesp vamos ver”, disse o governador ao Estadão, ao ser questionado se as operações sairiam na primeira metade de 2024.
A venda da Emae ( EMAE4 ), empresa de águas e energia controlada pelo governo estadual, é vista como um teste para o apetite do mercado para a Sabesp, que é considerada uma das maiores empresas de saneamento do mundo em população atendida.
São 28,4 milhões de pessoas abastecidas com água e 25,2 milhões de pessoas com coleta de esgoto, segundo a própria empresa, que deve ser privatizada através de uma capitalização, como a Eletrobras ( ELET3 ; ELET6 ).
Leia também: • BNDES libera R$ 1,35 bilhão para trecho norte do Rodoanel; anúncio foi feito por Lula
Túnel que liga Santos ao Guarujá O governador falou com a imprensa na saída de evento em que o governo federal e o de São Paulo oficializaram a parceria para construir o túnel imerso que ligará Santos ao Guarujá , no litoral de São Paulo. A solenidade também foi em comemoração aos 132 anos do Porto de Santos, onde a cerimônia foi realizada.
O evento foi marcado pela troca de afagos entre o presidente da República, Luiz Inácio Lula da Silva (PT) e Tarcísio, que é afilhado político do ex-presidente Jair Bolsonaro (PL) e apontado como possível candidato à Presidência em 2026 (veja no vídeo abaixo) . Caso Lula tente a reeleição, os dois podem se enfrentar diretamente nas urnas.
Tarcísio disse que o projeto que será executado para a obra será o da Dersa, estatal do governo paulista, e não o da Autoridade Portuária de Santos (APS), que é ligada ao governo federal. Ele afirmou que o projeto da Dersa está maduro e atende às necessidades técnicas do túnel.
O empreendimento está incluído nas obras do Novo Programa de Aceleração do Crescimento (PAC) e será resultado de uma parceria público-privada (PPP), com R$ 5,8 bilhões em investimentos previstos. Lula disse que a construção do túnel é muito custosa, por isso será feita com parcerias privadas, e vai aproveitar o projeto já desenvolvido pelo estado de São Paulo.
Continua depois da publicidade
“Nós vamos fazer uma parceria, para fazer conjuntamente esse nosso querido ‘Eurotúnel’, que é muito pequeno, mas é muito importante”, afirmou o presidente em referência à ligação entre França e Inglaterra. O túnel Santos-Guarujá ficará imerso sob o fundo do canal, a uma profundidade de 21 metros entre os dois municípios, e será o primeiro do tipo na América Latina, com 860 metros entre as margens.
(Com Estadão Conteúdo)",InfoMoney,https://www.infomoney.com.br/politica/tarcisio-diz-que-privatizacao-da-emae-sai-no-1o-semestre-mas-a-da-sabesp-vamos-ver/
infomoney_1d05ca1b4a88,2024-02-02,Sabesp,Saneamento,SBSP3,Lula e Tarcísio trocam afagos e anunciam obra de túnel para ligar Santos ao Guarujá,"Publicidade
O presidente da República, Luiz Inácio Lula da Silva (PT) e o governador de São Paulo, Tarcísio de Freitas (Republicanos), anunciaram nesta sexta-feira (2) as obras do túnel imerso que ligará as cidades de Santos e Guarujá, no litoral de São Paulo. A solenidade também foi em comemoração aos 132 anos do Porto de Santos, onde a cerimônia foi realizada.
O empreendimento está incluído nas obras do Novo Programa de Aceleração do Crescimento (PAC) e será resultado de uma parceria público-privada (PPP), com R$ 5,8 bilhões em investimentos previstos. Lula disse que a construção do túnel é muito custosa, por isso será feita com parcerias privadas, e vai aproveitar o projeto já desenvolvido pelo estado de São Paulo.
“Nós vamos fazer uma parceria, para fazer conjuntamente esse nosso querido ‘Eurotúnel’, que é muito pequeno, mas é muito importante”, afirmou o presidente em referência à ligação entre França e Inglaterra. O túnel Santos-Guarujá ficará imerso sob o fundo do canal, a uma profundidade de 21 metros entre os dois municípios, e será o primeiro do tipo na América Latina, com 860 metros entre as margens.
Segundo a Presidência da República, o túnel beneficiará mais de 5 milhões de pessoas, incluindo 1,6 milhão de habitantes da Baixada Santista e os mais de 4 milhões de turistas que anualmente visitam a região. Atualmente, para ir de uma cidade a outra é preciso atravessar de balsa, que transporta cerca de 23 mil veículos por dia, ou a rodovia Cônego Domenico Rangoni (SP-55), dando uma volta de quase 50 km.
Leia também: • BNDES libera R$ 1,35 bilhão para trecho norte do Rodoanel; Lula faz o anúncio • Tarcísio diz que privatização da Emae sai no 1º semestre: “Sabesp vamos ver”
Afago a Tarcísio Afilhado político do ex-presidente Jair Bolsonaro (PL) e apontado como possível candidato à Presidência em 2026, Tarcísio foi aplaudido antes e durante o seu discurso, mas chegou a ser vaiado por parte dos presentes ao final da sua fala. Lula discursou na sequência e fez referência à situação. O presidente disse que a cerimônia visava “restaurar a normalidade no país”, “e a normalidade é a gente respeitar o direito à diferença”.
“Quero te dizer, Tarcísio, que você terá da Presidência da República tudo aquilo que for necessário, porque eu não estou beneficiando o governador, estou beneficiando o estado mais importante da federação”, afirmou Lula. Ele ainda fez uma brincadeira com o vice-presidente Geraldo Alckmin (PSB), com quem disputou a eleição presidencial de 2006. “O Alckmin, nós brigamos tanto. E olha como é que a gente está agora, casadinho. Estamos separados pela Dona Lu [esposa de Alckmin] e pela Dona Janja [primeira-dama], mas estamos ali juntinhos. O Brasil precisa disso.”
Em outro trecho do discurso, o presidente disse ter encontrado o governador quando ele trabalhava nas obras do gasoduto Coari-Manaus. Lembrou também que, antes de ser ministro da Infraestrutura de Bolsonaro, Tarcísio foi diretor-geral do Departamento Nacional de Infraestrutura de Transportes (DNIT) na gestão Dilma Rousseff (PT).
“Eu encontrei com o Tarcísio em Coari, no meio da Amazônia, trabalhando no gasoduto. Depois o Tarcísio trabalhou com a Dilma Rousseff. Depois eu estranhei vendo ele trabalhar com o Bolsonaro, mas paciência, é uma opção dele. E depois ele ganhou de nós as eleições”, disse Lula em referência à eleição para o governo paulista em 2022, em que Tarcísio derrotou o atual ministro da Fazenda, Fernando Haddad (PT). “O que eu vou lamentar? Eu tenho que parabenizá-lo e preparar para derrotar você nas próximas eleições”.
Continua depois da publicidade
Enquanto Lula falava sobre o passado de Tarcísio em governos petistas, uma pessoa na plateia gritou “Tarcísio, volta pro PT”, arrancando gargalhadas de todos, no palco e na plateia. O presidente então concluiu: “Eu vim aqui hoje anunciar para o Tarcísio que nós estamos juntos. Em quem ele vai votar é um problema dele. Em quem eu vou votar é um problema meu. Mas nós estamos juntos, com o compromisso de servir o povo desse estado e o povo brasileiro”.
Em seu discurso, Lula aproveitou para anunciar a liberação pelo Banco Nacional de Desenvolvimento Econômico e Social (BNDES) de R$ 1,35 bilhão ao governo de São Paulo, para as obras do trecho norte do Rodoanel, o último que falta para completar a ligação das principais rodovias que chegam à capital paulista. “Logo logo você irá receber a notícia do Aloizio Mercadante [presidente do BNDES]”, disse Lula dirigindo-se a Tarcísio.
Em seu discurso, o governador ressaltou a importância de realizar as obras em parceria com o governo federal. “Quando a gente soma todo investimento que vai ser feito aqui, a gente vai passar fácil, presidente Lula, dos R$ 8 bilhões. E nós vamos fazer isso juntos”, afirmou o governador, que pode ser o candidato à Presidência da oposição daqui e 2 anos, quando Lula deverá tentar a reeleição.
Continua depois da publicidade
Porto de Santos O governo federal também anunciou obras no Porto de Santos. Segundo o ministro do Empreendedorismo, da Microempresa e da Empresa de Pequeno Porte, Márcio França (PSB), as obras no porto terão apenas recursos públicos da Autoridade Portuária de Santos (APS) e dos operadores dos terminais privados.
Lula foi o primeiro presidente da história a visitar o Porto de Santos, o maior terminal do hemisfério Sul. O porto é responsável pelo transporte de quase 30% da balança comercial do Brasil e registrou uma movimentação recorde de 15,6 milhões de toneladas de cargas em dezembro, um crescimento de 29% em relação a dezembro de 2022.
França também destacou obras já autorizadas pelo governo federal na Baixada Santista, como as obras do aeroporto de Guarujá e a perimetral do Guarujá. A Baixada Santista é o reduto político do ministro, que já foi prefeito de São Vicente (SP) e começou o governo Lula como ministro de Portos e Aeroportos. França deu lugar a Silvio Costa Filho (Republicanos) em meados do ano passado, em uma reforma ministerial feita pelo presidente para acomodar o Centrão (Costa Filho é do mesmo partido de Tarcísio e também estava no evento).
Continua depois da publicidade
Também participaram o vice-presidente e ministro do Desenvolvimento, Indústria, Comércio e Serviços (MDIC), Geraldo Alckmin (PSB); o ministro da Fazenda, Fernando Haddad (PT); o ministro-chefe da Casa Civil, Rui Costa (PT), o ministro das Relações Institucionais, Alexandre Padilha (PT); e o chefe da Secretaria-Geral da Presidência da República, Márcio Macedo.
Fábrica da Volkswagem em SBC À tarde, Lula vai comparecer ao anúncio dos investimentos da Volkswagen no Brasil e dos novos projetos da marca, na sede da fábrica em São Bernardo do Campo (SP). A montadora havia anunciando R$ 7 bilhões em investimentos na América Latina para o ciclo de 2022 a 2026, e para o ciclo de 2026 a 2028 serão somados mais R$ 9 bilhões. “A Volkswagen reafirma sua confiança no Brasil e mais que dobra seus investimentos, para R$ 16 bilhões”, afirmou o CEO da montadora no Brasil, Ciro Possobom, em nota distribuída pela Presidência da República.
(Com Reuters, Agência Brasil e Estadão Conteúdo)",InfoMoney,https://www.infomoney.com.br/politica/lula-e-tarcisio-anunciam-obras-de-tunel-para-ligar-santos-ao-guaruja/
infomoney_e2f3eae09368,2024-02-01,Sabesp,Saneamento,SBSP3,As ações mais indicadas para fevereiro: ASAI3 e SBSP3 entram e Vale reina absoluta,"Publicidade
Após as fortes altas vistas no fim de 2023, o Ibovespa recuou quase 5% em janeiro, para 127.752 pontos – em meio a um movimento natural de realização de lucros, mas também em função de turbulências no mercado internacional. O cenário mexeu com as carteiras recomendadas pelas principais corretoras, que trouxeram duas novidades entre as mais indicadas: Assaí (ASAI3) e Sabesp (SBSP3), ambas com quatro apontamentos.
A liderança permanece com a Vale (VALE3), unanimidade desde dezembro em todos os dez portfólios analisados. Com metade das recomendações, a Vivara (VIVA3) ficou com a segunda colocação, à frente do Itaú Unibanco (ITUB4), com quatro apontamentos – mesma quantidade de Localiza (RENT3) e Petrobras (PETR4), que fecham a lista do mês.
Confira as análises sobre cada empresa:
Todos os meses, o InfoMoney analisa as carteiras recomendadas por dez corretoras, apontando as cinco companhias mais indicadas. Em caso de empate, o número pode ser maior, como ocorreu neste mês. Veja as mais citadas, a quantidade de recomendações e os desempenhos de cada papel em janeiro e em 12 meses:
Acompanhe agora os destaques das empresas selecionadas para o mês, segundo os relatórios divulgados pelas corretoras.
“Estamos incluindo Assaí Atacadista em nossa carteira enxergando um melhor resultado no próximo trimestre, apresentando boa recuperação sequencial e gatilhos de valor no que diz respeito ao seu nível de SSS [vendas mesmas lojas] para 2024”, diz a Ativa Investimentos, que aposta ainda em uma redução da alavancagem e crescimento contínuo de 20% da receita anual.
A Santander Corretora espera ainda melhoras no marco regulatório do setor e bons índices de reajuste nas revisões tarifárias da Sabesp, que volta à lista de mais indicadas. “Acreditamos que a potencial privatização em curso transformará a Sabesp em uma história de investimento ainda mais atraente e a colocará entre as poucas ações com forte potencial de valorização nos próximos anos”.
O Santander mantém visão positiva sobre os preços do minério de ferro no médio prazo, com cotações acima de US$ 100 a tonelada, principalmente pela restrição de oferta.
“Embora reconheçamos que a tese de investimento da Vale continua altamente dependente da China, vemos os fundamentos que apoiam os preços do minério de ferro no curto prazo ainda sólidos, especialmente à medida que nos aproximamos de uma sazonalidade de produção mais fraca no Brasil e na Austrália”, diz a corretora.
Continua depois da publicidade
Líder no varejo especializado em joias e relógios no Brasil, a Vivara é recomendação na Ágora por seu robusto crescimento de receita, com uma expansão média anual de cerca de 15% no período de 2023-2026, conforme estimativas. Analistas também citam uma boa dinâmica de curto prazo, avanço da área de vendas e perspectivas de lucros mais fortes – com um aumento anual de aproximadamente 21%, em média, no período.
A instituição deixou dois portfólios recomendados, mas permanece entre os destaques, com quatro apontamentos. No começo da semana que vem, o banco divulga seus resultados em 2023 e a Ágora espera melhores tendências no crescimento dos empréstimos individuais e na qualidade dos ativos.
“Esperamos que a receita de tarifas registre uma melhoria sequencial, impulsionada pela sazonalidade, enquanto as despesas operacionais podem sofrer uma ligeira pressão de maiores volumes, despesas de marketing e ajustes salariais.”
Continua depois da publicidade
A empresa de locação de automóveis registra quatro indicações no mês. Na avaliação da Ágora, o mercado de veículos seminovos deve melhorar gradativamente, acompanhando o cenário macroeconômico, o que pode impulsionar os papéis da Localiza.
Os especialistas comentam ainda que as ações negociam atualmente a um preço/lucro (P/L) esperado para 2024 de aproximadamente 17 vezes, com desconto significativo frente à média de cinco anos. O múltiplo mostra a relação entre o preço em Bolsa e o lucro projetado. Quanto maior, em tese, mais cara está a ação.
A estatal de petróleo também figura em quatro portfólios selecionados e fecha a lista de destaques de fevereiro. Para o BTG, a Petrobras deve continuar superando seus pares em 2024, pois oferece múltiplos atraentes, e com potencial de expansão, ao passo que os principais riscos seguem diminuindo.
Continua depois da publicidade
“Um forte nível de produção, capex [investimento] reduzido e uma sólida governança corporativa sustentarão uma geração sólida de fluxo de caixa para o acionista em 2024, permitindo que a Petrobras pague dividendos atraentes, beneficiando tanto acionistas minoritários quanto majoritários.”",InfoMoney,https://www.infomoney.com.br/onde-investir/as-acoes-mais-indicadas-para-fevereiro-asai3-e-sbsp3-entram-e-vale-reina-absoluta/
infomoney_f7fbfdd05fec,2024-02-01,Sabesp,Saneamento,SBSP3,"Com fundo de até R$ 2 bi, Perfin começa a olhar para logística","Publicidade
Especialista na estruturação de grandes projetos de infraestrutura, energia e saneamento, a gestora Perfin vê oportunidades de diversificar sua carteira de pouco mais de R$ 9 bilhões nesses setores. No radar da casa, que em novembro começou a captação de um novo fundo que pode alcançar até R$ 2 bilhões, a logística deverá ganhar vez.
Carolina Rocha, sócia e diretora de operações (COO) da Perfin , explica ao IM Business que a armazenagem em terminais logísticos tende a ser a porta de entrada da gestora no segmento, embora nenhum negócio esteja encaminhado. “Até aqui, não tínhamos encontrado oportunidades que nos desse o risco/retorno esperado”, explica.
Fundada em 2007, a Perfin começou a investir em infraestrutura há oito anos. Primeiro com aportes mais específicos e, desde 2020, passou a trabalhar com um fundo multisetorial que terminou de ser investido no ano passado. Participações na antiga estatal gaúcha de saneamento Corsan , na concessão de rodovias no Paraná e na construção de uma linha de transmissão entre Goiás, Minas Gerais e São Paulo são alguns dos investimentos mais recentes da gestora.
Para isso, a casa possui sócios estratégicos e com conhecimento em cada uma das operações. No saneamento, por exemplo, a parceria da Perfin é com a Aegea , com quem possui acordo para operar em conjunto ativos do Sul do país – além da Corsan, a dupla está na parceria público-privada (PPP) da Sanepar , no Paraná. Em rodovias, a sócia é a Equipav , enquanto a Alupar é a parceira nos ativos de transmissão de energia.
“É um diferencial ter sócios desse nível. Conseguimos agregar nosso olhar multisetorial e de estruturação financeira com a expertise das empresas. Fazer sociedade nunca é simples, mas conseguimos construir boas relações”, reforça Carolina.
Nas perspectivas da Perfin para 2024, as concessões de rodovias devem acelerar. Com a previsão do Ministério dos Transportes de realizar até 13 leilões neste ano , os ativos devem atrair novamente os fundos de investimento, a exemplo dos certames do Paraná em 2023 . “Já temos quatro concessões e é um ativo em que nos sentimos confortáveis em investir. Além das federais, há um pipeline robusto de estradas estaduais”, acrescenta a executiva.
Em transmissão, a tendência é de seguirem os grandes leilões, como já vêm ocorrendo nos últimos anos . A previsão é que tenham dois certames em 2024, com uma necessidade de investimentos próxima a R$ 50 bilhões. Na Perfin, que participa dos remates desde 2016, os ânimos estão renovados para este ano, diz Carolina Rocha, após a casa voltar a vencer seu primeiro leilão desde 2017, arrematando um dos lotes no certame promovido pela Agência Nacional de Energia Elétrica ( Aneel ), em dezembro .
Já no setor de saneamento, a expectativa da Perfin – e de outras gestoras – se concentra na privatização da Sabesp e com o futuro da mineira Copasa , uma vez que outras iniciativas de água e esgoto tendem a ficar mais paradas, em um momento de acomodação do mercado.
Na estatal paulista, a dúvida segue em relação ao tamanho da fatia que o governo estadual irá vender ao mercado. No caso da Perfin, a questão é fundamental para a sua decisão de avançar no follow-on ou não. “Precisamos entender como vai funcionar a governança e quão pulverizada pode ficar a base de sócios e a qualidade deles. Nós temos um mandato que nos proíbe de correr o risco de não ter ingerência, então temos que esperar mais detalhes.”",InfoMoney,https://www.infomoney.com.br/business/com-fundo-de-ate-r-2-bi-perfin-comeca-a-olhar-para-logistica/
infomoney_e2a3bf4b6ad9,2024-01-30,Sabesp,Saneamento,SBSP3,Itaú BBA aposta em ações ” bond-proxies” e destaca 4 empresas preferidas,"Publicidade
As ações consideradas bond proxies (ou seja, ações com comportamento semelhantes a títulos de renda fixa) seguem sendo vistas como atrativas pela equipe de estratégia do Itaú BBA, que destaca quatro ações: Equatorial ( EQTL3 ), Sabesp ( SBSP3 ), Santos Brasil ( STBP3 ) e Eletrobras ON ( ELET3 ) como preferidas. “Juntamente com a valuation atraente, essas ações estão entre as 5 melhores ranqueadas em nosso modelo de momentum de lucros”, avalia a equipe de estratégia do banco.
Para o segmento em geral, o banco tem uma visão positiva sobre bond-proxies por duas razões principais. Primeiro, os estrategistas acreditam que há uma assimetria favorável nas taxas de juros reais no Brasil, que estão atualmente acima dos níveis históricos (títulos vinculados à inflação a 5,6%).
Em segundo lugar, analistas veem as bond-proxies como um dos melhores temas para as ações brasileiras em 2024, pois é possível encontrar empresas de qualidade negociando a valuations atrativos, com bom momentum operacional e catalisadores positivos à frente.
O setor de utilities (energia e saneamento) é o favorito o BBA, pois tem a maior taxa interna de retorno (TIR) e rendimento de dividendos, seguido por Infraestrutura (portos) e shoppings (não diretamente expostos à MP 1.185 (ou MP das subvenções ) e realizando iniciativas interessantes de alocação de capital.
Segundo relatório do banco, as bond-proxies oferecem uma ampla variedade de ações, desde estatais com TIR relativamente alta até empresas de transmissão com TIR relativamente baixa.
Entre os três setores analisados, utilities tem a menor correlação negativa com as taxas reais nos últimos dois anos, implicando ser um setor relativamente de baixa volatilidade/baixo beta. Além disso, o setor oferece atualmente uma taxa interna de retorno real consideravelmente acima da NTN-B 2035, 10,5% versus 5,6%.
No entanto, o BBA cita os principais riscos a tese, como um setor altamente regulamentado e complexo de entender; ii) risco de interferência política, dada a disputa pelos limites de direito de voto da Eletrobras e o processo de renovação de concessão de distribuidoras e iii) com exceção da Alupar, as outras empresas de transmissão não são atraentes em termos de TIR.
Já sobre a Sabesp, os estrategistas comentam que a empresa de saneamento paulista oferece uma proposta de risco/retorno atrativa e catalisadores de curto prazo, como a continuidade do processo de privatização. Enquanto isso, a Equatorial não é apenas o melhor alocador de capital no setor de utilidades, mas também tem um momentum de ganhos sólido e uma TIR real atrativa (10,5%).
No segmento de infraestrutura, os estrategistas veem as ações desses setores como mais expostas à tese de longo prazo do país, mas fatores de curto prazo também podem pesar.  Essas empresas geralmente operam com alavancagem relativamente alta e ciclos de investimento mais longos. Atualmente, a única ação que o banco mantém em sua carteira do segmento é a Santos Brasil, pois possui mais vias de crescimento a longo prazo, juntamente com possíveis impulsionadores a curto prazo, na visão da casa.
Continua depois da publicidade
Shoppings no radar
O BBA também afirmou gostar do setor de shoppings, pois acredita que pode se beneficiar de uma melhoria no consumo em um cenário de queda nas taxas de juros, sem a exposição às discussões relacionadas a impostos que têm assombrado o setor de varejo. O banco ainda disse apreciar o fato de que os nomes listados são as empresas mais relevantes do setor, seja por terem os portfólios mais dominantes ou por concentrarem uma grande parcela das receitas do setor.",InfoMoney,https://www.infomoney.com.br/mercados/itau-bba-aposta-em-acoes-bond-proxies-e-destaca-4-empresas-preferidas/
infomoney_f7b84ab8229d,2024-01-30,Sabesp,Saneamento,SBSP3,"Sabesp emitirá debêntures no valor de até R$ 3 bi, Energisa capta R$ 2,5 bi em follow-on e mais","Publicidade
O radar corporativo desta terça-feira (30) traz a 31ª emissão de debêntures simples, não conversíveis em ações, em até 3 séries, no valor de até R$ 3 bilhões, da Sabesp (SBSP3). Além disso, a Energisa (ENGI11) captou R$ 2,5 bilhões com oferta de ações.
A Vale (VALE3), por sua vez, produziu 89,4 milhões de toneladas de minério de ferro no 4º trimestre, alta anual de 11% . Já a Gol (GOLL4) será excluída do Ibovespa e de mais 9 índices após recuperação judicial nos EUA .
A Hypera (HYPE3) aprovou pagamento de JCP no valor de R$ 61,6 milhões . A 3R (RRRP3) precificou oferta de títulos externos no valor de US$ 500 milhões .
Confira mais destaques:
O Conselho de Administração da Sabesp (SBSP3) aprovou a realização da 31ª emissão de debêntures simples, não conversíveis em ações, em até 3 (três) séries, no montante inicial de R$ 2,5 bilhões, observado que, o valor originalmente ofertado poderá, ser aumentado em até 20%, ou seja, em até R$ 500 milhões, podendo chegar, neste caso, ao volume total de até R$ 3 bilhões.
A Energisa (ENGI11) precificou a oferta de ações em R$ 9,96 por papel, movimentando R$ 2,5 bilhões, mediante a emissão de 98.415.590 Ações Ordinárias e 151.922.533 Ações Preferenciais, que correspondem a 36.125.281 Units, após a Conversão Automática.
O novo capital social da companhia passou a ser de R$ 7,5 bilhões, dividido em 899.314.454 ações ordinárias e 1.390.110.209 ações preferenciais.
A Enjoei informou que foi concluída na segunda a aquisição de participação correspondente a 25% do capital social da Cresci e Perdi.
O conselho de administração da Technos (TECN3) aprovou a distribuição de dividendos intercalares, no valor total de R$ 10.237.000,00 equivalentes a R$ 0,1524 por ação. O pagamento dos dividendos intercalares ocorrerá no dia 09 de fevereiro de 2024, com base na posição acionária de 01 de fevereiro de 2024.
Continua depois da publicidade
O Conselho de Administração da Hypera ( HYPE3 ) aprovou a distribuição de juros sobre capital próprio, no valor de R$ 61,6 milhões, equivalente ao montante de R$ 0,09725 por ação ordinária.
A 3R Petroleum ( RRRP3 ) informou que sua subsidiária 3R Lux, constituída sob as leis de Luxemburgo, precificou, nesta segunda-feira (29), uma oferta de senior secured notes no montante de US$ 500 milhões, remunerados à taxa cupom de 9,750% ao ano e com vencimento em 2031.
A Vale ( VALE3 ) produziu 89,4 milhões de toneladas (Mt) métricas de minério de ferro no quarto trimestre de 2023 (4T23), o que representa um avanço de 11% na base anual, conforme relatório publicado nesta noite segunda-feira (29).
Continua depois da publicidade
Em 2023, a mineradora produziu 321,154 milhões de toneladas de minério de ferro, um crescimento de 4,3% frente o ano anterior e acima da meta programada pela companhia de 315 milhões de toneladas .
A empresa atribui o resultado a “iniciativas contínuas para melhorar a confiabilidade de ativos no S11D, sólido desempenho nos complexos de Itabira e Vargem Grande, além das maiores compras de terceiros”.",InfoMoney,https://www.infomoney.com.br/mercados/sabesp-emitira-debentures-no-valor-de-ate-r-3-bi-energisa-capta-r-25-bi-em-follow-on-e-mais/
infomoney_42fb1a635b96,2024-01-29,Sabesp,Saneamento,SBSP3,"Sabesp (SBSP3): Bradesco BBI vê ação podendo disparar até 134%, a R$ 180, com privatização","Publicidade
Os analistas do Bradesco BBI elevaram o preço-alvo e apontaram que a ação da Sabesp ( SBSP3 ) pode valer até R$ 180 com a privatização, ainda que diversos pontos no processo ainda precisem de definição (ou seja, novas regras tarifárias, pagamentos ou não de taxas de concessão, entre outros).
“À medida que o Estado de São Paulo continua progredindo para privatizar a Sabesp até meados de 2024, nos aprofundamos para analisar quanto a companhia privada poderia valer”, aponta o banco.
Para o BBI, a Sabesp privatizada pode gerar um múltiplo EV/RAB  (EV = enterprise value, ou valor de mercado + dívida líquida”; RAB = base de ativos regulatórios) de pelo menos 1,25 vez, ou R$ 126 por ação (upside de 64% frente o fechamento de sexta, de R$ 77,04), com risco de alta para 1,70 vez, ou R$ 180 por ação (upside de 134%).
Os principais motivadores vistos pelos analistas do banco para uma reavaliação para 1,25 vez o EV/RAB incluem: (1) projeções de quanto opex (despesas de manutenção) a Sabesp pode cortar e por quanto tempo os reguladores permitirão manter os benefícios do fluxo de caixa; (2) a provável redução da taxa de desconto aplicada pelo mercado; e (3) fechamento da lacuna de receita de aproximadamente 4% entre a receita arrecadada da Sabesp e a receita exigida definida pelo regulador.
“Mas isso não é de forma alguma um teto para a avaliação para a Sabesp privada. Na verdade acreditamos que parece mais um piso. Em um cenário otimista que poderia se desdobrar gradualmente após a privatização, o EV/RAB justo da Sabesp poderia até atingir 1,60-1,70 vez (R$ 168-178/ação)”, reforça o banco.
Este é um potencial de alta que dependeria principalmente dos cortes de despesas/níveis de desempenho e da maior compressão da taxa de desconto/TIR da companhia ao longo do tempo.
Ao olhar para os próximos passos rumo à privatização, o BBI lembra que, dentro de uma a duas semanas, os reguladores darão início a uma audiência pública sobre os novos contratos de concessão que a Sabesp assinará com mais de 300 municípios até o final de março.
Entre outros pontos, visando diminuir o risco de potencial interferência política nas tarifas, estes contratos incluirão algumas das regras tarifárias a serem aplicadas após a privatização.
Os analistas elevaram o preço-alvo ponderado por probabilidade de R$ 92 para R$ 111,00 para final de 2024 (upside de 44%), mantendo os pesos 20/80 para os cenários de estatal/privatização. A recomendação é outperform (desempenho acima da média do mercado, equivalente à compra).
Continua depois da publicidade
O aumento do preço-alvo é impulsionado principalmente pelo novo valor justo mais alto para a companhia privatizada de R$ 126/ação (peso de 80% em seu preço-alvo ponderado).
Os principais riscos residem em um adiamento da sua privatização para depois das eleições municipais no final de 2024 e se um novo prefeito de SP que se opõe à privatização for eleito, o que poderia dificultar o processo e/ou diminuir o valor da empresa privada. Além disso, a nova regulamentação tarifária poderia eventualmente decepcionar. A Sabesp também poderia perder a ação movida pela prefeitura de SP contra o repasse aos consumidores finais de uma outorga de 4,0% desde 2018.",InfoMoney,https://www.infomoney.com.br/mercados/sabesp-sbsp3-bradesco-bbi-ve-acao-podendo-disparar-ate-134-a-r-180-com-privatizacao/
infomoney_edba1df77c5a,2024-01-19,Sabesp,Saneamento,SBSP3,Eletrobras (ELET3): Morgan Stanley elege ação como a nova ‘top pick’ do setor de energia para 2024,"Publicidade
Uma combinação de valuation atrativo e muitas iniciativas para criação de valor, que devem trazer resultados sólidos para 2024. Esta é a visão do Morgan Stanley para os papéis da Eletrobras ( ELET3 ; ELET6 ), considerada a ação ‘top pick’ para 2024 no setor e classificada como overweight (exposição acima da média, similar à compra).
Os papéis da companhia subiam 1,83%, a R$ 41,78 para ELET3 e 0,84%, a R$ 46,59 para ELET6, às 13h (horário de Brasília) desta sexta-feira. Especificamente para os papéis ELET3, mesmo com desempenho tímido nos últimos 12 meses, com alta de 1,27%, e a queda discreta (1,1%) apresentada em janeiro, para o Morgan, os papéis da companhia seguem com avaliação atrativa, com potencial de valorização em 32% em relação à meta estabelecida de preço, em R$ 54,00.
Dentre os nomes que o banco considera para investimento no setor de utilities (energia e saneamento), está a Copel ( CPLE6 ) e Sabesp ( SBSP3 ), também consideradas overweight , além da Energisa ( ENGI3 ) e Equatorial ( EQTL3 ).
Para a Eletrobras, o banco espera que os resultados do ano sejam impulsionados pela estratégia de corte de custos implementada no ano passado. Para 2024, há previsão de redução de despesas gerenciáveis (com meta de chegar a R$ 5,1 bilhões em 2026) e, por isso, o Morgan estima que o lucro antes de juros, impostos, depreciações e amortizações (Ebitda, na sigla em inglês) poderá aumentar R$ 1 bilhão com as iniciativas de cortes de custos.
Outro ponto favorável destacado é a gestão de passivos, que desde a privatização, tem apresentado números melhores. O principal deles foi a redução de obrigações de empréstimos compulsórios para R$ 19,1 bilhões (dos R$ 25,9 bilhões anteriores). A expectativa do banco é que haja um corte de 10% nas obrigações nessa natureza em 2024.
Além disso, na análise há a percepção de que os preços de energia têm se recuperado gradualmente desde setembro de 2023 e a expectativa é que o processo continue. Os preços atuais se apresentam abaixo do custos de desenvolvimento, o que traz limitações para novos projetos. A expectativa é que haja uma normalização gradual do equilíbrio entre oferta e demanda.
“Essa volatilidade lembrou do risco de manter posições vendidas nos preços de energia e desencadeou a recuperação inicial dos preços de longo prazo de R$97/MWh em setembro de 2023 para R$136/MWh atualmente, de acordo com a DCIDE [empresa de informações para o setor de energia]. Acreditamos que a recuperação deve continuar gradualmente em direção ao nosso cenário base de R$150/MWh”, diz a análise.
Como principais riscos para o nome, o Morgan considera como maior deles o possível desfecho da ação direta de inconstitucionalidade (ADIN) atualmente em curso no Supremo Tribunal Federal. A demanda judicial questiona o poder de voto de 10% do governo federal na companhia, considerando que o ente detém 43% das ações com direito a voto. A ação foi submetida à Câmara de Conciliação por 90 dias (em 19 de dezembro de 2023) e o posicionamento dos presidentes da Câmara dos Deputados e do Senado é que não houve violação constitucional na definição dos limites de poder de voto.
Em relatório desta semana, o Itaú BBA ressaltou que um possível acordo com o governo federal sobre a disputa pelos direitos de voto no STF eliminaria um grande risco para a companhia. “O processo de mediação já começou e esperamos que um acordo seja selado mais cedo do que o mercado espera. Muitos investidores internacionais que tivemos interações recentemente estavam mais cautelosos em relação à Eletrobras e temem uma resolução negativa em relação à disputa. Por isso, uma vez que esse assunto esteja resolvido, acreditamos que um fluxo positivo vindo de investidores internacionais deva chegar à ação”, afirmaram os analistas na ocasião, também mantendo recomendação equivalente à compra para os ativos ON da elétrica, mas cortando o preço-alvo de R$ 61,60 para R$ 53,50.",InfoMoney,https://www.infomoney.com.br/mercados/eletrobras-elet3-morgan-stanley-elege-acao-como-a-nova-top-pick-do-setor-de-energia-para-2024/
infomoney_21f8ef9b861b,2024-01-18,Sabesp,Saneamento,SBSP3,Verde desponta entre gestoras mais badaladas e volta a ter varejo na carteira,"Publicidade
Na contramão de boa parte das gestoras de multimercados mais badaladas do mercado, como SPX, Legacy, Kapitalo e Genoa, a Verde teve um ano desafiador, mas que terminou com um sabor adocicado ao encerrar o período com ganhos de 14,53% no fundo Verde, acima dos 13,04% do CDI.
Em um ano em que a renda fixa reinou novamente, o grande diferencial para o desempenho foi a decisão da casa de não apostar todas as suas fichas na queda dos juros no exterior ao longo do ano passado, como explica Luiz Parreiras, gestor da asset , em entrevista exclusiva ao InfoMoney . “Não entramos em 2023 com a cabeça de que íamos pegar o grande trade “.
“Diferentemente do mercado, que queria uma tendência inteira, tínhamos pouca convicção e conseguimos nos contrapor aos momentos em que o mercado exagerou com essa posição aplicada em juros. Isso foi o que machucou muita gente na indústria”, completa o executivo.
Para 2024, a casa diz que permanece sem grandes convicções em juros no exterior, mas que aproveitou os últimos meses para trocar algumas posições locais. Uma delas é no varejo — setor que voltou a fazer parte da carteira após seis meses, ainda que de maneira pequena. Por outro lado, as maiores apostas da gestora estão em papéis como Sabesp, Equatorial e Suzano.
Confira os principais trechos da entrevista:
InfoMoney: O que ajudou no desempenho do fundo ao longo de 2023? Olhamos outras gestoras mais badaladas e vemos que a casa foi uma das únicas a terminar acima do CDI no período.
Luiz Parreiras: Nós tivemos um ano muito bom no relativo de 2023, ou seja, em relação aos principais concorrentes. Já no absoluto, não foi excepcional. Diferentemente de outras casas, defendemos muito bem ano passado e não perdemos muito dinheiro em lugar nenhum.
IM: O que ajudou nessa defesa?
Parreiras: Tem o modelo de gestão e uma coisa mais de análise de cenário. Ao ver o modelo de gestão, todo mundo quer sempre pegar o grande trade . 2022 foi isso. A mega tendência da alta de juros no mundo inteiro. Depois pensaram: subiu, agora vai cair. Só que, parafraseando o Garrincha, as pessoas esqueceram de combinar com os russos. Todo mundo achou que ia pegar o trade da recessão e queda de juros nos EUA, mas não teve essa recessão.
Continua depois da publicidade
IM: A casa detinha posições aplicadas em juros no começo do ano?
Parreiras: Não entramos o ano com posições aplicadas. Entramos um pouco tomados. Acabou o ciclo de 2022 e a gente estava querendo ver o que iria ocorrer em 2023. Tínhamos posições em volatilidade e posições tomadas. Diferentemente do mercado que queria uma tendência inteira, tínhamos pouca convicção e conseguimos nos contrapor aos momentos em que o mercado exagerou com essa posição aplicada em juros. Isso é o que machucou muita gente na indústria. A maior parte da indústria perdeu dinheiro nessa parte de juros e não tivemos essa perda.
IM: E agora em 2024? Há alguma convicção?
Continua depois da publicidade
Parreiras: Temos uma convicção de que vai ter o corte de juros lá fora, mas temos posições tênues de juros no exterior porque já tem muita coisa no preço. Acho que o Fed vai cortar, mas não tenho convicção de que há uma aposta a ser feita nesse ciclo. Tendo a achar que 2024 não vai ser um ano de fortes tendências nos mercados, mas que terá alguns movimentos e uma tendência macro mais parecida com 2023, em que o crescimento e a inflação devem ser melhores do que o esperado. É um cenário bom para ativos de risco. Hoje, quase 20% da alocação do fundo está em Bolsa, entre Brasil e Estados Unidos, mas é importante dizer que a Bolsa brasileira não está barata.
IM: Por que a Bolsa não está barata?
Parreiras: Ela não está cara nem barata. Tem um prêmio de risco razoável. De uma maneira agregada, a Bolsa subiu mais de 22% em 2023 e deixou de ser barata, mas não está cara. Estamos em Bolsa porque achamos que tem espaço para o crescimento ser melhor do que o esperado, tanto aqui quanto lá fora. O mercado passou três anos com saída de Bolsa, juro caindo, achamos agora veremos um reequilíbrio. Agora, vai ter que ser tático e calibrar isso bem. Já tem muito corte de juros na curva e achamos que o potencial é da inflação surpreender pra baixo e o crescimento surpreender pra cima, o contexto é positivo pra Bolsa. O cenário também nos parece positivo na renda fixa, com o juro real no Brasil e um pouco menos nos Estados Unidos.
Continua depois da publicidade
IM: A casa fez alguma mudança nos fundos com a MP das subvenções, que foi sancionada recentemente?
Parreiras: No fim do ano, voltamos a ter uma pequena exposição ao varejo. Todo o problema da MP já tinha ido para o preço. O evento estava tão bem precificado que começamos a achar que tinha uma assimetria. A informação foi toda pro preço. Não estamos fazendo uma aposta enorme no setor, porque ele tem grandes desafios, mas passamos a ver oportunidades.
IM: Tem algum papel específico?
Continua depois da publicidade
Parreiras: Prefiro não entrar nos nomes, mas são varejistas. Depois de uns seis meses sem ter varejo, voltamos a ter varejo. De qualquer forma, foi uma mudança marginal.
IM: Quais são as maiores posições hoje?
Hoje, temos bancos, com uma pequena posição em Itaú. Mas as nossas principais posições são Suzano, Sabesp, Equatorial. São nomes que carregamos boa parte do ano.
IM: Como estão vendo a tramitação da privatização da Sabesp?
Vemos que ainda tem muito valor a ser destravado. No fim do ano, fizeram a contratação dos bancos que vão conduzir o processo. Achamos que está tudo andando. A gestão da companhia vem fazendo um bom trabalho. Acho que existe um consenso na sociedade de que tem um porquê da Sabesp ser uma empresa pública. Estamos vendo um boom de investimentos em saneamento. Vai ter muita competição nesse setor.
IM: E com relação aos resgates? A casa foi muito afetada em 2023 quando toda a indústria sofreu muito?
Tivemos resgates relevantes. Hoje, a gestora está com cerca de R$ 25 bilhões sob gestão. 2022 foi um ano pior em termos de resgate. Acho que os resgates foram impulsionados por dois pontos. Primeiro, tem o ângulo do cliente resgatando da classe. Como somos um player grande, sofremos o que chamo do beta da indústria. Sofremos muito em 2022 e especialmente, em 2023. A outra questão que se somou a isso é a mudança na tributação dos fundos fechados. Dada a má performance da classe de multimercados como um todo, o cliente de private decidiu resgatar. Por sermos uma asset mais antiga do tempo em que o multimercado era mais de private e menos de varejo, é possível que sofremos porque temos uma exposição maior a isso do que a média da indústria. O cliente private está tomando uma decisão que tem a ver com uma vontade de não pagar um novo imposto e com uma competição desleal dos ativos isentos.
IM: Estão preocupados com esses resgates?
Parreiras: Estamos trabalhando em iniciativas para estar mais próximos do cliente e reter quem está resgatando por uma questão tributária. Como posso fazer um produto para o cliente ficar comigo sem pagar o come-cotas? Temos também iniciativas de médio prazo, que vínhamos trabalhando e que essa mudança acelerou. Estamos criando um FIDC de crédito local, com viés high yield , onde não tem come-cotas. Temos a sociedade que fizemos com a Lumina e que vem nos ajudando na parcela de crédito. Também estamos trabalhando numa iniciativa de construir uma área de infraestrutura aqui dentro. Dado que o isento veio pra ficar, preciso ter bons produtos para oferecer ao cliente, com diferencial competitivo. Queremos construir uma área de infraestrutura muito boa. As suas são iniciativas complementares ao que já temos aqui dentro. A questão do fundo fechado veio num momento em que a classe de ativo multimercado não estava indo bem.
IM: Vê a chance de que isso impulsione uma consolidação das gestoras?
Parreiras: A escala mínima para uma gestora ter um negócio competitivo e viável vem subindo. Ou seja, o que a casa precisa ter em termos de estrutura, equipe e processos para ter um tamanho institucional aumentou. Por causa dos saques, da performance da indústria e da percepção de perda de valor da ‘marca multimercado’, a escala mínima deu um salto maior em 2023. O movimento foi exacerbado. Há muitas gestoras que estão abaixo dessa escala mínima. Muitas vão fechar, outras vão ter passar por uma aquisição em que há compra de talentos. Vai ter gente que vai ter que decidir o que vai fazer, se vai querer lutar pra ser uma gestora de tamanho institucional, ou se vai partir para outro lado. Tem muito talento nesse pedaço da indústria. Alguns desses talentos vão querer continuar empreendendo isoladamente e vão se tornar family offices , já os demais poderão ir para outros fundos. Minha porta estará sempre aberta para talentos que queiram se juntar ao projeto da Verde. Parte do meu trabalho de longo prazo é atrair talentos.",InfoMoney,https://www.infomoney.com.br/onde-investir/verde-desponta-entre-gestoras-mais-badaladas-e-volta-a-ter-varejo-na-carteira/
infomoney_334da4d44ef2,2024-01-17,Sabesp,Saneamento,SBSP3,"Por que a renda fixa ainda é uma boa opção para 2024, segundo gestores","Publicidade
A Bolsa de Valores brasileira fechou 2023 com uma valorização de 22,28% que fez investidores se questionarem sobre a renda fixa. Afinal, 2024 ainda reserva oportunidades na segurança da classe com retornos mais previsíveis? Para gestores ouvidos no Onde Investir 2024 , evento gratuito e online organizado pelo InfoMoney , sim – apesar da Selic em queda.
Painel sobre o tema realizado na terça-feira (16) contou com a participação de Vivian Lee, sócia e gestora de crédito na Ibiuna Investimentos, e Alexandre Muller, sócio-gestor da JGP, que diz que a renda fixa “segue como classe importante na construção de portfólios”. Para Lee, os ativos de renda fixa “devem seguir forte na carteira do investidor” em 2024.
A defesa da renda fixa como alternativa rentável para este ano é sustentada pela perspectiva de um cenário macroeconômico mais favorável na comparação com o enfrentado no último ano. Essa expectativa beneficia o investimento em crédito privado, já que o ambiente deve ser melhor para as empresas.
Com juros em queda – a Selic deve cair para 9% ainda em 2024, segundo o Boletim Focus –, o custo da dívida das empresas é menor e investir em títulos como debêntures fica menos arriscado, explicaram os gestores.
Mesmo com o cenário mais favorável, Muller diz que é “sempre bom” ter ativos indexados à inflação na carteira, porque, no Brasil, “somos campeões em produzir surpresas inflacionárias, que geralmente vêm de descontrole fiscal”.
Mas Lee recomenda avaliar caso a caso para decidir sobre o indexador ideal. A Ibiuna tem posição em papéis atrelados ao IPCA da Copasa, que também emitiu debêntures pós-fixadas, sem tanta atratividade na avaliação da casa. Em Sabesp, o julgamento foi inverso, com preferência pelos papéis indexados ao CDI emitidos pela empresa de saneamento.
Em 2023, o IDA-DI, índice que reflete o desempenho das debêntures indexadas ao CDI, teve retorno de 12,7% , enquanto o IDA-IPCA Infraestrutura, avançou 15,2% . Para 2024, a perspectiva de retorno dos gestores também é otimista, já que “devemos ter uma Selic média 10%, somada ao spread de crédito, que está elevado em relação à média histórica”, como explica o sócio-gestor da JGP.
Os gestores defenderam a análise individual das companhias como método mais eficaz que o olhar setorial para escolher os papéis, mas apontaram argumentos a favor de empresas de saúde e saneamento . No primeiro caso, destaque para o alívio nos balanços após o baque na pandemia. No segundo, para a grande necessidade de investimento, com cuidado especial para evitar negócios com alavancagem elevada, ponderou Lee.
Por outro lado, o varejo vem sendo evitado pelos gestores . “É um setor difícil por ter margens apertadas e alta necessidade de giro, além de não ter tantos ativos”, argumenta Lee. A competição do comércio eletrônico também preocupa Muller, que não tem perspectivas animadoras para o setor.
Continua depois da publicidade
A renda fixa estrangeira também deve se destacar em 2024. Com títulos do Tesouro dos Estados Unidos (Treasuries) pagando na casa dos 4% ao ano, investidores podem ir atrás de retornos de até 8% no crédito privado americano, segundo Muller. Além da rentabilidade alta para os padrões da maior economia do mundo, a remuneração em dólar ainda traz proteção para a carteira, desde que venha de emissores confiáveis.
“Vimos que há muito fluxo para empresas mais seguras, principalmente para se proteger de eventuais ajustes de crédito de companhias com menor nota de crédito, que enfrentarão despesas financeiras nos próximos trimestres”, afirma Vivian Lee.
Eventos de inadimplência e eleições são fatores que causam preocupação, mas a força da atividade econômica dos EUA vem surpreendendo positivamente. “Percebemos a economia americana muito resiliente, não vem dando sinais de fraqueza”, atesta Muller.",InfoMoney,https://www.infomoney.com.br/onde-investir/por-que-a-renda-fixa-ainda-e-uma-boa-opcao-para-2024-segundo-gestores/
infomoney_da504dfb78e0,2024-01-15,Sabesp,Saneamento,SBSP3,De títulos públicos a ações: como montar uma carteira de investimentos em 2024,"Publicidade
O momento de reflexão trazido pela virada do ano significa, para o investidor, uma oportunidade também de rever a carteira. Após ano de destaque para a renda fixa, a avaliação de especialistas é que a classe deve manter parte do brilho em 2024, mas também haverá espaço para voltar a alocar em fundos de investimento – inclusive nos multimercados, que sofreram com resgates e retornos abaixo do CDI em 2023.
Segundo profissionais ouvidos pelo InfoMoney , o investidor deve buscar diversificação entre ações, FIIs, e renda fixa, além de alocações no exterior. Confira a seguir as principais recomendações para este ano e como distribuir os diferentes tipos de investimentos.
O InfoMoney realiza entre os dias 15 e 19 deste mês o Onde Investir 2024 , evento gratuito que traz os principais nomes do mercado para discutir as melhores oportunidades para lucrar e se proteger em 2024. Inscreva-se agora .
Navegue pelos diferentes tipos de investimento:
Na renda fixa, XP e Santander estão com uma visão mais positiva para títulos com retorno atrelado à inflação pela proteção contra eventuais escaladas de preços. Rodrigo Sgavioli, chefe de alocação da XP, destaca que a curva ainda oferece boas taxas de carrego ou para marcação, com retornos próximo de IPCA acrescido de 5,5%.
Para perfis mais conservadores, a XP recomenda uma alocação entre 3% e 7%. Já perfis moderados devem variar entre 17% e 18%, enquanto agressivos devem alocar 14% da carteira.
Marcel Reis, analista da Guide também vê potencial nos papéis de inflação, especialmente os de vencimento em cinco anos, que apresentam maior retorno e prêmio. Mas a corretora também defende pós-fixados (atrelados ao CDI ou à Selic) com fatia de 55% a 65% aos mais conservadores, e 7,50% a 18,5% aos mais arrojados. Entre os prefixados, a preferência é por prazos de três anos, e alocação de 3% a 7,5% do portfólio.
Mesmo após um período difícil, multimercados não perderam a função primária dentro das carteiras e devem ser mantidos, avalia Samuel Ferrarezi, estrategista de investimentos da casa. “Multimercados veem como uma cesta de diversificação”, destaca. Fundos de fundos que alocam em vários multimercados macro são os preferidos dentro da casa.
Já na XP, Sgavioli afirma que o segredo para alocar neste ano estará em diversificar a carteira, com posições em multimercados macro, long e short , quantitativos e globais. Segundo o especialista, atualmente, a sugestão é que fundos macro respondam por cerca de 50% da carteira de multimercados.
Continua depois da publicidade
Fundos imobiliários são outra opção para quem deseja adicionar risco à carteira. No Santander, a preferência é por FIIs de ‘papel’, como VBI CRI ( CVBI11 ), CSHG Recebíveis Imobiliários ( HGCR11 ), Kinea Rendimentos Imobiliários ( KNCR11 ), Mauá Capital Recebíveis Imobiliários ( MCCI11 ) e RBR Rendimentos High Grade ( RBRR11 ] ). Fundos de logística, como o BTG Pactual Logística ( BTLG11 ) e Vinci Logística ( VILG11 ), também têm vez.
Com o menor custo da dívida para empresas diante da queda dos juros e volta de fluxo para ativos um pouco mais arriscados, fundos de crédito privado podem se beneficiar. “O investidor não vai direto para ações. Vai enchendo todos os ‘baldinhos’, começando pelo crédito privado, fundo imobiliário e só depois para ações”, afirma Ulisses Nehmi, CEO da Sparta. “Estamos no começo desse ciclo”.
Outra classe no radar é a de fundos de infraestrutura (FI-Infras), que alocam em debêntures de infraestrutura . Carteiras diversificadas, com ativos que rendem acima das NTN-Bs (títulos públicos atrelados à inflação) de mesmo prazo, são os atrativos, diz a Guide, em relatório. Sparta Infra (JURO11), Kinea Infra (KDIF11) e Bocaina Infra (BODB11) estão entre as preferências da corretora.
Continua depois da publicidade
Ações também devem se beneficiar da queda dos juros, que podem recuar para 9% até o fim do ano, segundo pesquisa do Focus. Para analistas, o Ibovespa pode alcançar até 160 mil pontos em 2024 – cenário que, para a XP, favorece a volta de fluxo de captação e valorização das cotas de fundos de ações, que deixam a decisão de qual papel escolher na mão de gestores.
Já para quem preferir alocar diretamente nos papéis, as ações mais recomendadas por seis bancos e corretoras são: Sabesp ( SBSP3 ), seguida por Copel ( CPLE6 ), Localiza ( RENT3 ) e Vale ( VALE3 ); e Equatorial ( EQTL3 ), Itaú Unibanco ( ITUB4 ), Mercado Livre ( MELI34 ) e Prio ( PRIO3 ) aparecem no último pelotão. Mas, se o foco for em dividendos, a lista muda .
O dólar recuou frente ao real em 2023, mas quem investiu lá fora não deixou de embolsar ganhos. Pelo contrário: poucas vezes na história houve tanta valorização conjunta de ações e títulos públicos americanos. Para 2024, os ganhos podem reduzir, mas dolarizar investimentos segue uma opção importante de diversificação do portfólio, na visão de analistas .
Continua depois da publicidade
A renda fixa ainda deve entregar retorno alto. Isso porque a expectativa de queda dos juros americanos deve levar a uma valorização dos papéis. Já na Bolsa, a cautela é o lema: após o rali das big techs , será preciso escolher com cuidado os papéis que ainda têm potencial de entregar retornos; entre elas, estão NRG Energy ( NRG ), Wix ( WIX ), Progressive ( PGR ), Twilio ( TWLO ) e Dell ( DELL ) – veja estas e mais 10 ações que se destacam .",InfoMoney,https://www.infomoney.com.br/onde-investir/de-titulos-publicos-a-acoes-como-montar-uma-carteira-de-investimentos-em-2024/
infomoney_f0f6744cbfd0,2024-01-11,Sabesp,Saneamento,SBSP3,"Ibovespa cai 0,15% com repercussão de dados de inflação brasileira e americana mais fortes do que o esperado","Publicidade
Foi uma “montanha-russa de emoções”, com oscilações entre perdas e ganhos durant todo o dia. No fim da sessão desta quinta-feira (11), o Ibovespa fechou com queda de 0,15%, aos 130.648 mil pontos . Wall Street também viu os índices ficarem próximos da estabilidade.
O dia foi marcado pela inflação mais quente tanto aqui no Brasil, quanto nos EUA. Por aqui, o IPCA acelerou para 0,56% e fechou o ano em 4,62%, leitura maior que a esperada . Economistas dizem que IPCA salgado deve reduzir apostas de que o BC acelere cortes na Selic .
Por lá, a inflação ao consumidor (CPI) subiu 0,3% em dezembro e fechou o ano em 3,4%, também acima do esperado, e elevou incerteza sobre estratégia do Fed . Contudo, a visão geral é de que, ainda que o Federal Reserve possa adiar para depois de março o início do ciclo de cortes de juros, isso tende a ocorrer ainda no primeiro semestre.
Amanhã, com menor potencial de estragos, tem a inflação ao produtor nos EUA, mas o relatório do CPI ainda pode produzir interpretações. A semana só termina quando acaba e até lá novas surpresas podem acontecer.
O dólar caiu 0,34%, a R$ 4,874 na compra e a R$ 4,875 na venda .
Com os olhos na inflação ao consumidor tanto nos EUA quanto no Brasil, o investidor acabou surpreendido com uma queda ampla e alto volume de negociações de MRV ( MRVE3 ), que fechou o dia com menos 11,78%. Notícias sugerem que a movimentação grande do ativo na expectativa por prévia operacional (que foi publicada depois do fechamento) e pode mudar guidance .
Bancos mais uma vez tiveram problemas, com Bradesco ( BBDC4 ) de novo no vermelho; agora, 0,50%. Itaú Unibanco ( ITUB4 ) dessa vez conseguiu uma alta, com 0,18%, após três quedas seguidas. Banco do Brasil ( BBAS3 ) conseguiu alta confortável, com 0,68%.
Siderúrgicas tiveram outro dia difícil, com Gerdau ( GGBR4 ) perdendo 1,30%, mínima da sessão, na terceira derrota seguida. CSN ( CSNA3 ) caiu 0,22%. Analistas se dividem em perspectivas do setor para 2024 , de olho na China, nos pacotes americanos e na retomada do mercado brasileiro.
Já o varejo foi a cara da sessão, com Magazine Luiza ( MGLU3 ) estável e Lojas Renner ( LREN3 ) caindo 0,24%. Assaí ( ASAI3 ), por sua vez, teve alta de 2,14%.
Continua depois da publicidade
O minério de ferro de referência para fevereiro na Bolsa de Cingapura subiu quase 1% , para 134,1 dólares a tonelada, apagando as perdas anteriores. Mesmo assim, as ações da Vale ( VALE3 ) chegaram a oscilar no meio da sessão, impactada por movimentos de estrangeiros. No final das contas, alta de 0,53%, encerrando uma sequência de oito derrotas consecutivas. É a primeira vez no azul em 2024. A mineradora ainda ganhou impulso com um banco reforçando a compra do ativo .
Petrobras ( PETR3 ; PETR4 ) viu o petróleo subir nas duas principais referências e também se valorizou, com altas de 1,02% e 0,85%, respectivamente. Além disso, tem a questão dos dividendos. Um grande banco afirma que estatal tem capacidade financeira para pagamento de até US$ 7 bi em dividendos extraordinários no curto prazo .
PRIO ( PRIO3 ) também pegou carona na alta do petróleo e ganhou 2,59%, apesar do problema com a paralisação dos funcionários do Ibama, que pode impactar a ação .
Continua depois da publicidade
Foi à jato. Ou como um raio. Ou num piscar de luz. No meio da tarde, o ministro do STF Alexandre de Moraes permitiu a instalação da Assembleia Geral Extraordinária (AGE), que havia sido suspensa durante o plantão do Judiciário. Minutos depois, veio a notícia que a AGE já havia acontecido e que a Eletrobras ( ELET3 ) finalmente aprovara a incorporação de Furnas . As ações subiram 1,05%.
Já Sabesp ( SBSP3 ) subiu 2,45%, com banco avaliando que ação pode atingir o preço de R$ 125 , uma vez que a privatização da companhia de saneamento avançou significativamente no ano passado e deve ser concluída até meados de 2024.",InfoMoney,https://www.infomoney.com.br/mercados/ibovespa-cai-015-com-repercussao-de-dados-de-inflacao-brasileira-e-americana-mais-fortes-do-que-o-esperado/
infomoney_e4537d27ca9d,2024-01-11,Sabesp,Saneamento,SBSP3,"Vale (VALE3), PRIO (PRIO3) e Petrobras (PETR4) sobem e seguram Bolsa, apesar de derrocada de MRV (MRVE3)","Índices em Wall Street fecham mistos, com CPI; dólar tem nova queda, com 0,34%
Com os olhos na inflação ao consumidor tanto nos EUA quanto no Brasil, o investidor acabou surpreendido com uma queda ampla e alto volume de negociações de MRV ( MRVE3 ), que fechou o dia com menos 11,78%. Notícias sugerem que a movimentação grande do ativo se deu porque a empresa solta hoje prévia operacional e pode mudar guidance .
Bancos mais uma vez tiveram problemas, com Bradesco ( BBDC4 ) de novo no vermelho; agora, 0,50%. Itaú Unibanco ( ITUB4 ) dessa vez conseguiu uma alta, com 0,18%, após três quedas seguidas. Banco do Brasil ( BBAS3 ) conseguiu alta confortável, com 0,68%.
Siderúrgicas tiveram outro dia difícil, com Gerdau ( GGBR4 ) perdendo 1,30%, mínima da sessão, na terceira derrota seguida. CSN ( CSNA3 ) caiu 0,22%. Analistas se dividem em perspectivas do setor para 2024 , de olho na China, nos pacotes americanos e na retomada do mercado brasileiro.
Já o varejo foi a cara do dia: abriu misto, operou misto e fechou misto, com Magazine Luiza ( MGLU3 ) estável e Lojas Renner ( LREN3 ) caindo 0,24%. Assaí ( ASAI3 ) consguiu alta de 2,14%.
O minério de ferro de referência para fevereiro na Bolsa de Cingapura subiu quase 1% , para 134,1 dólares a tonelada, apagando as perdas anteriores. Mesmo assim, as ações da Vale ( VALE3 ) chegaram a oscilar no meio da sessão, impactada por movimentos de estrangeiros. No final das contas, alta de 0,53%, encerrando uma sequência de oito derrotas consecutivas. É a primeira vez no azul em 2024.
A mineradora ainda ganhou impulso com um banco reforçando a compra do ativo .
Petrobras ( PETR3 ; PETR4 ) viu o petróleo subir nas duas principais referências e também se valorizou, com altas de 1,02% e 0,85%, respectivamente. Além disso, tem a questão dos dividendos. Um grande banco afirma que estatal tem capacidade financeira para pagamento de até US$ 7 bi em dividendos extraordinários no curto prazo . PRIO ( PRIO3 ) também pegou carona na alta do petróleo e ganhou 2,59%, apesar do problema com a paralisação dos funcionários do Ibama, que pode impactar a ação . Eletrobras (ELET3) incorpora Furnas Foi à jato. Ou como um raio. Ou num piscar de luz. No meio da tarde, o ministro do STF Alexandre de Moraes permitiu a instalação da Assembleia Geral Extraordinária (AGE), que havia sido suspensa durante o plantão do Judiciário. Minutos depois, veio a notícia que a AGE já havia acontecido e que a Eletrobras ( ELET3 ) finalmente aprovara a incorporação de Furnas . As ações subiram 1,05%. Já Sabesp ( SBSP3 ) subiu 2,45%, com banco avaliando que ação pode atingir o preço de R$ 125 , uma vez que a privatização da companhia de saneamento avançou significativamente no ano passado e deve ser concluída até meados de 2024. Ibovespa fecha quase estável Foi uma “montanha-russa de emoções”, como muito se diz por aí. Um troca-troca de sinais, perdas e ganhos, oscilação constante, que acabou fazendo o Ibovespa ficar com queda de 0,15%, aos 130,6 mil pontos . Wall Street também viu os índices ficarem próximos da estabilidade. O dia foi marcado pela inflação mais quente tanto aqui no Brasil, quanto nos EUA. CONTINUA DEPOIS DA PUBLICIDADE Por aqui, o IPCA acelerou para 0,56% e fechou o ano em 4,62%, leitura maior que a esperada . Economistas dizem que IPCA salgado deve reduzir apostas de BC acelerar cortes na Selic . Por lá, a inflação ao consumidor (CPI) subiu 0,3% em dezembro e fechou o ano em 3,4%, também acima do esperado, e elevou incerteza sobre estratégia do Fed . Amanhã, com menor potencial de estragos, tem a inflação ao produtor nos EUA, mas o relatório do CPI ainda pode produzir interpretações. A semana só termina quando acaba e até lá novas surpresas podem acontecer. ( Fernando Augusto Lopes ) Confira as últimas dos mercados update 18h42 Encerramos nossa cobertura dos Mercados Ao Vivo Acessa o Ao Vivo do InfoMoney todos os dias? Então, adicione este link aos favoritos do seu navegador para acompanhar diariamente a cobertura a partir das 8 horas ou acesse o IM Trader, o novo canal do InfoMoney sobre Mercados! update 18h32 Ibovespa Futuro fecha com queda de 0,15%, aos 131.700 pontos; e Dólar Futuro, com baixa de 0,47%, aos 4.882,50 pontos update 18h31 Mini Índice com vencimento em fevereiro (WING24) encerra dia com perdas de 0,14%, aos 131.730 pontos O volume de negócios hoje foi de 5,004 milhões. update 18h30 Mini Dólar com vencimento em fevereiro (WDOG24) terminou dia com baixa de 0,48%, aos 4.895,50 update 18h30 Ibovespa: mais negociadas do dia Ativo Negócios Dia (%) Valor (R$) Variação (pp) Semana (%) Janeiro (%) MRV MRVE3 56.219 -11,78 8,39 -1,12 -14,91 -25,29 Hapvida HAPV3 51.262 -2,70 4,33 -0,12 1,41 -2,70 Vale VALE3 45.869 0,53 72,61 0,38 -2,73 -5,95 Bradesco PN BBDC4 45.373 -0,50 15,94 -0,08 -5,57 -6,64 Petrobras PN PETR4 38.512 0,85 38,07 0,32 -1,68 2,23 Assaí ASAI3 36.815 2,14 13,87 0,29 2,14 2,51 PRIO PRIO3 36.721 2,59 45,50 1,15 -1,26 -1,19 update 18h28 Ibovespa: maiores altas do dia Ativo Dia (%) Valor (R$) Variação (pp) Negócios Semana (%) Janeiro (%) PRIO PRIO3 2,59 45,50 1,15 36.721 -1,26 -1,19 Sabesp SBSP3 2,45 76,59 1,83 24.258 5,86 1,62 Assaí ASAI3 2,14 13,87 0,29 36.815 2,14 2,51 Carrefour CRFB3 1,74 11,67 0,20 10.979 0,09 -6,27 Multiplan MULT3 1,44 28,80 0,41 20.823 3,11 1,34 Usiminas USIM5 1,43 8,52 0,12 13.866 -4,48 -8,29 Eletrobras PNB ELET6 1,37 48,18 0,65 8.154 5,10 2,55 update 18h26 Ibovespa: maiores quedas do dia Ativo Dia (%) Valor (R$) Variação (pp) Negócios Semana (%) Janeiro (%) MRV MRVE3 -11,78 8,39 -1,12 56.219 -14,91 -25,29 Casas Bahia BHIA3 -6,34 9,90 -0,67 8.483 -4,81 -13,01 Petz PETZ3 -3,21 3,62 -0,12 10.613 -2,95 -8,35 Raízen RAIZ4 -3,20 3,93 -0,13 10.120 -2,72 -2,48 Azul AZUL4 -3,20 14,22 -0,47 15.187 2,82 -11,18 Localiza RENT3 -3,16 61,01 -1,99 25.689 0,84 -4,07 Rumo RAIL3 -2,94 23,11 -0,70 25.524 2,03 0,70 update 18h19 Fechamento dos outros índices brasileiros Índice Dia (%) Pontos Small Caps SMLL -0,85 2.256,98 BDRs BDRX -0,30 14.111,73 Fundos Imobiliários IFIX -0,20 3.318,09 update 18h15 Ibovespa fecha com queda de 0,15%, aos 130.648,75 pontos Máxima: 131.307,69 Mínima: 129.897,76 Volume: R$ 20,70 bilhões Confira a evolução do IBOV durante a semana, mês e ano: CONTINUA DEPOIS DA PUBLICIDADE Segunda-feira (8): +0,31% Terça-feira (9): -0,74% Quarta-feira (10): -0,46% Quinta-feira (11): -0,15% Semana: -1,04% Janeiro: -2,64% 1T24: -2,64% 2024: -2,64% update 18h04 Principais índices em Nova York fecham dia mistos e próximos da estabilidade Investidores em Wall Street viram a inflação ao consumidor (CPI) subir 0,3% em dezembro e fechar o ano em 3,4%, acima do esperado, e elevou incerteza sobre estratégia do Fed . “Este aumento no CPI é um lembrete crítico da natureza imprevisível da recuperação econômica e da obscuridade dos dados macroeconômicos”, filosofou à CNBC Jon Maier, diretor de investimentos da Global X. “Os mercados podem precisar se preparar para a volatilidade, à medida que o Fed poderia manter ou potencialmente intensificar a sua postura restritiva de política monetária em resposta a estas pressões inflacionistas”. Dia (%) Pontos Dow Jones 0,04 37.711,15 S&P 500 -0,07 4.780,24 Nasdaq 0,00 14.970,18 update 18h00 DIs: juros futuros encerram sessão com quedas ao longo da curva Dia (%) Taxa (%) Variação (pp) Negócios Semana (%) Janeiro (%) DI1F25 -0,20 10,115 -0,020 43.803 0,40 0,85 DI1F26 -0,46 9,730 -0,045 58.063 0,46 1,25 DI1F27 -0,35 9,845 -0,035 44.315 0,41 1,29 DI1F28 -0,25 10,070 -0,025 9.543 0,30 1,36 DI1F29 -0,34 10,210 -0,035 33.914 0,00 1,39 DI1F31 -0,29 10,440 -0,030 12.677 -0,10 1,75 DI1F33 -0,47 10,530 -0,050 6.305 -0,47 1,54 DI1F35 -0,19 10,620 -0,020 1.340 -0,28 2,31 update 17h55 Ibovespa fecha preliminarmente com queda de 0,08%, aos 130.732,94 pontos update 17h52 Na reta final, ações da Petrobras (PETR3 PETR4) seguem com altas: 1,31% e 0,79%, respectivamente update 17h51 Petróleo fecha em alta, com tensões geopolíticas elevadas após apreensão de navio pelo Irã Apreensão de um navio no Mar Vermelho requentou temores de escalada de conflitos no Oriente Médio . update 17h49 Na reta final, Assaí (ASAI3) sobe 2,89% e ajuda a segurar queda do Ibovespa update 17h46 Com atraso, Banco Central informa a PTAX de fechamento com compra a R$ 4,8788 e venda a R$ 4,8794	; queda do dia foi de 0,22% COMPRA VENDA Ontem 4,8895 4,8901 1ª parcial 4,8759 4,8765 2ª parcial 4,8842 4,8848 3ª parcial 4,8793 4,8799 4ª parcial 4,8758 4,8764 update 17h43 Inflação na Argentina supera a da Venezuela e ultrapassa 211% em 2023 Em dezembro, taxa de inflação na base mensal atingiu 25,5% . update 17h42 Na reta final, Ibovespa opera entre perdas e ganhos, com troca de sinais; no momento, queda de 0,09%, aos 130.718,92 pontos update 17h35 Petrobras em alta: PETR4, +0,95% e PETR3, +1,41% update 17h28 Operadoras de infraestrutura com recuo: Rumo (RAIL3), -2,69%; Ecorodovias (ECOR3), -1,29% e CCR (CCRO3), -0,07% update 17h26 Ibovespa vai de novo para o positivo, com leve alta de 0,01%, aos 130.859 pontos update 17h24 Hapvida (HAPV3), uma das ações mais negociadas do dia, em queda: -2,25% update 17h23 Braskem (BRKM) no negativo: -1,53% update 17h22 Eletrobras (ELET6): ações sobem com incorporação de Furnas aprovada após AGE liberada por STF Durante a tarde, o ministro Alexandre de Moraes, do Supremo Tribunal Federal (STF), atendeu ao pedido da companhia e d eterminou a cassação das decisões que haviam suspendido a realização da assembleia. update 17h19 Petroleiras júniores: em alta, PRIO (PRIO3), +2,82%; 3R Petroleum (RRRP3), +1,13% e Enauta (ENAT3), +0,65%; em baixa, Petroreconcavo (RECV3), -0,59% update 17h16 Eletrobras avança: ELET3, +1,52% e ELET6, +1,79% update 17h14 Ações da MRV (MRVE3) caem 10% com especulações sobre dois temas no radar do mercado Rumores sobre revisão de guidance e prévia operacionais ruins abalam ativos. CONTINUA DEPOIS DA PUBLICIDADE update 17h12 Exportações do agro brasileiro bateram novo recorde em 2023 Receita dos embarques cresceu 3,9% e somou US$ 165,1 bilhões, segundo dados compilados pelo Itaú BBA. update 17h11 Ibovespa volta a operam em baixa: -0,13%, aos 130.667 pontos update 17h10 Com greve de 24h no BC, Ministério da Gestão marca conversa com a categoria para fevereiro Pasta sinalizou o “compromisso de apresentar uma proposta efetiva” para os servidores. update 17h08 Eletrobras aprova incorporação de Furnas após decisão STF Assembleia ‘express’ definiu tema que opôs funcionários e governo contra a administração da empresa. update 17h07 Petrobras (PETR4) descarta investimentos em renováveis no exterior e priorizará projetos novos Petrobras descarta investimentos em renováveis no exterior e priorizará projetos novos. update 17h05 Citi reforça compra para Vale (VALE3) e projeta resultados do 4º tri acima do consenso de mercado Os principais impulsionadores, na visão do banco, serão os fortes embarques e os preços realizados a US$ 123 por tonelada (t). CONTINUA DEPOIS DA PUBLICIDADE update 17h05 Dólar comercial fecha sessão com queda de 0,34% Dólar tem nova desvalorização frente ao real, como aconteceu ontem. O movimento veio na mesma direção da divisa norte-americana, que desceu na comparação com as principais moedas do mundo, com o DXY em leve baixa de 0,07%. Venda: R$ 4,875 Compra: R$ 4,874 Mínima: R$ 4,859 Máxima: R$ 4,895 update 17h04 “Enem dos Concursos”: fiscais agropecuários dizem que faltam regras para seleção qualificada Para sindicato, é necessária a aplicação de uma prova específica para a área , além das já aplicadas. update 17h01 Ibovespa está estável, neste momento, aos 130.838 pontos update 16h58 Serena Energy (SRNA3): XP acredita que o preço atual das ações não reflita o início de operação de algum de seus projetos Assim, a XP vê a Serena ( SRNA3 ) como uma ação descontada. A corretora tem recomendação de compra para Serena, com preço-alvo de R$13/ação. update 16h54 Engie (EGIE3): Principal desafio é a posição não contratada nos próximos anos Segundo a XP, isso ocorre especialmente com seus projetos em construção. A corretora tem recomendação neutra para a Engie, com preço-alvo de R$46/ação. update 16h50 AES Brasil (AESB3) conclui ciclo pesado de investimentos e o início dos projetos Cajuína e Tucano (programados para 1T24) A partir de agora, a XP avalia que o foco será na redução da alavancagem e na busca por potenciais compradores de energia para seu portfólio atual – no entanto, o principal desafio é encontrar compradores devido ao baixo preço de energia do mercado atual. A XP tem recomendação neutra para a AES, com preço-alvo de R$ 14/ação. update 16h44 MRVE3 despenca 9,88%, com especulação de que vá revisar seu guidance para o lucro líquido A informação é do BDM , que alerta que outro provável motivo é a prévia operacional que a MRV ( MRVE3 ) soltará hoje, após fechamento de mercado. update 16h43 Auren (AURE3): XP vê positivamente a disciplina de alocação de capital da companhia, mas considera a ação já precificada A XP tem recomendação neutra para Auren ( AURE3 ), com preço-alvo de R$ 15/ação. update 16h42 Ibovespa vira para alta leve de 0,03%, aos 130.875,69 pontos update 16h42 Ibovespa Futuro (INDFUT) vira para alta de 0,05%, aos 131.970 pontos update 16h41 Ibovespa devolve perdas e opera estável, com 130.837,66 pontos update 16h41 Preços internacionais do petróleo encerram dia com altas Os preços do petróleo voltaram a subir com os compradores de olho nas tensões crescendo no Oriente Médio. WTI (fevereiro): +0,91%, a US$ 72,02 Brent (março): +0,79%, a US$ 77,41 update 16h40 PTAX: movimento de servidores do BC atrasa divulgação de taxa de câmbio nesta quinta (10), diz sindicato Servidores reivindicam melhores condições de remuneração . update 16h39 Após rali, Morgan Stanley vê menos espaço para ganhos na Bolsa brasileira e muda portfólio Banco americano diminuiu sua exposição a empresas muito ligadas a juros , vendo as taxas já mais estabilizadas após mudanças. update 16h33 Preços do minério de ferro caíram nos primeiros dias de janeiro em meio ao enfraquecimento da demanda na China Segundo a XP, as vendas de novas moradias em oito grandes cidades chinesas caíram quase pela metade na semana encerrada em 7 de janeiro. Além disso, a produção de aço bruto diminuiu significativamente durante a mesma semana, já que as usinas deixaram os altos-fornos ociosos e realizaram manutenção para minimizar suas perdas de produtos de aço acabados em meio a margens pressionadas, relata a corretora. update 16h32 Citi reforça compra para Vale (VALE3) e projeta resultados do 4º tri acima do consenso de mercado Os principais impulsionadores, na visão do banco, serão os fortes embarques e os preços realizados a US$ 123 por tonelada (t), apoiados por preços provisórios . update 16h30 Eletrobras (ELET6): AGE aprova incorporação de Furnas Decisão saiu 30 minutos depois do ministro Alexandre de Moraes, do STF, derrubar liminar de suspensão da assembleia da Eletrobras ( ELET6 ), que tomaria a decisão sobre a incorporação de Furnas. update 16h18 Ibovespa Futuro (INDFUT) recua 0,02%, aos 131.880 pontos, uma queda de apenas 20 pontos update 16h18 Sólidas concessões do Minha Casa Minha Vida e custos de construção em níveis saudáveis A XP, analisando os dados do setor de construção de dezembro, reafirma preferência pelo segmento de baixa renda, dada a combinação positiva de um cenário de forte demanda e um momento positivo de resultados. Além disso, vê os custos de construção sob controle. update 16h16 Principais índices em Wall Street reduzem ainda mais ritmo de quedas Dow Jones: -0,11% (às 15h37: -0,28%) S&P 500: -0,16% (às 15h37: -0,37%) Nasdaq: -0,09% (às 15h37: -0,35%) update 16h14 Entre as small caps, maior alta é de GFSA3, com 10,04%, seguida de ENJU3, com 4,47% update 16h13 Entre as small caps, maior queda é de MRVE3, com 10,20%, seguida de TEND3, com 5,66% update 16h12 Entre os varejistas, Magazine Luiza (MGLU3) se destaca, com alta de 0,46%, enquanto pares recuam update 16h09 Moraes atende Eletrobras (ELET3) e permite instalação da AGE sobre Furnas; ações sobem Ação foi ajuizada pela Eletrobras no último dia 30 contra liminares proferidas durante o plantão judicial por desembargadores . update 16h08 XP: Perspectivas do mercado em dezembro mostraram sinais de desaceleração Na China, a demanda por celulose enfraqueceu após embarques recordes nos meses anteriores, mas os preços da celulose de fibra curta estavam sendo negociados em alta, relata a XP. Para janeiro, vários fornecedores da celulose de fibra curta anunciaram outro aumento de preço de US$ 10/t. update 15h59 Priner (PRNR3) anuncia forte prévia operacional do 4T23 e XP reitera recomendação de compra A XP afirma que 2023 sinaliza forte atividade comercial da Priner ( PRNR3 ). update 15h59 B3 (B3SA3) avança 0,14%, a R$ 13,94 update 15h54 Ibovespa segue sem força para virar para positivo: queda de 0,09%, aos 130.723,14 pontos update 15h47 LCD: o que esperar da Letra de Crédito do Desenvolvimento, “prima” das LCIs e LCAs Novo ativo de renda fixa visa captar recursos para o BNDES financiar projetos de micro, pequenas e médias empresas. update 15h42 Casa Branca: economia dos EUA tem sentido bem pouco o efeito dos problemas no Mar Vermelho A afirmação foi feita por Lael Brainard, ex-Fed e atual diretora do National Economic Council, da Casa Branca. update 15h41 Totvs (TOTS3): Banco reitera recomendação de compra, com preço-alvo de R$ 44/ação O BofA espera resultados sólidos no 4T23 da Totvs ( TOTS3 ), com o desempenho dos negócios mantendo o ritmo de crescimento. update 15h37 Principais índices em Wall Street reduzem ritmo de quedas Dow Jones: -0,28% (às 13h18: -0,69%) S&P 500: -0,37% (às 13h18: -0,82%) Nasdaq: -0,35% (às 13h18: -0,99%) update 15h33 Techs mistas nesta tarde: LWSA3, -1,13%; TOTS3, -0,49%; INTB3, -0,95%; ENJU3, +4,47%; MLAS3, estável update 15h32 Administradoras de shoppings operam de forma mista nesta tarde: ALOS3, -1,79%; IGTI11, -0,12%; MULT3, +0,81% update 15h30 Cosan (CSAN3): Banco eleva preço-alvo de R$ 26 para R$ 32/ação e reitera recomendação de compra O BofA afirma que ajustou as estimativas da Cosan ( CSAN3 ) e ressalta forte potencial de valorização de seus ativos principais. update 15h26 Ibovespa: mais negociadas do dia até aqui Ativo Negócios Dia (%) Valor (R$) Variação (R$) Semana (%) Janeiro (%) MRV MRVE3 40.720 -10,20 8,54 -0,97 -13,39 -23,95 Vale VALE3 32.854 0,22 72,39 0,16 -3,03 -6,23 Bradesco PN BBDC4 31.301 -0,37 15,96 -0,06 -5,45 -6,52 Petrobras PN PETR4 25.850 0,77 38,04 0,29 -1,76 2,15 PRIO PRIO3 25.826 3,04 45,70 1,35 -0,82 -0,76 Cemig CMIG4 24.101 0,92 12,12 0,11 5,03 5,57 Assaí ASAI3 23.324 2,72 13,95 0,37 2,72 3,10 update 15h23 B3 (B3SA3) opera estável neste momento, a R$ 13,92 update 15h21 Vale (VALE3) tenta se consolidar no campo positivo, com alta de 0,19%, a R$ 72,37 update 15h18 Índice de Fundos Imobiliários (IFIX) recua 0,24%, aos 3.317,02 pontos, nova mínima do dia update 15h17 Setor de papel e celulose em queda: Irani (RANI3), -0,95%; Suzano (SUZB3), -0,65% e Klabin (KLBN11), -0,58% update 15h14 Braskem (BRKM5) no negativo: -1,16% update 15h12 Ibovespa opera em queda de -0,12%, aos 130.688 pontos update 15h09 Onde Investir 2024: evento do InfoMoney discute os rumos da renda fixa com os juros em queda Entre 15 e 19 de janeiro, especialistas discutirão o que o investidor deve levar em conta em 2024 para sua carteira de aplicações. update 15h07 Bolsas da Europa fecham em queda, após CPI abalar convicção de alívio monetário forte nos EUA Em Londres, o índice referencial terminou a sessão na mínima do dia. update 15h05 “Enem dos Concursos”: pagamento será feito por guia da União Veja como fazer. update 14h58 Ações de Eletrobras (ELET3 ELET6) voltam a acelerar alta para 1,59% e 1,16% update 14h55 Vivara (VIVA3): Banco eleva preço-alvo de R$ 32 para R$ 43/ação e reitera recomendação de compra Segundo o BofA, o crescimento mais rápido das vendas desencadeia aumento do preço-alvo da Vivara ( VIVA3 ). update 14h51 Dólar comercial cai 0,13%, a R$ 4,885 update 14h50 Mercado Livre (MELI34): Banco aponta ganho considerável do marketplace O BofA vê oportunidades grandes, e facilmente identificáveis, no Mercado Livre ( MELI34 ) em publicidade, logística, dívidas incobráveis, financiamento de carteiras e outros mercados. Para o banco, a inadimplência de 8% do Mercado Livre em créditos com duração de 3 meses tem grande probabilidade de diminuir. update 14h48 Petrobras (PETR4) descarta investimentos em renováveis no exterior e priorizará projetos novos A Petrobras passou a descartar investimentos em geração de energia eólica e solar fotovoltaica no exterior e irá montar sua carteira principalmente com projetos “greenfield”, novos, no país, afirmou o diretor-executivo de Transição Energética e Sustentabilidade da companhia, Maurício Tolmasquim, em entrevista à Reuters. Isso marca uma mudança de posicionamento da petroleira, que no ano passado disse estar em conversas com empresas para avaliar projetos no exterior em segmentos como o de energia eólica offshore, até como forma de ganhar “know-how”. (Reuters) update 14h45 El Niño traz novo desafio para investimento em Fiagros; veja o que levar em conta na escolha Especialistas estão mais receosos, especialmente com ativos mais high yield (maior risco e retorno); entenda. update 14h43 Ações de Petrobras (PETR3 PETR4) sobem agora 0,87% e 0,53% update 14h40 Núcleo da inflação ao consumidor de dezembro dos EUA, que é o dado mais visto para o Fed, veio em linha com o esperado Rodrigo Cohen, analista CNPI e co-fundador da Escola de Investimentos, crê ainda em queda de juros no EUA ainda nesse primeiro semestre do ano. update 14h39 Dólar comercial recua 0,13%, a R$ 4,884 update 14h39 Paralisação do Ibama pode atrasar planos da PRIO (PRIO3): qual o impacto para as ações? Petrolífera depende de licença para projeto que ampliará sua capacidade de produção diária em 40 mil barris. update 14h31 Ifix renova mínima, aos 3.317,99 pontos, com -0,21% update 14h31 IPCA de dezembro: Embora o resultado seja superior ao esperado, as medidas principais e subjacentes permanecem bem comportadas O BofA vê o IPVA desacelerando para 3,7% ao final de 2024, devido a medidas subjacentes mais benignas e preços administrados mais baixos (especialmente eletricidade e gasolina). Para o banco, a impressão de hoje é uma redução contínua nas taxas básicas em 50 pp por reunião do Copom, com um corte final de 25 pp em julho, com a taxa Selic chegando ao final do ano em 9,50%. update 14h25 Petrobras (PETR4) tem expectativa que o governo brasileiro consiga realizar um leilão de áreas no mar para investimentos em eólicas offshore ainda este ano A informação é do diretor-executivo de Transição Energética e Sustentabilidade da Petrobras ( PETR4 ), Maurício Tolmasquim. No entanto, o marco regulatório de eólica offshore aguarda ainda apreciação do Senado. update 14h25 Grandes bancos caem, com destaque para Santander (SANB11), que recua 1,05% update 14h20 Vítimas de pirâmides têm mais chances de cair novamente no mesmo golpe, diz pesquisa Dado foi revelado em estudo da CVM feito em parceria com a FGV. update 14h18 Petrobras (PETR4) vai priorizar projetos novos de energias renováveis no Brasil Segundo o diretor de Transição Energética e Sustentabilidade da Petrobras ( PETR4 ), Maurício Tolmasquim, a carteira de geração eólica e solar da estatal será composta por 80% de projetos greenfields . Além disso, a empresa terá parcerias em grande parte dos projetos de energia renovável para agilizar construção dos empreendimentos, afirma o executivo. ( Reuters ) update 14h17 Ibovespa mantém queda de 0,38%, aos 130.338,85 pontos, em linha com o exterior update 14h11 Investidor estrangeiro retira R$ 659,2 milhões da B3 em 09/01, quando Ibov caiu 0,74% Individuais Institucionais Estrangeiros Bancos Outros 09/01 + R$ 467,7 milhões – R$ 140,9 milhões – R$ 659,2 milhões + R$ 274 milhões + R$ 58,4 milhões Janeiro + R$ 1,392 bilhão – R$ 4,394 bilhões + R$ 2,567 bilhões + R$ 93,5 milhões + R$ 341,2 milhões 2024 + R$ 1,392 milhões – R$ 4,394 bilhões + R$ 2,567 bilhões + R$ 93,5 milhões + R$ 341,2 milhões Fonte: B3. update 14h08 Banco vê o projeto de lei que regulamenta o mercado brasileiro de créditos de carbono como fundamental em termos de transição energética O JPMorgan avalia que o projeto de lei já aprovado na Câmara (e aguardando votação no Senado) poderá elevar o perfil do Brasil como um dos maiores vendedores de créditos de carbono no mundo, com potencial para gerar US$ 120 bilhões até 2030. update 14h04 Inflação dos EUA em dezembro eleva incerteza sobre estratégia do Fed, dizem economistas CPI veio mais alto que o esperado, mas variação mensal teve forte componente sazonal; avaliação é que corte de juros em março é possível, mas ficou mais difícil. update 14h03 Mester/Fed: penso que março é provavelmente demasiado cedo na minha estimativa para uma descida das taxas, precisamos ver mais algumas evidências update 14h02 Mester/Fed: agora, a conversa é sobre quanto tempo precisamos manter as taxas e a política restrititvas update 14h01 Mester/Fed: a inflação precisa baixar de forma consistente para que essa conversa aconteça (sobre cortes) update 14h00 Mester/Fed: (antes de cortar) acho que precisamos ver mais evidências de que a desinflação continua, mas teremos essa conversas (de cortes) update 13h59 Mester/Fed: março é muito cedo para um corte de taxa update 13h58 Mester/Fed: os dados recebidos foram consistentes com um pouso suave update 13h58 Mester/Fed: meus contatos me dizem que agora é mais difícil promover aumentos de preços update 13h58 Mester/Fed: precisamos continuar a inflação enquanto mantemos saudáveis as condições no mercado de trabalho update 13h57 Mester/Fed: meus contatos dizem que mercado de trabalho não está tão apertado como antes update 13h56 Mester/Fed: relatório de hoje apenas nos diz que temos mais trabalho a fazer e vamos fazer update 13h55 Mester/Fed: vamos continuar a ver a queda da inflação este ano, mas ela não atingirá a meta de 2% update 13h54 Ações de Americanas (AMER3) recuam 5,95%, a R$ 0,79 update 13h54 Maioria das varejistas caem hoje; BHIA3 lidera, com -6,05%, seguida de GUAR3, com -2,64% update 13h54 Mester/Fed: importante é que a desinflação começou enquanto o mercado de trabalho permaneceu saudável update 13h53 Mester/Fed: dados de inflação de hoje não mudam minha visão de que o trabalho do Fed ainda não foi feito Loretta J. Mester é presidente do Federal Reserve de Cleveland e falou à Bloomberg TV . update 13h49 ETFs de bitcoin iniciam primeiro dia de negociações nos EUA com forte alta Vários fundos negociados em bolsa (ETFs) vinculados ao preço à vista do bitcoin começam a ser negociados nas bolsas de valores dos Estados Unidos nesta quinta-feira. O movimento ocorreu depois que a SEC aprovou 11 desses fundos na quarta-feira, após longa espera dos investidores. O ETF iShares bitcoin da Blackrock atraía o maior volume de negociação entre todos os ETFs à vista, seguido por Grayscale e Fidelity, segundo dados da LSEG. update 13h48 Ações de Vale (VALE3) voltam a subir 0,03%, a R$ 72,25 update 13h44 Principais índices europeus terminam dia com perdas Índices na Europa recuaram com um relatório de inflação ao consumidor nos EUA mais quente do que o esperado, o que pode travar as expectativas por início do ciclo de cortes de taxas pelo Fed ainda no primeiro trimestre algo mais difícil. Dia (%) Pontos Stoxx 600 Europa -0,77 472,74 DAX Frankfurt -0,88 16.542,77 FTSE 100 Londres -0,98 7.576,57 CAC 40 Paris -0,52 7.387,62 IBEX 35 Madri -0,62 10.004,64 FTSE MIB Milão -0,66 30.251,00 update 13h42 Companhias aéreas têm dia de perdas; AZUL4 cai 3,20% e GOLL4 recua 2,02% update 13h34 Argentina: títulos sobem e ações têm dia instável após acordo com FMI reduzir risco de calote País precisou reformular seu acordo de US$ 44 bilhões com o FMI. update 13h25 Ações de MRV (MRVE3) aprofundam queda para -12,30%, a R$ 8,34, e lideram perdas do Ibov update 13h19 Ifix renova mínima, com -0,14%, aos 3.320,07 pontos update 13h18 Principais índices em Wall Street ampliam ritmo de quedas Dow Jones: -0,69% (às 12h36: -0,45%) S&P 500: -0,82% (às 12h36: -0,41%) Nasdaq: -0,99% (às 12h36: -0,43%) update 13h17 Ações de Vale (VALE3) recuam 0,24%, a R$ 72,06 update 13h16 Índice Small Caps (SMLL) renova mínima, com -1,36%, aos 2.245,23 pontos update 13h10 Banco mantém visão de cortes de taxas pelo Fed em março “A composição (do CPI de dezembro) ficou em grande parte em linha com nossas expectativas, e ainda mostra uma persistente inflação de Serviços, que deverá desacelerar no 1T24”, diz o Itaú BBA. “Com base nos itens do CPI, vemos o núcleo do PCE atingindo 0,2%, o que deve manter o Fed no caminho certo para iniciar o ciclo de cortes em março”. update 13h06 Índice BDRX renova mínima, com -0,60%, aos 14.069,49 pontos update 13h05 Sabesp (SBSP3): ação pode valer R$ 125 com novo regime regulatório, aponta JPMorgan Privatização avançou significativamente no ano passado e deve ser concluída até meados de 2024. update 13h03 Ações de Petrobras (PETR3 PETR4) agora avançam 0,67% e 0,56% update 13h00 Preços internacionais do petróleo sobem com amplitude nas principais referências WTI (fevereiro): +3,05%, a US$ 73,55 Brent (março): +2,55%, a US$ 78,76 update 12h56 Depois de uma maior convicção de que os juros estavam prestes a começar a cair nos EUA, a realidade é que o ano se inicia com as possibilidades em aberto A análise é de Danilo Igliori, economista-chefe da Nomad, após analisar o resultado da inflação ao consumidor de dezembro nos Estados Unidos, que acelerou para 0,3% – depois de ter registrado crescimento de 0,1% em novembro. update 12h56 Vale (VALE3) opera entre perdas e ganhos; no momento, ganho mínimo de 0,01% update 12h55 Petrobras (PETR4): ações seguem atrativas com retorno de dividendos em até 18% em 2024, diz Goldman Estatal tem capacidade financeira para pagamento de até US$ 7 bi em dividendos extraordinários no curto prazo , avalia banco. update 12h52 Microsoft supera Apple como empresa mais valiosa do mundo No acumulado de janeiro, as ações da Apple têm queda de 3,3% em comparação com valorização de cerca de 2% da Microsoft . update 12h49 Ibovespa diminui ritmo de queda para 0,28%, aos 130.469,46 pontos update 12h47 IPCA de dezembro: Em termos de política monetária, o resultado de hoje pode ser considerado positivo Para Carla Argenta, economista-chefe chefe da CM Capital, o resultado do IPCA divulgado nesta quinta (11) é positivo se analisado sob a perspectiva da busca pela retomada da estabilidade de preços, objetivo atual do Banco Central. “Esta hipótese se sustenta quando analisamos o resultado sob a ótica das categorias de preço que compõem o indicador”, afirma. update 12h46 Bancos voltam ao positivo: BBAS3, +0,35%; BBDC4, +0,25%; ITUB4, +0,33% Exceção é Santander ( SANB11 ), que cai 0,16%. update 12h42 Dólar comercial opera com queda de 0,37%, a R$ 4,872 na compra e R$ 4,873 na venda A máxima do dia está em R$ 4,894 e a mínima, em R$ 4,859. update 12h40 Vale (VALE3) volta ao positivo, com alta de 0,14%, a R$ 72,33 update 12h36 Principais índices em Wall Street se firmam no campo negativo Dow Jones: -0,45% (na abertura: +0,24%) S&P 500: -0,41% (na abertura: +0,22%) Nasdaq: -0,43% (na abertura: +0,31%) update 12h36 PRIO (PRIO3): Possível greve do Ibama pode afetar licenças importantes previstas para 2024 O JPMorgan avalia que possível paralisação do órgão poderá afetar pedidos de licença da PRIO ( PRIO3 ) de perfuração no campo Wahoo e perfuração de novos poços em Albacora. Para o banco, caso as atividades do Ibama sejam paralisadas, o plano de desenvolvimento da petroleira júnior poderá ser afetada. O JPMorgan ressalta que a PRIO continua sendo principal opção no setor, com preço-alvo de R$ 66/ação. update 12h34 Futuros de gás natural operam com ganhos 0,92% na NYMEX Contratos são para entrega em fevereiro. update 12h31 Ibovespa: maiores altas do dia até aqui Ativo Dia (%) Valor (R$) Variação (R$) Negócios Semana (%) Janeiro (%) Assaí ASAI3 2,36 13,90 0,32 11.872 2,36 2,73 PRIO PRIO3 2,30 45,37 1,02 14.645 -1,54 -1,48 Sabesp SBSP3 1,24 75,69 0,93 7.991 4,62 0,42 Vamos VAMO3 0,74 9,52 0,07 4.658 -3,05 -5,46 3R Petroleum RRRP3 0,63 28,58 0,18 6.783 9,29 8,75 Cosan CSAN3 0,47 19,31 0,09 6.051 0,63 -0,26 Fleury FLRY3 0,46 17,48 0,08 3.117 -0,34 -3,10 update 12h30 Ibovespa: maiores quedas do dia até aqui Ativo Dia (%) Valor (R$) Variação (R$) Negócios Semana (%) Janeiro (%) MRV MRVE3 -10,41 8,52 -0,99 20.925 -13,59 -24,13 Casas Bahia BHIA3 -4,82 10,06 -0,51 3.714 -3,27 -11,60 Azul AZUL4 -3,40 14,19 -0,50 8.348 2,60 -11,37 Hapvida HAPV3 -2,92 4,32 -0,13 7.909 1,17 -2,92 Localiza RENT3 -2,68 61,31 -1,69 10.753 1,34 -3,60 Marfrig MRFG3 -2,64 9,22 -0,25 4.175 -2,64 -4,95 CSN Mineração CMIN3 -2,58 7,18 -0,19 5.498 -8,65 -7,51 update 12h28 Confira o Radar update 12h26 Ibovespa tenta manter os 130 mil; queda atual é de 0,61%, aos 130.046,89 pontos update 12h24 Petrobras (PETR3 PETR4) tenta se firmar novamente no campo positivo: altas de 0,28% e 0,16% update 12h16 Ibovespa segue renovando mínimas: agora, menos 0,72%, aos 129.897,76 pontos update 12h14 Ibovespa faz nova mínima da sessão, com menos 0,67%, e perde os 130 mil, indo aos 129.959,15 pontos update 12h12 Ibovespa chega a nova mínima: queda de 0,62%, aos 130.026,68 pontos update 12h11 Índice de Small Caps (SMLL) também faz nova mínima do dia, com queda de 1,20%, aos 2.248,94 pontos update 12h10 Nova mínima: Ibovespa agora cai 0,62% e vai aos 130.035,25 pontos update 12h09 Banco Central informa terceira parcial PTAX com compra a R$ 4,8793 e venda a R$ 4,8799 update 12h08 Oscilando, PETR4 volta ao positivo, com 0,08%; ação opera entre perdas e ganhos update 12h08 Índice de Fundos Imobiliários (IFIX) cai 0,13%, aos 3.320,69 pontos, nova mínima do dia update 12h07 Índice de Small Caps (SMLL) também renova mínima do dia, com queda de 1,07%, aos 2.251,97 pontos update 12h06 Ibovespa tem nova mínima, com menos 0,59%, aos 130.064,02 pontos update 12h06 PETR4 vira para queda de 0,03%; PETR3 ainda se mantém no azul, com 0,08% update 12h05 Ibovespa renova mínima da sessão, com queda de 0,50%, aos 130.191,03 pontos update 12h03 Vale (VALE3) renova mínima do dia, com queda de 0,15%, a R$ 72,12 update 12h00 DIs: juros futuros operam estáveis por toda a curva Valor (%) Dia (%) Variação (pp) Negócios Semana (%) Mês (%) Ano (%) DI1F25 10,145 0,10 0,010 19980 0,69 1,15 1,15 DI1F26 9,770 -0,05 -0,005 29710 0,88 1,66 1,66 DI1F27 9,875 -0,05 -0,005 23190 0,71 1,59 1,59 DI1F29 10,240 -0,05 -0,005 16027 0,29 1,69 1,69 DI1F31 10,470 0,00 0,000 7490 0,19 2,05 2,05 DI1F33 10,580 0,00 0,000 3341 0,00 2,03 2,03 update 11h59 Lula termina anúncio de Ricardo Lewandowski como novo ministro da Justiça O presidente evitou comentar sobre o futuro da equipe de Lewandowski no ministério e disse que isso é uma decisão dele. A posição de Lula é uma resposta aos que defendiam Ricardo Cappelli na vaga de Flávio Dino. Cappelli ocupa o cargo de secretário-executivo do Ministério da Justiça na gestão Dino e foi interventor do Distrito Federal depois dos atos antidemocráticos de 8 de janeiro de 2023. update 11h57 Ações de MRV (MRVE3) lideram quedas do Ibovespa, com -7,15%, a R$ 8,83 update 11h54 Lula: Esse ano vamos colher o que nós plantamos em 2023 update 11h54 Lula: Vamos ter outro ano primoroso; vai crescer mais do que os especialistas estão dizendo update 11h53 Lula: Vamos diminuir lançamento de programas update 11h50 Tesouro Direto: taxas de títulos curtos sobem após inflação acima do esperado no Brasil e nos EUA IPCA e CPI vieram acima do esperado e movimentam o mercado na manhã desta quinta-feira. update 11h50 Flávio Dino toma posse no STF no dia 22 de fevereiro e fica à frente do Ministério de Justiça até a entrada de Lewandowski no dia 1 de fevereiro update 11h49 Ações de Vale (VALE3) viram para queda de 0,10%, a R$ 72,16 update 11h48 Lula diz que equipe de Lewandowski será anunciada somente depois da posse do novo ministro de Justiça update 11h48 Dólar comercial recua 0,49%, a R$ 4,867; na mínima, foi a R$ 4,859 update 11h47 Ações de Vale (VALE3) perdem força e operam com +0,07%, a R$ 72,28 update 11h47 Lula: Lewandowski toma posse no dia 1 de fevereiro update 11h46 Lula: Quando indico ministro não indico ninguém (para a pasta) update 11h46 Ibov volta para queda de 0,19%, aos 130.593,77 pontos update 11h45 Lula: Quando indico ministro é por relação de confiança update 11h43 Lula anuncia oficialmente, neste momento, Ricardo Lewandowski como novo ministro da Justiça e Segurança Pública O ex-ministro do STF entra no lugar de Flávio Dino, agora ministro do STF. update 11h39 Ibovespa: ações mais negociadas em volume hoje são VALE3, PETR4, PRIO3 e MGLU3 update 11h35 Dólar futuro renova mínima, com -0,58%, aos 4.877,00 pontos update 11h33 Desenrola da Educação contabiliza 164 mil renegociações de dívidas Prazo para solicitar renegociação termina em 31 de maio. update 11h30 Principais índices em Nova York abrem dia com altas, após CPI Investidores em Wall Street ainda mergulham atenção no relatório da inflação ao consumidor de dezembro. O CPI veio com uma manchete levemente acima da expectativa . “A turma do ‘maior por mais tempo’ recebeu mais um argumento”, disse à CNBC Giuseppe Sette, presidente da empresa de pesquisa de mercado Toggle AI. “Com o CPI ligeiramente mais alto do que o esperado, torna-se mais difícil para o Fed dizer que as pressões inflacionistas foram controladas, especialmente face a um mercado de trabalho forte”. Dow Jones: +0,24% S&P 500: +0,22% Nasdaq: +0,31% update 11h27 Ibov tem mais uma máxima: +0,36%, aos 131.307,69 pontos update 11h21 CPI: ao contrário do que se viu em períodos anteriores, a característica desta divulgação foi majoritariamente negativa O economista Matheus Pizzani reforça que “a divulgação de hoje vai de encontro com as expectativas mais recentes do mercado de que a situação da inflação já é positiva o suficiente e pode sustentar o início do ciclo de corte de juros no país no mês de março”. Ao contrário, o cenário “ainda demandará a manutenção do aperto monetário praticado até aqui por algum tempo, de maneira que a taxa de juros deve se manter no patamar atual até pelo menos a transição do primeiro para o segundo semestre de 2024”. update 11h20 Títulos públicos de longo prazo registram valorização de até 19,2% em 2023 Papéis atrelados à inflação com prazo superior a cinco anos foram os destaques do último ano. update 11h17 Ibov tem nova máxima, com +0,30%, aos 131.233,96 pontos update 11h16 Grandes bancos sobem; ITUB4 avança 0,57%, BBDC3 sobe 0,50%, BBAS3 avança 0,33% e SANB11 ganha 0,16% update 11h16 Ibov avança 0,24%, aos 131.154,00 pontos, na máxima diária update 11h15 Ações de Eletrobras (ELET3 ELET6) renovam máximas, com +0,82% e +0,74% update 11h15 XP: com IPCA de dezembro, BC deve continuar com ritmo de cortes da Selic em 0,50 pp “Em nossa visão, os resultados do IPCA de dezembro são consistentes com o nosso cenário de queda adicional da inflação em 2024 (projetamos 3,7%), principalmente devido a uma nova rodada de deflação global de custos”, diz a XP. A inflação de serviços tem cedido, mas lentamente. Os recentes aumentos acima do esperado nos salários reais representam uma fonte de preocupação para a dinâmica dos preços de serviços nos próximos meses. “Em relação à política monetária, o Banco Central deve reforçar sua abordagem cautelosa e continuar a cortar a taxa Selic em 0,50 pp por reunião. Projetamos a taxa básica de juros em 9,00% no final deste ano”, conclui. update 11h12 Ibov vira para alta de 0,05%, aos 130.900,39 pontos update 11h10 Ifix renova mínima, com -0,11%, aos 3.320,56 pontos update 11h09 IPCA de dezembro teve surpresa espalhada entre os grupos, diz banco Na leitura do Itaú BBA, “houve maior pressão no mês sobre produtos industriais (com a reversão dos descontos da Black Friday) e alimentação no domicílio (principalmente produtos in natura), reforçando que o El Niño deve pressionar esses preços no 1T24, mas esse movimento tende a reverter mais tarde”. Na margem, diz a análise, “a inflação subjacente permanece num nível baixo, mas sem melhorias adicionais, com as médias móveis de três meses ajustadas sazonalmente dos núcleos praticamente estáveis em 3,1% (de 3,2%). Para 2024, esperamos que o processo de desinflação em curso continue, com o IPCA em 3,6% ao final do ano”. update 11h06 Banco Central informa segunda parcial PTAX com compra a R$ 4,8842 e venda a R$ 4,8848 update 11h03 DIs: juros futuros ampliam ganhos no médio e longo prazo Taxa (%) Variação (%) Variação (pp) Negócios Semana (%) Mês (%) Ano (%) DI1F25 10,175 0,39 0,040 15575 0,99 1,45 1,45 DI1F26 9,850 0,77 0,075 21939 1,70 2,50 2,50 DI1F27 9,960 0,81 0,080 17593 1,58 2,47 2,47 DI1F29 10,305 0,59 0,060 8389 0,93 2,33 2,33 DI1F31 10,530 0,57 0,060 3026 0,77 2,63 2,63 DI1F33 10,630 0,47 0,050 1925 0,47 2,51 2,51 update 10h58 IPCA salgado deve reduzir apostas de BC acelerar cortes na Selic, dizem economistas Maiores surpresas de alta em dezembro vieram nos alimentos no domicílio e nos serviços subjacentes; para especialistas, ritmo de cortes deve continuar em 0,50 p.p. update 10h56 Moradia continua pressionando a inflação ao consumidor nos EUA em dezembro Gustavo Cruz, estrategista da RB investimentos, acha difícil o Fed se sentir confortável em iniciar ciclo de corte com esse item ainda em alta, pois ele é um fator importante para a política monetária americana. update 10h55 Dólar comercial alivia queda para -0,09%, a R$ 4,886 update 10h54 Índice Small Caps (SMLL) renova mínima, com -0,69%, aos 2.260,48 pontos; maiores quedas são MRVE3 (-4,84%) e POMO4 (-2,90%) update 10h52 Ações de Petrobras (PETR3 PETR4) voltam a subir, com +0,26% e +0,29% update 10h50 Treasuries viram para alta por toda a curva, após CPI nos EUA Título de 2 anos: +0,002 pp, a 4,373% (antes CPI: -0,042 pp, a 4,329%) Título de 7 anos: +0,004 pp, a 4,014% (antes CPI: -0,045 pp, a 3,965%) Título de 10 anos: +0,012 pp, a 4,042% (antes CPI: -0,045 pp, a 3,985%) Título de 30 anos: +0,025 pp, a 4,225% (antes CPI: -0,034 pp, a 4,166%) update 10h48 Ações de Vale (VALE3) voltam a ganhar força, com +0,42%, a R$ 72,53 update 10h48 Futuros dos principais índices em Nova York oscilam, após manchete do CPI levemente mais forte do que o esperado Dow Jones Futuro: -0,04% (antes CPI: +0,04%) S&P 500 Futuro: -0,03% (antes CPI: +0,16%) Nasdaq Futuro: +0,07% (antes CPI: +0,37%) update 10h46 Embora o IPCA de dezembro esteja acima do consenso, de maneira geral o número e o cenário continuam bastante positivos A afirmação é de Volnei Eyng, CEO da Multiplike, que observa que a inflação reportada não é ‘maligna’, mas sim benigna e pontual. update 10h45 Ações de Petrobras (PETR3 PETR4) perdem força e operam com -0,03% e +0,11% update 10h45 Ações de Vale (VALE3) perdem força e operam com leve alta de 0,15%, a R$ 72,34 update 10h44 DXY: índice dólar vira para alta de 0,05%, aos 102,41 pontos, após CPI Antes da divulgação do relatório, o DXY caía 0,15%, aos 102,21 pontos. update 10h44 Dólar comercial recua 0,34%, a R$ 4,874 update 10h42 Mini Índice com vencimento em fevereiro (WING24) vira para queda de 0,22%, aos 131.620 pontos, após CPI nos EUA Volume de negócios ultrapassa 1,31 milhão. update 10h41 Ibovespa agora recua 0,24%, aos 130.531,58 pontos update 10h38 Magazine Luiza (MGLU3) é a maior alta do Ibovespa, com +4,13%, a R$ 2,27 update 10h37 Índice Small Caps (SMLL) vira para alta de 0,02%, aos 2.276,78 pontos update 10h37 Ifix renova mínima, com -0,10%, aos 3.321,38 pontos update 10h36 Ibov volta a subir 0,01%, aos 130.817,56 pontos update 10h36 Ibov reduz queda para 0,09%, aos 130.727,63 pontos update 10h33 Sabesp (SBSP3):  Novo modelo regulatório para os contratos alterados da empresa privatizada é ainda incerto O JPMorgan avalia que o anúncio de um novo marco regulatório para a Sabesp ( SBSP3 ) deverá ser a próxima etapa antes de dar prosseguimento, em meados de 2024, à privatização – para o banco, a definição do marco será referência do preço de oferta da companhia. O JPMorgan tem recomendação overweight para a Sabesp, com preço-alvo de R$ 83/ação. update 10h32 Índice Small Caps (SMLL) renova mínima, com -0,66%, aos 2.261,71 pontos update 10h32 EUA: pedidos iniciais de seguro-desemprego esta semana ficaram em 202 mil, abaixo da expectativa de 210 mil A leitura da semana anterior apontou 203 mil (revisada de 202 mil). A média das últimas quatro semanas ficou em 207,75 mil, enquanto a das quatro encerradas na semana passada ficou em 208,00 mil (revisada de 207,75 mil). Os pedidos contínuos estão em 1,834 milhão, abaixo dos 1,868 milhão da semana anterior (revisado de 1,855 milhão). update 10h31 Ibov amplia queda para -0,36%, aos 130.368,90 pontos update 10h31 EUA: núcleo do CPI em dezembro sobe 0,3%, em linha com a expectativa e mesma alta de novembro O núcleo da inflação ao consumidor terminou 2023 com alta de 3,9%, acima da expectativa de 3,8%. Em 2022, o núcleo do CPI acumulou alta de 4,0%. update 10h30 Ibovespa renova mínima, com -0,20%, aos 130.575,46 pontos update 10h30 EUA: CPI encerra 2023 com alta de 3,4%, acima da expectativa de 3,2%; em 2022, 3,1% update 10h30 EUA: índice de preços ao consumidor (CPI) em dezembro sobe 0,3%, acima expectativa de mais 0,2%; em novembro, 0,1% update 10h29 Mini Índice com vencimento em fevereiro (WING24) tem leve alta de 0,02%, aos 131.930 pontos, antes do CPI nos EUA update 10h28 Futuros dos principais índices em Wall Street sobem antes do CPI de dezembro Dow Jones Futuro: +0,04% S&P 500 Futuro: +0,16% Nasdaq Futuro: +0,37% update 10h27 Treasuries caem por toda a curva, antes do CPI de dezembro nos EUA Título de 2 anos: -0,042 pp, a 4,329% Título de 7 anos: -0,045 pp, a 3,965% Título de 10 anos: -0,045 pp, a 3,985% Título de 30 anos: -0,034 pp, a 4,166% update 10h25 Antes de CPI, Ibovespa opera em leve alta de 0,04%, aos 130.897,56 pontos update 10h25 DXY: índice dólar recua 0,15%, aos 102,21 pontos, antes do CPI update 10h25 Empresas de telecom oscilam; OIBR3 sobe 3,17%, VIVT3 cai 0,41% e TIMS3 recua 0,69% update 10h24 VIX: índice de volatilidade nos EUA sobe 0,71%, antes da divulgação da inflação de dezembro O CPI será divulgado em instantes, às 10h30, horário de Brasília. update 10h23 Dólar comercial recua 0,29%, a R$ 4,876 update 10h22 Maioria das varejistas sobem; ASAI3 sobe 2,43%, MGLU3 avança 2,29% e CRFB3 tem ganhos de 1,48% Ações de SOMA3 caem 2,07% e de NTCO3 recuam 0,54%. update 10h20 Rede D’Or (RDOR3) cai 0,11%, em meio às notícias de incêndio no Hospital São Luiz, no Morumbi, em São Paulo update 10h19 Ibovespa abre dia sem força, em meio a IPCA e CPI O Ibovespa começa o dia em oscilação, aos 130.898,74 pontos, agora com leve alta de 0,04%, à medida que investidores digerem o IPCA de dezembro acima do previsto, enquanto aguardam dados de inflação nos Estados Unidos, que saem às 10h30. O indicador de inflação oficial do Brasil subiu 0,56% em dezembro, o que significou uma aceleração em relação aos 0,28% de novembro. O consenso LSEG apontava para alta de 0,48%. Sobem hoje as ações de Vale (VALE3), Petrobras (PETR4), companhias aéreas, a maioria das petroleiras juniores e as siderúrgicas. Recuam os grandes bancos, companhias de educação e frigoríficas. As varejistas oscilam. O dólar recua 0,13%, a R$ 4,885, e os juros futuros (DIs) sobem por toda a curva, na contramão dos Treasuries. Em Brasília, o presidente Lula deve anunciar deve anunciar o ex-ministro do STF Ricardo Lewandowski como novo ministro da Justiça. Em Wall Street, os índices futuros operam mistos, enquanto os EUA se preparam para os últimos dados de inflação ao consumidor e o início da temporada de resultados do quarto trimestre. O consenso LSEG aponta para alta mensal de 0,2% e de 3,2% na base anual. (Felipe Alves) update 10h18 IPCA de dezembro não deve levar a uma mudança de estratégia do Banco Central “Contudo, o mercado deve apagar as (poucas) chances de qualquer aceleração no ritmo de corte de juros nesse ciclo de redução de taxas”, afirma Lais Costa, analista da Empiricus Research. update 10h18 Setor de papel e celulose na abertura: KLBN11, -0,04%; RANI3, 0,00%; SUZB3, -0,19% update 10h17 Ações de saneamento recuam nesta manhã: CSMG3, -0,41%; SAPR11, -0,55%; SBSP3, -0,17% update 10h16 Setor de educação em baixa: ANIM3, -0,23%; COGN3, -0,90%; SEER3, -0,56%; YDUQ3, -0,43% update 10h15 Eletrobras (ELET3 ELET6) vira para altas de 0,13% e 0,12%, respectivamente update 10h15 BBDC4 e ITUB4 viram para altas de 0,19% e 0,03%; bancos operam com oscilação update 10h14 Siderúrgicas sobem nesta manhã: CSNA3, +0,45%; GGBR4, +0,65%; GOAU4, +0,50%; USIM5, 0,12% update 10h13 Petro juniores sobem nesta abertura: ENAT3, +1,03%; PRIO3, +1,67%; RECV3, +1,38%; RRRP3, +1,02% update 10h12 Supermercadistas em alta nesta abertura: ASAI3, +2,21%; CRFB3, +2,01%; GMAT3, +0,72%; PCAR3, +1,33% update 10h11 IPCA de dezembro: Grupo alimentação no domicílio foi bastante impactado pelo agravamento do El Niño no final de 2023 E esse efeito deve trazer perturbação também no começo de 2024, avalia Leonardo Costa, economista da ASA Investments. “Nos serviços, boa parte da pressão de dezembro veio da alta da passagem aérea”, diz. update 10h11 Banco Central informa primeira parcial PTAX com compra a R$ 4,8759 e venda a R$ 4,8765 update 10h10 Hapvida (HAPV3) começa sessão com perda de 0,45%, a R$ 4,43 update 10h10 Frigoríficos abrem sessão com quedas: BEEF3, -0,28%; BRFS3, -1,42%; JBSS3, -0,29%; MRFG3, -0,63% update 10h09 Ibovespa sai dos leilões com alta de 0,06%, aos 130.918,38 pontos, nova máxima do dia update 10h08 Bancos começam dia em baixa: BBAS3, -0,11%; BBDC4, -0,19%; ITUB4, -0,12%; SANB11, -0,29% update 10h07 Forte inflação de alimentação foi o principal destaque ruim do IPCA de dezembro divulgado nesta quinta (11) Para o BGC, o avanço da inflação dos serviços subjacentes também foi um ponto desapontador, apesar de ainda ser cedo para tirar uma conclusão definitiva. update 10h06 Aéreas abrem sessão em alta: AZUL4 sobe 0,48% e GOLL4 ganha 0,38%; EMBR3 vai na contramão e cai 0,22% update 10h06 B3 (B3SA3) inicia sessão com alta de 0,29%, a R$ 13,96 update 10h05 Eletrobras (ELET3 ELET6) abre dia com quedas de 0,21% e 0,20%, respectivamente update 10h05 Controladora da Gol busca credores para reestruturação de dívida Abra Group se reuniu com Nova York com detentores de US$ 1,5 bilhão em dívidas da empresa. update 10h05 Petrobras (PETR3 PETR4) começa sessão com altas de 0,59% e 0,72%, respectivamente update 10h04 Vale (VALE3) começa dia em alta de 0,43%, a R$ 72,54 update 10h04 CVC (CVCB3) abre dia com alta de 0,31%, a R$ 3,26 update 10h03 Economista aponta os riscos de baixa e de alta do IPCA em 2024 Igor Cadilhac, economista do PicPay, vê eventuais riscos de baixa principalmente do contágio dos preços de bens sobre os demais, incluindo petróleo; do comportamento dos núcleos e sua inércia; e do combate à inflação de forma sincronizada mundo afora. “Do outro lado, temos monitorado o mercado de commodities agrícolas e softs, incluindo os eventuais efeitos do El Niño sobre cereais, leguminosas e oleaginosas, e os aumentos salariais dado o baixo desemprego, os ganhos reais recentes e a regra do salário mínimo”, afirma. update 10h01 Ibovespa abre, preliminarmente, com queda de 0,01%, aos 130.830,75 pontos update 9h57 Ibovespa futuro opera estável, aos 131.890 pontos update 9h55 Gerdau (GGBR4), CSN (CSNA3) e mais: siderúrgicas têm começo de ano difícil, com pressão da China Analistas se dividem em perspectivas para 2024, de olho na China, nos pacotes americanos e na retomada do mercado brasileiro. update 9h55 IPCA de dezembro veio pior que o esperado, muito por conta da inflação de alimentos, que pressionou essa alta do índice A avaliação é de Andre Fernandes, head de renda variável e sócio da A7 Capital. “A inflação de alimentos no domicílio ficou em 1,34% ante 0,75% em novembro, uma alta bem significativa. Acredito que essa alta se deve aos problemas climáticos que os produtores vêm enfrentando, impactando a produção de alimentos e encarecendo os preços”, afirma. update 9h46 Índice EWZ sobe 0,18% na pré-abertura dos EUA update 9h41 Ecorodovias (ECOR3): poder público inicia estudos para avaliar implementação da terceira pista de ligação para Baixada Santista A Secretaria de Parcerias em Investimentos (SPI) quer conhecer a viabilidade da construção da nova via pela Ecovias dos Imigrantes. O prazo de conclusão dos estudos será de 24 meses, prorrogáveis por mais 12 meses. “Os custos de produção desses projetos serão de responsabilidade da Concessionária e o cálculo para o reequilíbrio econômico-financeiro da execução desse trabalho será feito com base nos gastos efetivamente realizados e aprovados pelo Poder Concedente”. A Ecorodovias ( ECOR3 ) informa que o “resultado dos estudos e projetos servirá de base para a análise da SPI e ARTESP quanto à viabilidade de inclusão das obras no contrato de concessão da Ecovias dos Imigrantes”. update 9h39 IPCA de dezembro: Apesar do resultado pior que o esperado, vemos continuidade do processo de desinflação André Cordeiro, economista-sênior do Inter, afirma que o acumulado em 12 meses do IPCA continuou a recuar, assim como a média dos núcleos. “De modo geral, o resultado da inflação em dezembro não foi muito animador, ainda assim, há sinais de continuidade do processo de desinflação, mas alguns sinais de risco começam a aparecer no horizonte, principalmente a aceleração dos núcleos e da inflação de serviços. Entretanto, esses sinais ainda não são suficientes para ensejar uma mudança na condução da política monetária por parte do Copom e mantemos nossa expectativa de continuidade do processo de cortes na Selic no atual ritmo imposto pelo Comitê”, diz. update 9h36 IPCA desaponta o mercado, mas não é algo que compromete o ciclo Para Gustavo Cruz, estrategista da RB Inverstimentos, avaliando o IPCA de dezembro acima da estimativa, divulgado nesta quinta (11), crê que o resultado do mês pode ter uma questão sazonal, já que é um período de festas de final de ano. “Mas não é algo que compromete o ciclo todo, não é algo que mudaria a taxa final, mas é algo que vai diminuir a expectativa de corte maior da taxa de juros no curto prazo”, afirma. update 9h36 INPC tem alta de 0,55% em dezembro e fecha 2023 com alta de 3,71% No acumulado de 2023, houve alta de 0,33% nos produtos alimentícios e de 4,83% nos não alimentícios; índice é menor que o do IPCA por dar mais peso aos alimentos e bebidas. update 9h35 Em oscilação, Ibovespa futuro volta a subir 0,02%, aos 131.925 pontos update 9h30 CME/FedWatch: expectativa de queda de juros em março está em 65% 5,25%-5,50% 5,00%-5,25% 4,75%-5,00% 4,50%-4,75% 4,50%-4,25% 4,25%-4% 4%-3,75% 3,50%-3,75% 31/01 97,4% 2,6% – – – – – – 20/03 33,1% 65,2% 1,7% – – – – – 1º/05 3,5% 36,5% 58,4% 1,5% – – – – 12/06 0,1% 4,9% 37,5% 56% 1,5% – – – 31/07 – 0,7% 8,5% 39,5% 49,9% 1,3% – – 18/09 – 0,1% 1,5% 12% 40,7% 44,6% 1,2% – 7/11 – – 0,6% 5,3% 22,4% 42,1% 28,9% 0,7% update 9h28 PRIO (PRIO3): Banco afirma que greve do Ibama pode afetar processo de licenciamento do campo Wahoo O Bradesco BBI destaca que funcionários do Ibama pretendem suspender projetos de perfuração e instalação offshore como os da PRIO ( PRIO3 ). update 9h25 Índice Dólar DXY cai 0,12%, aos 102,24 pontos update 9h20 Cenário na Argentina ainda é altamente incerto O Bradesco BBI afirma que depois do início positivo com as diversas medidas de ajustamento fiscal e de desregulamentação econômica, a Argentina começou a desvanecer-se devido à dificuldade de reunir o apoio político necessário no Congresso. Por outro lado, o fato de o FMI estar disposto a celebrar um novo acordo que incorpore novos recursos, é positivo para os mercados, embora o banco veja isso como uma forma do Fundo Monetário Internacional esperar por sinais de sucesso relacionados aos ajustes que estão em andamento. update 9h16 Minério de ferro se recupera com esperanças renovadas de estímulo na China O minério de ferro de referência para fevereiro na Bolsa de Cingapura subiu quase 1%, para 134,1 dólares a tonelada, apagando as perdas anteriores. update 9h14 Mini Índice com vencimento em fevereiro (WING24) começa dia com queda de 0,15%, aos 131.710 pontos update 9h13 Dólar comercial renova mínima, com -0,18%, aos R$ 4,882 update 9h13 Mini Dólar com vencimento em fevereiro (WDOG24) começa dia com queda de 0,22%, a 4.895,00 update 9h11 Preços da gasolina no Brasil seguem acima da paridade internacional, diz Abicom Petrobras ( PETR3 ; PETR4 ) anunciou há 83 dias alterações nos preços da gasolina. Sobre o diesel, a estatal determinou um reajuste há 16 dias. A Associação Brasileira dos Importadores de Combustíveis publica o estudo diariamente, de segunda a sexta. Diesel A S10 (média nacional): -3%, ou -R$ 0,10 (ontem: -4% ou -R$ 0,16) Gasolina A (média nacional): +5%, ou +R$ 0,12 (ontem: +4% ou +R$ 0,11) update 9h10 Ibovespa futuro amplia queda para -0,19%, aos 131.660 pontos update 9h09 Análise técnica: Confira os pontos de suporte e resistência do Ibovespa Em relatório de análise técnica, o Itaú BBA destaca que os índices brasileiros caminham em lado oposto aos índices americanos nesta semana. Enquanto o índice americano SP500 sobe e caminha para sua máxima de 2023, o Ibovespa cai e testa a região de suporte em 130.700 pontos. Os ventos favoráveis vindos do exterior desta semana ainda não impactaram o Ibovespa, por isso a atenção na região dos 130.700/400 pontos é importante. Se perder esta região, encontraremos o próximo suporte em 126.400 pontos – patamar que mantém o índice em tendência altista. Fonte: Broadcast. Elaboração: Itaú em relatório de análise técnica update 9h05 DIs: juros futuros sobem por toda a curva após IPCA maior que o esperado Valor (%) Dia (%) Variação (pp) Negócios Semana (%) Mês (%) Ano (%) DI1F25 10,180 0,44 0,045 709 1,04 1,50 1,50 DI1F26 9,850 0,77 0,075 1503 1,70 2,50 2,50 DI1F27 9,940 0,61 0,060 569 1,38 2,26 2,26 DI1F29 10,300 0,54 0,055 232 0,88 2,28 2,28 DI1F31 10,520 0,48 0,050 55 0,67 2,53 2,53 DI1F33 10,620 0,38 0,040 63 0,38 2,41 2,41 update 9h03 Dólar comercial abre em queda de 0,01%, cotado a R$ 4,890 na compra e a R$ 4,891 na venda update 9h02 Ibovespa futuro agora recua 0,11%, aos 131.750 pontos update 9h02 Dólar futuro abre em queda de 0,03%, cotado aos 4.904,00 pontos update 9h01 Ibovespa futuro abre em alta de 0,02%, cotado aos 131.935 pontos update 9h01 IPCA de dezembro sobe 0,56%; consenso Lseg previa alta de 0,48% O IPCA de dezembro foi de 0,56% e ficou 0,28 ponto percentual (p.p.) acima da taxa de novembro (0,28%). Em dezembro de 2022, a variação havia sido de 0,62%. O IPCA fechou o ano com alta acumulada de 4,62%. update 8h59 Santander (SANB11) e Bradesco (BBDC4): Banco espera sequencialmente melhor margem financeira no 4T23 para ambos os nomes O Goldman Sachs afirma que os olhos estão voltados em 2024 para o guidance do Santander ( SANB11 ) e Bradesco ( BBDC4 ), especialmente para o Bradesco, com a expectativa de que o novo CEO anuncie um plano estratégico de longo prazo para melhorar a lucratividade. update 8h56 Confira o InfoMorning update 8h53 Itaú (ITUB4) e BB (BBAS3): Banco espera melhores tendências trimestrais, ampliando a lucratividade desses nomes O Goldman Sachs avalia que apesar da margem financeira mais fraca tanto do Itaú ( ITUB4 ) quanto no Banco do Brasil ( BBAS3 ) devido aos spreads mais baixos, vê ambos os nomes tendência melhores em ambos os nomes. O Goldman tem recomendação de compra para o Itaú com preço-alvo de R$ 39/ação, e o BB, também com recomendação de compra, tem preço-alvo de R$ 64/ação. update 8h52 Google demite centenas de funcionários nas equipes de Assistente, hardware e engenharia O Google, da Alphabet, disse na quarta-feira que demitiu centenas de funcionários em várias equipes, com os co-fundadores da Fitbit, James Park e Eric Friedman, também deixando a empresa, já que a gigante da tecnologia continua a cortar custos. O Google disse que vai demitir centenas de pessoas em sua unidade de Assistente de Voz, enquanto algumas centenas de funções estão sendo eliminadas na equipe de hardware responsável pelo Pixel, Nest e Fitbit, e a maioria das pessoas na equipe de realidade aumentada está sendo dispensada. Centenas de funções na equipe central de engenharia da gigante das buscas também estão sendo afetadas, informou a empresa. (Reuters) update 8h50 Bitcoin empaca nos US$ 46 mil após ETF, mas clone do Ethereum dispara 40% O regulador dos EUA liberou ontem os primeiros ETFs à vista de Bitcoin do país. update 8h47 EUA: rendimentos dos Treasuries recuam antes de dados de inflação Treasuries: T-note de 10 anos a 3,987% (-0,043) Treasuries: T-note de 2 anos a 4,339% (-0,032) update 8h43 Enfrentando um dólar um pouco mais forte, a recuperação nos mercados do ouro e da prata encontrou resistência Segundo o Julius Baer, a euforia de final de ano nos mercados do ouro e da prata parece ter desaparecido e a recuperação encontrou resistência. Estas descidas, segundo o banco, refletem um dólar um pouco mais forte e rendimentos das obrigações dos EUA um pouco mais elevados, ao mesmo tempo que a fixação de preços das taxas de juro futuras dos EUA já não é tão agressiva como antes da virada do ano. update 8h42 Confira análise técnica da XP para o SP500 O SP500 fechou em nova alta reforçando o sinal da tendência altista dado pela média de 21 dias, segundo Gilberto Coelho, analista técnico da XP. As projeções estão em 5.000 e 5.230. Abaixo dos 4.730 retomaria sinal de realização com possível teste de suportes em 4.600 ou 4.400. Fonte: Relatório de análise técnica da XP update 8h38 Banco ressalta as ações preferidas por setor O Morgan Stanley afirma que no setor de petróleo e gás, tem preferência pela Petrobras ( PETR4 ) e PRIO ( PRIO3 ). O banco também gosta do operador ferroviário exposto à produção agrícola: a Rumo ( RAIL3 ). No ambiente digital, o Morgan afirma “jogar” com o Nubank ( ROXO34 ), MercadoLivre ( MELI34 ) e Totvs ( TOTS3 ). Por fim, aponta preferência pelos bancos de varejo Bradesco ( BBDC4 ) e Itaú ( ITUB4 ). update 8h38 Confira análise técnica da XP para o dólar futuro O Dólar futuro G24 fechou em queda, respeitando a média de 21 dias como resistência, segundo Gilberto Coelho, analista técnico da XP. Abaixo dos 4.877 teria projeções nos 4.818 ou 4.760. Acima dos 4.924 pode reverter o sinal para alta mirando os 5.000 ou 5.060. Fonte: Relatório de análise técnica da XP update 8h34 Confira análise técnica da XP para o Ibovespa O IBOV realizou na direção da de 21 dias, indefinindo a tendência de curto prazo, mas segue em alta no longo prazo, segundo Gilberto Coelho, analista técnico da XP. Acima dos 132.500 favorecerá teste dos 134.400 ou 141.000. Uma perda dos 130.000 aumentaria a possibilidade de novas realizações na direção dos suportes 128.000 ou 125.500. Fonte: Relatório de análise técnica da XP update 8h32 Americanas (AMER3): 7 questões um ano após a fraude bilionária e o futuro das ações Companhia diminuiu suas operações e ações foram “deixada de lado” pelos analistas, que seguem céticos sobre futuro mesmo com desdobramentos mais positivos dos últimos meses. update 8h30 XP: Oportunidades de swing trade para hoje, por Gilberto Coelho C ou V Ativo Gatilho Alvo Loss Motivo Alvo (%) Loss (%) Lim Entrada Compra RAPT4 13,11 14,45 12,46 MM21 10,22 -4,96 13,24 Compra LIGT3 6,65 7,99 6,29 Fibonacci 20,15 -5,41 6,72 update 8h30 Potencial atraso no início de um ciclo de flexibilização nos EUA pode ser um obstáculo para o ritmo de novos cortes nas taxas de juro no Brasil Analistas do Morgan Stanley acreditam que a inflação subjacente nos EUA permanecerá rígida por mais tempo e que a Fed manterá as taxas estáveis por mais tempo do que o mercado espera. update 8h25 Vibra firma acordo para produção de metanol A Vibra (VBBR3) celebrou, na última quarta, com a Inpasa Agroindustrial, um Memorando de Entendimentos (MOU) para o desenvolvimento de estudos de viabilidade para potencial parceria para produção e comercialização de metanol verde, a ser destinado principalmente ao uso marítimo e ao segmento industrial, a partir de subprodutos do etanol. Os estudos têm um prazo inicial de 180 dias e serão conduzidos por representantes a serem designados pelas partes. update 8h23 Petrobras recebe parcela de US$ 298 mi da Carmo Energy A Petrobras recebeu, na última quarta-feira (10), da Carmo Energy, a última parcela no valor de US$ 298 milhões, já considerados os ajustes e encargos de mora devidos, relativa à alienação do Polo Carmópolis, que venceu em 20/12/2023. update 8h21 CCR (CCRO3) reportou um forte crescimento de tráfego na divisão de rodovias em dezembro O Bradesco BBI avalia que embora o tráfego pedagiado do 4T23 da CCR ( CCRO3 ) tenha ficado acima da estimativa do banco, o tráfego mais fraco do que o esperado para as divisões de mobilidade urbana e aeroportuárias da empresa em novembro resultou em números de tráfego de passageiros do 4T23 menores que o previsto. O BBI mantém recomendação outperform e preço alvo de R$ 18,00/ação. update 8h20 Argentina e FMI chegam a acordo para debloquear acesso a US$ 4,7 bilhões Entre as metas repactuadas para a manutenção do programa, o FMI destaca o compromisso de se alcançar um superávit primário equivalente a 2% do PIB em 2024. update 8h16 Servidores do BC anunciam greve de 24h O Sindicato Nacional dos Funcionários do Banco Central (Sinal) informou, na quarta-feira (10) que a categoria fará uma paralisação de 24 horas nesta quinta, enfatizando que a iniciativa pode resultar em interrupções operacionais em serviços da autarquia. update 8h13 Governo envia ao Congresso projeto para aprimorar Lei de Falências Com o objetivo de dar mais rapidez aos processos de falência, o governo enviou ao Congresso Nacional projeto de lei para mudar a Lei de Falências, que data de 2005. O projeto pretende ampliar os poderes dos credores, tendo em vista que eles são os principais interessados na liquidação eficiente dos bens ativos das empresas que se tornaram inviáveis. update 8h10 Lewandowski aceita convite de Lula para substituir Dino no Ministério da Justiça Informação deve ser divulgada publicamente nesta quinta-feira, após novo encontro de Lula com o ex-magistrado e o atual ministro. update 8h09 Petrobras (PETR4) (PETR3): Previsão de banco sugere dividendos significativamente abaixo dos níveis de 2022-23, mas ainda atraente Segundo cálculos do Goldman Sachs, a Petrobras ( PETR4 ) ( PETR3 ) tem capacidade financeira para o pagamento potencial de até US$ 7 bilhões em dividendos extraordinários no curto prazo (potencialmente em março com os resultados do 4T23), sob o pressuposto que a estatal reduziria a sua posição de caixa para o nível mínimo exigido. O banco tem recomendação de compra para a Petrobras, com preço-alvo de R$ 45,10/PETR3 e R$ 41/PETR4. update 8h08 Índice EWZ avança 0,18% na pré-abertura dos EUA update 8h07 Barris de petróleo avançam e minério de ferro sobe quase 1% Os preços do petróleo sobem nesta manhã, à medida que os mercados avaliam as tensões crescentes no Oriente Médio face a um aumento surpreendente nos estoques de petróleo bruto dos EUA. Depois de caírem por cinco pregões consecutivos, os preços futuros do minério de ferro subiram, impulsionadas pelo mais recente apoio ao mercado imobiliário e pelas renovadas esperanças de flexibilização monetária no principal consumidor, a China. O minério de ferro de referência de fevereiro, SZZFG4, na Bolsa de Cingapura subiu quase 1%, para US$ 134,1 a tonelada, eliminando as perdas anteriores. Petróleo WTI, +1,71%, a US$ 72,59 o barril Petróleo Brent, +1,65%, a US$ 78,07 o barril Minério de ferro negociado na bolsa de Cingapura teve alta de quase 1%, a US$ 134,1 a tonelada update 8h06 Bolsas da Europa avançam à espera de inflação dos EUA As bolsas europeias operam no campo positivo na sessão de hoje, após vários dias de negociações em território misto. A Europa também fica de olho no CPI dos EUA, enquanto digere dados econômicos da zona do Euro que saíram durante a semana. FTSE 100 (Reino Unido), +0,51% DAX (Alemanha), +0,85% CAC 40 (França), +0,68% FTSE MIB (Itália), +0,85% STOXX 600, +0,73% update 8h05 Bolsas da Ásia fecham dia em alta, com Nikkei estendendo recordes históricos Os mercados asiáticos fecharam majoritariamente em alta, com o Nikkei, do Japão, liderando novamente os ganhos da região. O índice japonês subiu 1,77% para se manter acima da marca de 35 mil pontos pela primeira vez desde fevereiro de 1990, fechando em 35.049,86 pontos, enquanto as ações da Coreia do Sul mantiveram os ganhos depois de o Banco Central sul-coreano ter mantido as taxas de juro. Shanghai SE (China), +0,31% Nikkei (Japão), +1,77% Hang Seng Index (Hong Kong), +1,27% Kospi (Coreia do Sul), -0,07% ASX 200 (Austrália), +0,50% update 8h04 Antes do CPI, índices futuros dos EUA oscilam Os índices futuros dos EUA oscilam nesta manhã, enquanto Wall Street se prepara para os últimos dados de inflação ao consumidor e o início da temporada de resultados do quarto trimestre. O consenso LSEG aponta para alta mensal de 0,2% e de 3,2% na base anual. A inflação ao consumidor servirá para testar as expectativas do mercado de seis cortes nas taxas em 2024, em comparação com a previsão do banco central de três cortes este ano. Segundo a ferramenta FedWatch, da CME Group, as apostas em uma redução da taxa dos Fed Funds na reunião do Federal Reserve (Fed) em março rondavam os 65%. Dow Jones Futuro (EUA), -0,05% S&P 500 Futuro (EUA), +0,07% Nasdaq Futuro (EUA), +0,32% update 8h03 Índice Dólar DXY sobe 0,01%, aos 102,37 pontos update 8h01 Abertura de mercados Os mercados mundiais amanheceram em alta, com todas as atenções voltadas para o índice preços ao consumidor (CPI) dos Estados Unidos. O indicador deve ajudar o investidor a calibrar as apostas em torno do ritmo de cortes juros pelo Federal Reserve (Fed) neste ano. No Brasil, investidores aguardam pela divulgação do Índice Preços ao Consumidor Amplo (IPCA) de dezembro. O consenso LSEG aponta para alta de 0,48% na comparação com novembro e de 4,54% na base anual. update 7h54 Principais índices em Nova York fecharam com ganhos sessão de ontem Investidores em Wall Street estão em modo cautela antes da divulgação do CPI de dezembro, a inflação ao consumidor nos EUA, que acontece amanhã. Mesmo assim, as compras prevaleceram. “No momento, o mercado está bastante calmo, mas não acho que ficará quieto o ano todo”, disse à CNBC Phillip Colmar, sócio-gerente e estrategista global da MRB Partners. “Precificamos totalmente esse cenário de pouso suave . Qual é o próximo? Provavelmente é ‘sem aterrissagem’, o que significa que os rendimentos dos títulos provavelmente não permanecerão tão ancorados como estão e então a volatilidade volta ao mercado de ações”. Dia (%) Pontos Dow Jones 0,45 37.695,73 S&P 500 0,57 4.783,45 Nasdaq 0,75 14.969,65 update 7h52 DIs: juros futuros encerraram sessão de ontem com quedas ao longo da curva Dia (%) Taxa (%) Variação (pp) Negócios Semana (%) Janeiro (%) DI1F25 0,10 10,135 0,010 25.760 0,60 1,05 DI1F26 0,00 9,775 0,000 35.451 0,93 1,72 DI1F27 -0,10 9,880 -0,010 15.566 0,76 1,65 DI1F28 -0,35 10,095 -0,035 2.977 0,55 1,61 DI1F29 -0,34 10,245 -0,035 17.576 0,34 1,74 DI1F31 -0,48 10,470 -0,050 3.353 0,19 2,05 DI1F33 -0,66 10,580 -0,070 3.705 0,00 2,03 DI1F35 -0,75 10,640 -0,080 1.347 -0,09 2,50 update 7h50 Dólar comercial fechou sessão de ontem com queda de 0,27% Dólar voltou a desvalorizar frente ao real, depois a alta de terça (9). O movimento veio na mesma direção da divisa norte-americana, que desceu na comparação com as principais moedas do mundo, com o DXY em baixa de 0,20%. Venda: R$ 4,891 Compra: R$ 4,891 Mínima: R$ 4,878 Máxima: R$ 4,906 update 7h48 Maiores baixas, altas e ações mais negociadas de ontem Maiores baixas Ativo Dia (%) Valor (R$) Variação (R$) Negócios Semana (%) Janeiro (%) MRV MRVE3 -4,71 9,51 -0,47 27.002 -3,55 -15,32 CVC CVCB3 -4,41 3,25 -0,15 15.217 2,20 -7,14 PRIO PRIO3 -4,17 44,35 -1,93 45.757 -3,75 -3,69 Braskem BRKM5 -4,09 18,99 -0,81 11.873 -5,57 -13,13 GPA PCAR3 -3,83 3,77 -0,15 16.704 -8,05 -7,14 Casas Bahia BHIA3 -3,47 10,57 -0,38 4.895 1,63 -7,12 Alpargatas ALPA4 -3,04 9,24 -0,29 9.036 -1,49 -8,70 Maiores altas Ativo Dia (%) Valor (R$) Variação (R$) Negócios Semana (%) Janeiro (%) Embraer EMBR3 3,38 22,32 0,73 16.100 4,45 -0,31 Eletrobras PNB ELET6 3,03 47,53 1,40 8.523 3,69 1,17 Eletrobras ON ELET3 2,59 42,76 1,08 21.190 3,64 0,78 Natura NTCO3 2,32 16,76 0,38 13.995 2,76 -0,77 Grupo Soma SOMA3 2,11 8,21 0,17 16.173 5,26 10,20 Magazine Luiza MGLU3 1,87 2,18 0,04 34.930 10,66 0,93 Sabesp SBSP3 1,78 74,76 1,31 8.826 3,33 -0,81 Mais negociadas Ativo Negócios Dia (%) Valor (R$) Variação (R$) Semana (%) Janeiro (%) Petrobras PN PETR4 68.138 -0,92 37,75 -0,35 -2,51 1,37 Bradesco PN BBDC4 58.413 -1,72 16,02 -0,28 -5,09 -6,17 Vale VALE3 48.632 -1,50 72,23 -1,10 -3,24 -6,44 PRIO PRIO3 45.757 -4,17 44,35 -1,93 -3,75 -3,69 Gerdau GGBR4 42.540 -2,98 21,48 -0,66 -7,25 -9,60 Magazine Luiza MGLU3 34.930 1,87 2,18 0,04 10,66 0,93 B3 B3SA3 34.208 -1,00 13,92 -0,14 -0,36 -3,72 update 7h45 Ibovespa fechou ontem com queda de 0,46%, aos 130.841,09 pontos Máxima: 131.627,60 Mínima: 130.438,06 Volume: R$ 19,70 bilhões Confira a evolução do IBOV durante a semana, mês e ano: Segunda-feira (8): +0,31% Terça-feira (9): -0,74% Quarta-feira (10): -0,46% Semana: -0,90% Janeiro: -2,49% 1T24: -2,49% 2024: -2,49% Acompanhe diariamente a cobertura sobre bolsa, dólar e juros a partir das 8 horas. Sugestões, dúvidas e críticas entre em contato com o editor de Mercados Ao Vivo do InfoMoney: rodrigo.petry@infomoney.com.br. IM Trader: notícias, análises, vídeos, podcasts e guias no novo canal do InfoMoney sobre Mercados .
Petrobras ( PETR3 ; PETR4 ) viu o petróleo subir nas duas principais referências e também se valorizou, com altas de 1,02% e 0,85%, respectivamente. Além disso, tem a questão dos dividendos. Um grande banco afirma que estatal tem capacidade financeira para pagamento de até US$ 7 bi em dividendos extraordinários no curto prazo .
PRIO ( PRIO3 ) também pegou carona na alta do petróleo e ganhou 2,59%, apesar do problema com a paralisação dos funcionários do Ibama, que pode impactar a ação .
Foi à jato. Ou como um raio. Ou num piscar de luz. No meio da tarde, o ministro do STF Alexandre de Moraes permitiu a instalação da Assembleia Geral Extraordinária (AGE), que havia sido suspensa durante o plantão do Judiciário. Minutos depois, veio a notícia que a AGE já havia acontecido e que a Eletrobras ( ELET3 ) finalmente aprovara a incorporação de Furnas . As ações subiram 1,05%.
Já Sabesp ( SBSP3 ) subiu 2,45%, com banco avaliando que ação pode atingir o preço de R$ 125 , uma vez que a privatização da companhia de saneamento avançou significativamente no ano passado e deve ser concluída até meados de 2024.
Foi uma “montanha-russa de emoções”, como muito se diz por aí. Um troca-troca de sinais, perdas e ganhos, oscilação constante, que acabou fazendo o Ibovespa ficar com queda de 0,15%, aos 130,6 mil pontos . Wall Street também viu os índices ficarem próximos da estabilidade.
O dia foi marcado pela inflação mais quente tanto aqui no Brasil, quanto nos EUA.
Por aqui, o IPCA acelerou para 0,56% e fechou o ano em 4,62%, leitura maior que a esperada . Economistas dizem que IPCA salgado deve reduzir apostas de BC acelerar cortes na Selic . Por lá, a inflação ao consumidor (CPI) subiu 0,3% em dezembro e fechou o ano em 3,4%, também acima do esperado, e elevou incerteza sobre estratégia do Fed . Amanhã, com menor potencial de estragos, tem a inflação ao produtor nos EUA, mas o relatório do CPI ainda pode produzir interpretações. A semana só termina quando acaba e até lá novas surpresas podem acontecer. ( Fernando Augusto Lopes ) Confira as últimas dos mercados update 18h42 Encerramos nossa cobertura dos Mercados Ao Vivo Acessa o Ao Vivo do InfoMoney todos os dias? Então, adicione este link aos favoritos do seu navegador para acompanhar diariamente a cobertura a partir das 8 horas ou acesse o IM Trader, o novo canal do InfoMoney sobre Mercados! update 18h32 Ibovespa Futuro fecha com queda de 0,15%, aos 131.700 pontos; e Dólar Futuro, com baixa de 0,47%, aos 4.882,50 pontos update 18h31 Mini Índice com vencimento em fevereiro (WING24) encerra dia com perdas de 0,14%, aos 131.730 pontos O volume de negócios hoje foi de 5,004 milhões. update 18h30 Mini Dólar com vencimento em fevereiro (WDOG24) terminou dia com baixa de 0,48%, aos 4.895,50 update 18h30 Ibovespa: mais negociadas do dia Ativo Negócios Dia (%) Valor (R$) Variação (pp) Semana (%) Janeiro (%) MRV MRVE3 56.219 -11,78 8,39 -1,12 -14,91 -25,29 Hapvida HAPV3 51.262 -2,70 4,33 -0,12 1,41 -2,70 Vale VALE3 45.869 0,53 72,61 0,38 -2,73 -5,95 Bradesco PN BBDC4 45.373 -0,50 15,94 -0,08 -5,57 -6,64 Petrobras PN PETR4 38.512 0,85 38,07 0,32 -1,68 2,23 Assaí ASAI3 36.815 2,14 13,87 0,29 2,14 2,51 PRIO PRIO3 36.721 2,59 45,50 1,15 -1,26 -1,19 update 18h28 Ibovespa: maiores altas do dia Ativo Dia (%) Valor (R$) Variação (pp) Negócios Semana (%) Janeiro (%) PRIO PRIO3 2,59 45,50 1,15 36.721 -1,26 -1,19 Sabesp SBSP3 2,45 76,59 1,83 24.258 5,86 1,62 Assaí ASAI3 2,14 13,87 0,29 36.815 2,14 2,51 Carrefour CRFB3 1,74 11,67 0,20 10.979 0,09 -6,27 Multiplan MULT3 1,44 28,80 0,41 20.823 3,11 1,34 Usiminas USIM5 1,43 8,52 0,12 13.866 -4,48 -8,29 Eletrobras PNB ELET6 1,37 48,18 0,65 8.154 5,10 2,55 update 18h26 Ibovespa: maiores quedas do dia Ativo Dia (%) Valor (R$) Variação (pp) Negócios Semana (%) Janeiro (%) MRV MRVE3 -11,78 8,39 -1,12 56.219 -14,91 -25,29 Casas Bahia BHIA3 -6,34 9,90 -0,67 8.483 -4,81 -13,01 Petz PETZ3 -3,21 3,62 -0,12 10.613 -2,95 -8,35 Raízen RAIZ4 -3,20 3,93 -0,13 10.120 -2,72 -2,48 Azul AZUL4 -3,20 14,22 -0,47 15.187 2,82 -11,18 Localiza RENT3 -3,16 61,01 -1,99 25.689 0,84 -4,07 Rumo RAIL3 -2,94 23,11 -0,70 25.524 2,03 0,70 update 18h19 Fechamento dos outros índices brasileiros Índice Dia (%) Pontos Small Caps SMLL -0,85 2.256,98 BDRs BDRX -0,30 14.111,73 Fundos Imobiliários IFIX -0,20 3.318,09 update 18h15 Ibovespa fecha com queda de 0,15%, aos 130.648,75 pontos Máxima: 131.307,69 Mínima: 129.897,76 Volume: R$ 20,70 bilhões Confira a evolução do IBOV durante a semana, mês e ano: CONTINUA DEPOIS DA PUBLICIDADE Segunda-feira (8): +0,31% Terça-feira (9): -0,74% Quarta-feira (10): -0,46% Quinta-feira (11): -0,15% Semana: -1,04% Janeiro: -2,64% 1T24: -2,64% 2024: -2,64% update 18h04 Principais índices em Nova York fecham dia mistos e próximos da estabilidade Investidores em Wall Street viram a inflação ao consumidor (CPI) subir 0,3% em dezembro e fechar o ano em 3,4%, acima do esperado, e elevou incerteza sobre estratégia do Fed . “Este aumento no CPI é um lembrete crítico da natureza imprevisível da recuperação econômica e da obscuridade dos dados macroeconômicos”, filosofou à CNBC Jon Maier, diretor de investimentos da Global X. “Os mercados podem precisar se preparar para a volatilidade, à medida que o Fed poderia manter ou potencialmente intensificar a sua postura restritiva de política monetária em resposta a estas pressões inflacionistas”. Dia (%) Pontos Dow Jones 0,04 37.711,15 S&P 500 -0,07 4.780,24 Nasdaq 0,00 14.970,18 update 18h00 DIs: juros futuros encerram sessão com quedas ao longo da curva Dia (%) Taxa (%) Variação (pp) Negócios Semana (%) Janeiro (%) DI1F25 -0,20 10,115 -0,020 43.803 0,40 0,85 DI1F26 -0,46 9,730 -0,045 58.063 0,46 1,25 DI1F27 -0,35 9,845 -0,035 44.315 0,41 1,29 DI1F28 -0,25 10,070 -0,025 9.543 0,30 1,36 DI1F29 -0,34 10,210 -0,035 33.914 0,00 1,39 DI1F31 -0,29 10,440 -0,030 12.677 -0,10 1,75 DI1F33 -0,47 10,530 -0,050 6.305 -0,47 1,54 DI1F35 -0,19 10,620 -0,020 1.340 -0,28 2,31 update 17h55 Ibovespa fecha preliminarmente com queda de 0,08%, aos 130.732,94 pontos update 17h52 Na reta final, ações da Petrobras (PETR3 PETR4) seguem com altas: 1,31% e 0,79%, respectivamente update 17h51 Petróleo fecha em alta, com tensões geopolíticas elevadas após apreensão de navio pelo Irã Apreensão de um navio no Mar Vermelho requentou temores de escalada de conflitos no Oriente Médio . update 17h49 Na reta final, Assaí (ASAI3) sobe 2,89% e ajuda a segurar queda do Ibovespa update 17h46 Com atraso, Banco Central informa a PTAX de fechamento com compra a R$ 4,8788 e venda a R$ 4,8794	; queda do dia foi de 0,22% COMPRA VENDA Ontem 4,8895 4,8901 1ª parcial 4,8759 4,8765 2ª parcial 4,8842 4,8848 3ª parcial 4,8793 4,8799 4ª parcial 4,8758 4,8764 update 17h43 Inflação na Argentina supera a da Venezuela e ultrapassa 211% em 2023 Em dezembro, taxa de inflação na base mensal atingiu 25,5% . update 17h42 Na reta final, Ibovespa opera entre perdas e ganhos, com troca de sinais; no momento, queda de 0,09%, aos 130.718,92 pontos update 17h35 Petrobras em alta: PETR4, +0,95% e PETR3, +1,41% update 17h28 Operadoras de infraestrutura com recuo: Rumo (RAIL3), -2,69%; Ecorodovias (ECOR3), -1,29% e CCR (CCRO3), -0,07% update 17h26 Ibovespa vai de novo para o positivo, com leve alta de 0,01%, aos 130.859 pontos update 17h24 Hapvida (HAPV3), uma das ações mais negociadas do dia, em queda: -2,25% update 17h23 Braskem (BRKM) no negativo: -1,53% update 17h22 Eletrobras (ELET6): ações sobem com incorporação de Furnas aprovada após AGE liberada por STF Durante a tarde, o ministro Alexandre de Moraes, do Supremo Tribunal Federal (STF), atendeu ao pedido da companhia e d eterminou a cassação das decisões que haviam suspendido a realização da assembleia. update 17h19 Petroleiras júniores: em alta, PRIO (PRIO3), +2,82%; 3R Petroleum (RRRP3), +1,13% e Enauta (ENAT3), +0,65%; em baixa, Petroreconcavo (RECV3), -0,59% update 17h16 Eletrobras avança: ELET3, +1,52% e ELET6, +1,79% update 17h14 Ações da MRV (MRVE3) caem 10% com especulações sobre dois temas no radar do mercado Rumores sobre revisão de guidance e prévia operacionais ruins abalam ativos. CONTINUA DEPOIS DA PUBLICIDADE update 17h12 Exportações do agro brasileiro bateram novo recorde em 2023 Receita dos embarques cresceu 3,9% e somou US$ 165,1 bilhões, segundo dados compilados pelo Itaú BBA. update 17h11 Ibovespa volta a operam em baixa: -0,13%, aos 130.667 pontos update 17h10 Com greve de 24h no BC, Ministério da Gestão marca conversa com a categoria para fevereiro Pasta sinalizou o “compromisso de apresentar uma proposta efetiva” para os servidores. update 17h08 Eletrobras aprova incorporação de Furnas após decisão STF Assembleia ‘express’ definiu tema que opôs funcionários e governo contra a administração da empresa. update 17h07 Petrobras (PETR4) descarta investimentos em renováveis no exterior e priorizará projetos novos Petrobras descarta investimentos em renováveis no exterior e priorizará projetos novos. update 17h05 Citi reforça compra para Vale (VALE3) e projeta resultados do 4º tri acima do consenso de mercado Os principais impulsionadores, na visão do banco, serão os fortes embarques e os preços realizados a US$ 123 por tonelada (t). CONTINUA DEPOIS DA PUBLICIDADE update 17h05 Dólar comercial fecha sessão com queda de 0,34% Dólar tem nova desvalorização frente ao real, como aconteceu ontem. O movimento veio na mesma direção da divisa norte-americana, que desceu na comparação com as principais moedas do mundo, com o DXY em leve baixa de 0,07%. Venda: R$ 4,875 Compra: R$ 4,874 Mínima: R$ 4,859 Máxima: R$ 4,895 update 17h04 “Enem dos Concursos”: fiscais agropecuários dizem que faltam regras para seleção qualificada Para sindicato, é necessária a aplicação de uma prova específica para a área , além das já aplicadas. update 17h01 Ibovespa está estável, neste momento, aos 130.838 pontos update 16h58 Serena Energy (SRNA3): XP acredita que o preço atual das ações não reflita o início de operação de algum de seus projetos Assim, a XP vê a Serena ( SRNA3 ) como uma ação descontada. A corretora tem recomendação de compra para Serena, com preço-alvo de R$13/ação. update 16h54 Engie (EGIE3): Principal desafio é a posição não contratada nos próximos anos Segundo a XP, isso ocorre especialmente com seus projetos em construção. A corretora tem recomendação neutra para a Engie, com preço-alvo de R$46/ação. update 16h50 AES Brasil (AESB3) conclui ciclo pesado de investimentos e o início dos projetos Cajuína e Tucano (programados para 1T24) A partir de agora, a XP avalia que o foco será na redução da alavancagem e na busca por potenciais compradores de energia para seu portfólio atual – no entanto, o principal desafio é encontrar compradores devido ao baixo preço de energia do mercado atual. A XP tem recomendação neutra para a AES, com preço-alvo de R$ 14/ação. update 16h44 MRVE3 despenca 9,88%, com especulação de que vá revisar seu guidance para o lucro líquido A informação é do BDM , que alerta que outro provável motivo é a prévia operacional que a MRV ( MRVE3 ) soltará hoje, após fechamento de mercado. update 16h43 Auren (AURE3): XP vê positivamente a disciplina de alocação de capital da companhia, mas considera a ação já precificada A XP tem recomendação neutra para Auren ( AURE3 ), com preço-alvo de R$ 15/ação. update 16h42 Ibovespa vira para alta leve de 0,03%, aos 130.875,69 pontos update 16h42 Ibovespa Futuro (INDFUT) vira para alta de 0,05%, aos 131.970 pontos update 16h41 Ibovespa devolve perdas e opera estável, com 130.837,66 pontos update 16h41 Preços internacionais do petróleo encerram dia com altas Os preços do petróleo voltaram a subir com os compradores de olho nas tensões crescendo no Oriente Médio. WTI (fevereiro): +0,91%, a US$ 72,02 Brent (março): +0,79%, a US$ 77,41 update 16h40 PTAX: movimento de servidores do BC atrasa divulgação de taxa de câmbio nesta quinta (10), diz sindicato Servidores reivindicam melhores condições de remuneração . update 16h39 Após rali, Morgan Stanley vê menos espaço para ganhos na Bolsa brasileira e muda portfólio Banco americano diminuiu sua exposição a empresas muito ligadas a juros , vendo as taxas já mais estabilizadas após mudanças. update 16h33 Preços do minério de ferro caíram nos primeiros dias de janeiro em meio ao enfraquecimento da demanda na China Segundo a XP, as vendas de novas moradias em oito grandes cidades chinesas caíram quase pela metade na semana encerrada em 7 de janeiro. Além disso, a produção de aço bruto diminuiu significativamente durante a mesma semana, já que as usinas deixaram os altos-fornos ociosos e realizaram manutenção para minimizar suas perdas de produtos de aço acabados em meio a margens pressionadas, relata a corretora. update 16h32 Citi reforça compra para Vale (VALE3) e projeta resultados do 4º tri acima do consenso de mercado Os principais impulsionadores, na visão do banco, serão os fortes embarques e os preços realizados a US$ 123 por tonelada (t), apoiados por preços provisórios . update 16h30 Eletrobras (ELET6): AGE aprova incorporação de Furnas Decisão saiu 30 minutos depois do ministro Alexandre de Moraes, do STF, derrubar liminar de suspensão da assembleia da Eletrobras ( ELET6 ), que tomaria a decisão sobre a incorporação de Furnas. update 16h18 Ibovespa Futuro (INDFUT) recua 0,02%, aos 131.880 pontos, uma queda de apenas 20 pontos update 16h18 Sólidas concessões do Minha Casa Minha Vida e custos de construção em níveis saudáveis A XP, analisando os dados do setor de construção de dezembro, reafirma preferência pelo segmento de baixa renda, dada a combinação positiva de um cenário de forte demanda e um momento positivo de resultados. Além disso, vê os custos de construção sob controle. update 16h16 Principais índices em Wall Street reduzem ainda mais ritmo de quedas Dow Jones: -0,11% (às 15h37: -0,28%) S&P 500: -0,16% (às 15h37: -0,37%) Nasdaq: -0,09% (às 15h37: -0,35%) update 16h14 Entre as small caps, maior alta é de GFSA3, com 10,04%, seguida de ENJU3, com 4,47% update 16h13 Entre as small caps, maior queda é de MRVE3, com 10,20%, seguida de TEND3, com 5,66% update 16h12 Entre os varejistas, Magazine Luiza (MGLU3) se destaca, com alta de 0,46%, enquanto pares recuam update 16h09 Moraes atende Eletrobras (ELET3) e permite instalação da AGE sobre Furnas; ações sobem Ação foi ajuizada pela Eletrobras no último dia 30 contra liminares proferidas durante o plantão judicial por desembargadores . update 16h08 XP: Perspectivas do mercado em dezembro mostraram sinais de desaceleração Na China, a demanda por celulose enfraqueceu após embarques recordes nos meses anteriores, mas os preços da celulose de fibra curta estavam sendo negociados em alta, relata a XP. Para janeiro, vários fornecedores da celulose de fibra curta anunciaram outro aumento de preço de US$ 10/t. update 15h59 Priner (PRNR3) anuncia forte prévia operacional do 4T23 e XP reitera recomendação de compra A XP afirma que 2023 sinaliza forte atividade comercial da Priner ( PRNR3 ). update 15h59 B3 (B3SA3) avança 0,14%, a R$ 13,94 update 15h54 Ibovespa segue sem força para virar para positivo: queda de 0,09%, aos 130.723,14 pontos update 15h47 LCD: o que esperar da Letra de Crédito do Desenvolvimento, “prima” das LCIs e LCAs Novo ativo de renda fixa visa captar recursos para o BNDES financiar projetos de micro, pequenas e médias empresas. update 15h42 Casa Branca: economia dos EUA tem sentido bem pouco o efeito dos problemas no Mar Vermelho A afirmação foi feita por Lael Brainard, ex-Fed e atual diretora do National Economic Council, da Casa Branca. update 15h41 Totvs (TOTS3): Banco reitera recomendação de compra, com preço-alvo de R$ 44/ação O BofA espera resultados sólidos no 4T23 da Totvs ( TOTS3 ), com o desempenho dos negócios mantendo o ritmo de crescimento. update 15h37 Principais índices em Wall Street reduzem ritmo de quedas Dow Jones: -0,28% (às 13h18: -0,69%) S&P 500: -0,37% (às 13h18: -0,82%) Nasdaq: -0,35% (às 13h18: -0,99%) update 15h33 Techs mistas nesta tarde: LWSA3, -1,13%; TOTS3, -0,49%; INTB3, -0,95%; ENJU3, +4,47%; MLAS3, estável update 15h32 Administradoras de shoppings operam de forma mista nesta tarde: ALOS3, -1,79%; IGTI11, -0,12%; MULT3, +0,81% update 15h30 Cosan (CSAN3): Banco eleva preço-alvo de R$ 26 para R$ 32/ação e reitera recomendação de compra O BofA afirma que ajustou as estimativas da Cosan ( CSAN3 ) e ressalta forte potencial de valorização de seus ativos principais. update 15h26 Ibovespa: mais negociadas do dia até aqui Ativo Negócios Dia (%) Valor (R$) Variação (R$) Semana (%) Janeiro (%) MRV MRVE3 40.720 -10,20 8,54 -0,97 -13,39 -23,95 Vale VALE3 32.854 0,22 72,39 0,16 -3,03 -6,23 Bradesco PN BBDC4 31.301 -0,37 15,96 -0,06 -5,45 -6,52 Petrobras PN PETR4 25.850 0,77 38,04 0,29 -1,76 2,15 PRIO PRIO3 25.826 3,04 45,70 1,35 -0,82 -0,76 Cemig CMIG4 24.101 0,92 12,12 0,11 5,03 5,57 Assaí ASAI3 23.324 2,72 13,95 0,37 2,72 3,10 update 15h23 B3 (B3SA3) opera estável neste momento, a R$ 13,92 update 15h21 Vale (VALE3) tenta se consolidar no campo positivo, com alta de 0,19%, a R$ 72,37 update 15h18 Índice de Fundos Imobiliários (IFIX) recua 0,24%, aos 3.317,02 pontos, nova mínima do dia update 15h17 Setor de papel e celulose em queda: Irani (RANI3), -0,95%; Suzano (SUZB3), -0,65% e Klabin (KLBN11), -0,58% update 15h14 Braskem (BRKM5) no negativo: -1,16% update 15h12 Ibovespa opera em queda de -0,12%, aos 130.688 pontos update 15h09 Onde Investir 2024: evento do InfoMoney discute os rumos da renda fixa com os juros em queda Entre 15 e 19 de janeiro, especialistas discutirão o que o investidor deve levar em conta em 2024 para sua carteira de aplicações. update 15h07 Bolsas da Europa fecham em queda, após CPI abalar convicção de alívio monetário forte nos EUA Em Londres, o índice referencial terminou a sessão na mínima do dia. update 15h05 “Enem dos Concursos”: pagamento será feito por guia da União Veja como fazer. update 14h58 Ações de Eletrobras (ELET3 ELET6) voltam a acelerar alta para 1,59% e 1,16% update 14h55 Vivara (VIVA3): Banco eleva preço-alvo de R$ 32 para R$ 43/ação e reitera recomendação de compra Segundo o BofA, o crescimento mais rápido das vendas desencadeia aumento do preço-alvo da Vivara ( VIVA3 ). update 14h51 Dólar comercial cai 0,13%, a R$ 4,885 update 14h50 Mercado Livre (MELI34): Banco aponta ganho considerável do marketplace O BofA vê oportunidades grandes, e facilmente identificáveis, no Mercado Livre ( MELI34 ) em publicidade, logística, dívidas incobráveis, financiamento de carteiras e outros mercados. Para o banco, a inadimplência de 8% do Mercado Livre em créditos com duração de 3 meses tem grande probabilidade de diminuir. update 14h48 Petrobras (PETR4) descarta investimentos em renováveis no exterior e priorizará projetos novos A Petrobras passou a descartar investimentos em geração de energia eólica e solar fotovoltaica no exterior e irá montar sua carteira principalmente com projetos “greenfield”, novos, no país, afirmou o diretor-executivo de Transição Energética e Sustentabilidade da companhia, Maurício Tolmasquim, em entrevista à Reuters. Isso marca uma mudança de posicionamento da petroleira, que no ano passado disse estar em conversas com empresas para avaliar projetos no exterior em segmentos como o de energia eólica offshore, até como forma de ganhar “know-how”. (Reuters) update 14h45 El Niño traz novo desafio para investimento em Fiagros; veja o que levar em conta na escolha Especialistas estão mais receosos, especialmente com ativos mais high yield (maior risco e retorno); entenda. update 14h43 Ações de Petrobras (PETR3 PETR4) sobem agora 0,87% e 0,53% update 14h40 Núcleo da inflação ao consumidor de dezembro dos EUA, que é o dado mais visto para o Fed, veio em linha com o esperado Rodrigo Cohen, analista CNPI e co-fundador da Escola de Investimentos, crê ainda em queda de juros no EUA ainda nesse primeiro semestre do ano. update 14h39 Dólar comercial recua 0,13%, a R$ 4,884 update 14h39 Paralisação do Ibama pode atrasar planos da PRIO (PRIO3): qual o impacto para as ações? Petrolífera depende de licença para projeto que ampliará sua capacidade de produção diária em 40 mil barris. update 14h31 Ifix renova mínima, aos 3.317,99 pontos, com -0,21% update 14h31 IPCA de dezembro: Embora o resultado seja superior ao esperado, as medidas principais e subjacentes permanecem bem comportadas O BofA vê o IPVA desacelerando para 3,7% ao final de 2024, devido a medidas subjacentes mais benignas e preços administrados mais baixos (especialmente eletricidade e gasolina). Para o banco, a impressão de hoje é uma redução contínua nas taxas básicas em 50 pp por reunião do Copom, com um corte final de 25 pp em julho, com a taxa Selic chegando ao final do ano em 9,50%. update 14h25 Petrobras (PETR4) tem expectativa que o governo brasileiro consiga realizar um leilão de áreas no mar para investimentos em eólicas offshore ainda este ano A informação é do diretor-executivo de Transição Energética e Sustentabilidade da Petrobras ( PETR4 ), Maurício Tolmasquim. No entanto, o marco regulatório de eólica offshore aguarda ainda apreciação do Senado. update 14h25 Grandes bancos caem, com destaque para Santander (SANB11), que recua 1,05% update 14h20 Vítimas de pirâmides têm mais chances de cair novamente no mesmo golpe, diz pesquisa Dado foi revelado em estudo da CVM feito em parceria com a FGV. update 14h18 Petrobras (PETR4) vai priorizar projetos novos de energias renováveis no Brasil Segundo o diretor de Transição Energética e Sustentabilidade da Petrobras ( PETR4 ), Maurício Tolmasquim, a carteira de geração eólica e solar da estatal será composta por 80% de projetos greenfields . Além disso, a empresa terá parcerias em grande parte dos projetos de energia renovável para agilizar construção dos empreendimentos, afirma o executivo. ( Reuters ) update 14h17 Ibovespa mantém queda de 0,38%, aos 130.338,85 pontos, em linha com o exterior update 14h11 Investidor estrangeiro retira R$ 659,2 milhões da B3 em 09/01, quando Ibov caiu 0,74% Individuais Institucionais Estrangeiros Bancos Outros 09/01 + R$ 467,7 milhões – R$ 140,9 milhões – R$ 659,2 milhões + R$ 274 milhões + R$ 58,4 milhões Janeiro + R$ 1,392 bilhão – R$ 4,394 bilhões + R$ 2,567 bilhões + R$ 93,5 milhões + R$ 341,2 milhões 2024 + R$ 1,392 milhões – R$ 4,394 bilhões + R$ 2,567 bilhões + R$ 93,5 milhões + R$ 341,2 milhões Fonte: B3. update 14h08 Banco vê o projeto de lei que regulamenta o mercado brasileiro de créditos de carbono como fundamental em termos de transição energética O JPMorgan avalia que o projeto de lei já aprovado na Câmara (e aguardando votação no Senado) poderá elevar o perfil do Brasil como um dos maiores vendedores de créditos de carbono no mundo, com potencial para gerar US$ 120 bilhões até 2030. update 14h04 Inflação dos EUA em dezembro eleva incerteza sobre estratégia do Fed, dizem economistas CPI veio mais alto que o esperado, mas variação mensal teve forte componente sazonal; avaliação é que corte de juros em março é possível, mas ficou mais difícil. update 14h03 Mester/Fed: penso que março é provavelmente demasiado cedo na minha estimativa para uma descida das taxas, precisamos ver mais algumas evidências update 14h02 Mester/Fed: agora, a conversa é sobre quanto tempo precisamos manter as taxas e a política restrititvas update 14h01 Mester/Fed: a inflação precisa baixar de forma consistente para que essa conversa aconteça (sobre cortes) update 14h00 Mester/Fed: (antes de cortar) acho que precisamos ver mais evidências de que a desinflação continua, mas teremos essa conversas (de cortes) update 13h59 Mester/Fed: março é muito cedo para um corte de taxa update 13h58 Mester/Fed: os dados recebidos foram consistentes com um pouso suave update 13h58 Mester/Fed: meus contatos me dizem que agora é mais difícil promover aumentos de preços update 13h58 Mester/Fed: precisamos continuar a inflação enquanto mantemos saudáveis as condições no mercado de trabalho update 13h57 Mester/Fed: meus contatos dizem que mercado de trabalho não está tão apertado como antes update 13h56 Mester/Fed: relatório de hoje apenas nos diz que temos mais trabalho a fazer e vamos fazer update 13h55 Mester/Fed: vamos continuar a ver a queda da inflação este ano, mas ela não atingirá a meta de 2% update 13h54 Ações de Americanas (AMER3) recuam 5,95%, a R$ 0,79 update 13h54 Maioria das varejistas caem hoje; BHIA3 lidera, com -6,05%, seguida de GUAR3, com -2,64% update 13h54 Mester/Fed: importante é que a desinflação começou enquanto o mercado de trabalho permaneceu saudável update 13h53 Mester/Fed: dados de inflação de hoje não mudam minha visão de que o trabalho do Fed ainda não foi feito Loretta J. Mester é presidente do Federal Reserve de Cleveland e falou à Bloomberg TV . update 13h49 ETFs de bitcoin iniciam primeiro dia de negociações nos EUA com forte alta Vários fundos negociados em bolsa (ETFs) vinculados ao preço à vista do bitcoin começam a ser negociados nas bolsas de valores dos Estados Unidos nesta quinta-feira. O movimento ocorreu depois que a SEC aprovou 11 desses fundos na quarta-feira, após longa espera dos investidores. O ETF iShares bitcoin da Blackrock atraía o maior volume de negociação entre todos os ETFs à vista, seguido por Grayscale e Fidelity, segundo dados da LSEG. update 13h48 Ações de Vale (VALE3) voltam a subir 0,03%, a R$ 72,25 update 13h44 Principais índices europeus terminam dia com perdas Índices na Europa recuaram com um relatório de inflação ao consumidor nos EUA mais quente do que o esperado, o que pode travar as expectativas por início do ciclo de cortes de taxas pelo Fed ainda no primeiro trimestre algo mais difícil. Dia (%) Pontos Stoxx 600 Europa -0,77 472,74 DAX Frankfurt -0,88 16.542,77 FTSE 100 Londres -0,98 7.576,57 CAC 40 Paris -0,52 7.387,62 IBEX 35 Madri -0,62 10.004,64 FTSE MIB Milão -0,66 30.251,00 update 13h42 Companhias aéreas têm dia de perdas; AZUL4 cai 3,20% e GOLL4 recua 2,02% update 13h34 Argentina: títulos sobem e ações têm dia instável após acordo com FMI reduzir risco de calote País precisou reformular seu acordo de US$ 44 bilhões com o FMI. update 13h25 Ações de MRV (MRVE3) aprofundam queda para -12,30%, a R$ 8,34, e lideram perdas do Ibov update 13h19 Ifix renova mínima, com -0,14%, aos 3.320,07 pontos update 13h18 Principais índices em Wall Street ampliam ritmo de quedas Dow Jones: -0,69% (às 12h36: -0,45%) S&P 500: -0,82% (às 12h36: -0,41%) Nasdaq: -0,99% (às 12h36: -0,43%) update 13h17 Ações de Vale (VALE3) recuam 0,24%, a R$ 72,06 update 13h16 Índice Small Caps (SMLL) renova mínima, com -1,36%, aos 2.245,23 pontos update 13h10 Banco mantém visão de cortes de taxas pelo Fed em março “A composição (do CPI de dezembro) ficou em grande parte em linha com nossas expectativas, e ainda mostra uma persistente inflação de Serviços, que deverá desacelerar no 1T24”, diz o Itaú BBA. “Com base nos itens do CPI, vemos o núcleo do PCE atingindo 0,2%, o que deve manter o Fed no caminho certo para iniciar o ciclo de cortes em março”. update 13h06 Índice BDRX renova mínima, com -0,60%, aos 14.069,49 pontos update 13h05 Sabesp (SBSP3): ação pode valer R$ 125 com novo regime regulatório, aponta JPMorgan Privatização avançou significativamente no ano passado e deve ser concluída até meados de 2024. update 13h03 Ações de Petrobras (PETR3 PETR4) agora avançam 0,67% e 0,56% update 13h00 Preços internacionais do petróleo sobem com amplitude nas principais referências WTI (fevereiro): +3,05%, a US$ 73,55 Brent (março): +2,55%, a US$ 78,76 update 12h56 Depois de uma maior convicção de que os juros estavam prestes a começar a cair nos EUA, a realidade é que o ano se inicia com as possibilidades em aberto A análise é de Danilo Igliori, economista-chefe da Nomad, após analisar o resultado da inflação ao consumidor de dezembro nos Estados Unidos, que acelerou para 0,3% – depois de ter registrado crescimento de 0,1% em novembro. update 12h56 Vale (VALE3) opera entre perdas e ganhos; no momento, ganho mínimo de 0,01% update 12h55 Petrobras (PETR4): ações seguem atrativas com retorno de dividendos em até 18% em 2024, diz Goldman Estatal tem capacidade financeira para pagamento de até US$ 7 bi em dividendos extraordinários no curto prazo , avalia banco. update 12h52 Microsoft supera Apple como empresa mais valiosa do mundo No acumulado de janeiro, as ações da Apple têm queda de 3,3% em comparação com valorização de cerca de 2% da Microsoft . update 12h49 Ibovespa diminui ritmo de queda para 0,28%, aos 130.469,46 pontos update 12h47 IPCA de dezembro: Em termos de política monetária, o resultado de hoje pode ser considerado positivo Para Carla Argenta, economista-chefe chefe da CM Capital, o resultado do IPCA divulgado nesta quinta (11) é positivo se analisado sob a perspectiva da busca pela retomada da estabilidade de preços, objetivo atual do Banco Central. “Esta hipótese se sustenta quando analisamos o resultado sob a ótica das categorias de preço que compõem o indicador”, afirma. update 12h46 Bancos voltam ao positivo: BBAS3, +0,35%; BBDC4, +0,25%; ITUB4, +0,33% Exceção é Santander ( SANB11 ), que cai 0,16%. update 12h42 Dólar comercial opera com queda de 0,37%, a R$ 4,872 na compra e R$ 4,873 na venda A máxima do dia está em R$ 4,894 e a mínima, em R$ 4,859. update 12h40 Vale (VALE3) volta ao positivo, com alta de 0,14%, a R$ 72,33 update 12h36 Principais índices em Wall Street se firmam no campo negativo Dow Jones: -0,45% (na abertura: +0,24%) S&P 500: -0,41% (na abertura: +0,22%) Nasdaq: -0,43% (na abertura: +0,31%) update 12h36 PRIO (PRIO3): Possível greve do Ibama pode afetar licenças importantes previstas para 2024 O JPMorgan avalia que possível paralisação do órgão poderá afetar pedidos de licença da PRIO ( PRIO3 ) de perfuração no campo Wahoo e perfuração de novos poços em Albacora. Para o banco, caso as atividades do Ibama sejam paralisadas, o plano de desenvolvimento da petroleira júnior poderá ser afetada. O JPMorgan ressalta que a PRIO continua sendo principal opção no setor, com preço-alvo de R$ 66/ação. update 12h34 Futuros de gás natural operam com ganhos 0,92% na NYMEX Contratos são para entrega em fevereiro. update 12h31 Ibovespa: maiores altas do dia até aqui Ativo Dia (%) Valor (R$) Variação (R$) Negócios Semana (%) Janeiro (%) Assaí ASAI3 2,36 13,90 0,32 11.872 2,36 2,73 PRIO PRIO3 2,30 45,37 1,02 14.645 -1,54 -1,48 Sabesp SBSP3 1,24 75,69 0,93 7.991 4,62 0,42 Vamos VAMO3 0,74 9,52 0,07 4.658 -3,05 -5,46 3R Petroleum RRRP3 0,63 28,58 0,18 6.783 9,29 8,75 Cosan CSAN3 0,47 19,31 0,09 6.051 0,63 -0,26 Fleury FLRY3 0,46 17,48 0,08 3.117 -0,34 -3,10 update 12h30 Ibovespa: maiores quedas do dia até aqui Ativo Dia (%) Valor (R$) Variação (R$) Negócios Semana (%) Janeiro (%) MRV MRVE3 -10,41 8,52 -0,99 20.925 -13,59 -24,13 Casas Bahia BHIA3 -4,82 10,06 -0,51 3.714 -3,27 -11,60 Azul AZUL4 -3,40 14,19 -0,50 8.348 2,60 -11,37 Hapvida HAPV3 -2,92 4,32 -0,13 7.909 1,17 -2,92 Localiza RENT3 -2,68 61,31 -1,69 10.753 1,34 -3,60 Marfrig MRFG3 -2,64 9,22 -0,25 4.175 -2,64 -4,95 CSN Mineração CMIN3 -2,58 7,18 -0,19 5.498 -8,65 -7,51 update 12h28 Confira o Radar update 12h26 Ibovespa tenta manter os 130 mil; queda atual é de 0,61%, aos 130.046,89 pontos update 12h24 Petrobras (PETR3 PETR4) tenta se firmar novamente no campo positivo: altas de 0,28% e 0,16% update 12h16 Ibovespa segue renovando mínimas: agora, menos 0,72%, aos 129.897,76 pontos update 12h14 Ibovespa faz nova mínima da sessão, com menos 0,67%, e perde os 130 mil, indo aos 129.959,15 pontos update 12h12 Ibovespa chega a nova mínima: queda de 0,62%, aos 130.026,68 pontos update 12h11 Índice de Small Caps (SMLL) também faz nova mínima do dia, com queda de 1,20%, aos 2.248,94 pontos update 12h10 Nova mínima: Ibovespa agora cai 0,62% e vai aos 130.035,25 pontos update 12h09 Banco Central informa terceira parcial PTAX com compra a R$ 4,8793 e venda a R$ 4,8799 update 12h08 Oscilando, PETR4 volta ao positivo, com 0,08%; ação opera entre perdas e ganhos update 12h08 Índice de Fundos Imobiliários (IFIX) cai 0,13%, aos 3.320,69 pontos, nova mínima do dia update 12h07 Índice de Small Caps (SMLL) também renova mínima do dia, com queda de 1,07%, aos 2.251,97 pontos update 12h06 Ibovespa tem nova mínima, com menos 0,59%, aos 130.064,02 pontos update 12h06 PETR4 vira para queda de 0,03%; PETR3 ainda se mantém no azul, com 0,08% update 12h05 Ibovespa renova mínima da sessão, com queda de 0,50%, aos 130.191,03 pontos update 12h03 Vale (VALE3) renova mínima do dia, com queda de 0,15%, a R$ 72,12 update 12h00 DIs: juros futuros operam estáveis por toda a curva Valor (%) Dia (%) Variação (pp) Negócios Semana (%) Mês (%) Ano (%) DI1F25 10,145 0,10 0,010 19980 0,69 1,15 1,15 DI1F26 9,770 -0,05 -0,005 29710 0,88 1,66 1,66 DI1F27 9,875 -0,05 -0,005 23190 0,71 1,59 1,59 DI1F29 10,240 -0,05 -0,005 16027 0,29 1,69 1,69 DI1F31 10,470 0,00 0,000 7490 0,19 2,05 2,05 DI1F33 10,580 0,00 0,000 3341 0,00 2,03 2,03 update 11h59 Lula termina anúncio de Ricardo Lewandowski como novo ministro da Justiça O presidente evitou comentar sobre o futuro da equipe de Lewandowski no ministério e disse que isso é uma decisão dele. A posição de Lula é uma resposta aos que defendiam Ricardo Cappelli na vaga de Flávio Dino. Cappelli ocupa o cargo de secretário-executivo do Ministério da Justiça na gestão Dino e foi interventor do Distrito Federal depois dos atos antidemocráticos de 8 de janeiro de 2023. update 11h57 Ações de MRV (MRVE3) lideram quedas do Ibovespa, com -7,15%, a R$ 8,83 update 11h54 Lula: Esse ano vamos colher o que nós plantamos em 2023 update 11h54 Lula: Vamos ter outro ano primoroso; vai crescer mais do que os especialistas estão dizendo update 11h53 Lula: Vamos diminuir lançamento de programas update 11h50 Tesouro Direto: taxas de títulos curtos sobem após inflação acima do esperado no Brasil e nos EUA IPCA e CPI vieram acima do esperado e movimentam o mercado na manhã desta quinta-feira. update 11h50 Flávio Dino toma posse no STF no dia 22 de fevereiro e fica à frente do Ministério de Justiça até a entrada de Lewandowski no dia 1 de fevereiro update 11h49 Ações de Vale (VALE3) viram para queda de 0,10%, a R$ 72,16 update 11h48 Lula diz que equipe de Lewandowski será anunciada somente depois da posse do novo ministro de Justiça update 11h48 Dólar comercial recua 0,49%, a R$ 4,867; na mínima, foi a R$ 4,859 update 11h47 Ações de Vale (VALE3) perdem força e operam com +0,07%, a R$ 72,28 update 11h47 Lula: Lewandowski toma posse no dia 1 de fevereiro update 11h46 Lula: Quando indico ministro não indico ninguém (para a pasta) update 11h46 Ibov volta para queda de 0,19%, aos 130.593,77 pontos update 11h45 Lula: Quando indico ministro é por relação de confiança update 11h43 Lula anuncia oficialmente, neste momento, Ricardo Lewandowski como novo ministro da Justiça e Segurança Pública O ex-ministro do STF entra no lugar de Flávio Dino, agora ministro do STF. update 11h39 Ibovespa: ações mais negociadas em volume hoje são VALE3, PETR4, PRIO3 e MGLU3 update 11h35 Dólar futuro renova mínima, com -0,58%, aos 4.877,00 pontos update 11h33 Desenrola da Educação contabiliza 164 mil renegociações de dívidas Prazo para solicitar renegociação termina em 31 de maio. update 11h30 Principais índices em Nova York abrem dia com altas, após CPI Investidores em Wall Street ainda mergulham atenção no relatório da inflação ao consumidor de dezembro. O CPI veio com uma manchete levemente acima da expectativa . “A turma do ‘maior por mais tempo’ recebeu mais um argumento”, disse à CNBC Giuseppe Sette, presidente da empresa de pesquisa de mercado Toggle AI. “Com o CPI ligeiramente mais alto do que o esperado, torna-se mais difícil para o Fed dizer que as pressões inflacionistas foram controladas, especialmente face a um mercado de trabalho forte”. Dow Jones: +0,24% S&P 500: +0,22% Nasdaq: +0,31% update 11h27 Ibov tem mais uma máxima: +0,36%, aos 131.307,69 pontos update 11h21 CPI: ao contrário do que se viu em períodos anteriores, a característica desta divulgação foi majoritariamente negativa O economista Matheus Pizzani reforça que “a divulgação de hoje vai de encontro com as expectativas mais recentes do mercado de que a situação da inflação já é positiva o suficiente e pode sustentar o início do ciclo de corte de juros no país no mês de março”. Ao contrário, o cenário “ainda demandará a manutenção do aperto monetário praticado até aqui por algum tempo, de maneira que a taxa de juros deve se manter no patamar atual até pelo menos a transição do primeiro para o segundo semestre de 2024”. update 11h20 Títulos públicos de longo prazo registram valorização de até 19,2% em 2023 Papéis atrelados à inflação com prazo superior a cinco anos foram os destaques do último ano. update 11h17 Ibov tem nova máxima, com +0,30%, aos 131.233,96 pontos update 11h16 Grandes bancos sobem; ITUB4 avança 0,57%, BBDC3 sobe 0,50%, BBAS3 avança 0,33% e SANB11 ganha 0,16% update 11h16 Ibov avança 0,24%, aos 131.154,00 pontos, na máxima diária update 11h15 Ações de Eletrobras (ELET3 ELET6) renovam máximas, com +0,82% e +0,74% update 11h15 XP: com IPCA de dezembro, BC deve continuar com ritmo de cortes da Selic em 0,50 pp “Em nossa visão, os resultados do IPCA de dezembro são consistentes com o nosso cenário de queda adicional da inflação em 2024 (projetamos 3,7%), principalmente devido a uma nova rodada de deflação global de custos”, diz a XP. A inflação de serviços tem cedido, mas lentamente. Os recentes aumentos acima do esperado nos salários reais representam uma fonte de preocupação para a dinâmica dos preços de serviços nos próximos meses. “Em relação à política monetária, o Banco Central deve reforçar sua abordagem cautelosa e continuar a cortar a taxa Selic em 0,50 pp por reunião. Projetamos a taxa básica de juros em 9,00% no final deste ano”, conclui. update 11h12 Ibov vira para alta de 0,05%, aos 130.900,39 pontos update 11h10 Ifix renova mínima, com -0,11%, aos 3.320,56 pontos update 11h09 IPCA de dezembro teve surpresa espalhada entre os grupos, diz banco Na leitura do Itaú BBA, “houve maior pressão no mês sobre produtos industriais (com a reversão dos descontos da Black Friday) e alimentação no domicílio (principalmente produtos in natura), reforçando que o El Niño deve pressionar esses preços no 1T24, mas esse movimento tende a reverter mais tarde”. Na margem, diz a análise, “a inflação subjacente permanece num nível baixo, mas sem melhorias adicionais, com as médias móveis de três meses ajustadas sazonalmente dos núcleos praticamente estáveis em 3,1% (de 3,2%). Para 2024, esperamos que o processo de desinflação em curso continue, com o IPCA em 3,6% ao final do ano”. update 11h06 Banco Central informa segunda parcial PTAX com compra a R$ 4,8842 e venda a R$ 4,8848 update 11h03 DIs: juros futuros ampliam ganhos no médio e longo prazo Taxa (%) Variação (%) Variação (pp) Negócios Semana (%) Mês (%) Ano (%) DI1F25 10,175 0,39 0,040 15575 0,99 1,45 1,45 DI1F26 9,850 0,77 0,075 21939 1,70 2,50 2,50 DI1F27 9,960 0,81 0,080 17593 1,58 2,47 2,47 DI1F29 10,305 0,59 0,060 8389 0,93 2,33 2,33 DI1F31 10,530 0,57 0,060 3026 0,77 2,63 2,63 DI1F33 10,630 0,47 0,050 1925 0,47 2,51 2,51 update 10h58 IPCA salgado deve reduzir apostas de BC acelerar cortes na Selic, dizem economistas Maiores surpresas de alta em dezembro vieram nos alimentos no domicílio e nos serviços subjacentes; para especialistas, ritmo de cortes deve continuar em 0,50 p.p. update 10h56 Moradia continua pressionando a inflação ao consumidor nos EUA em dezembro Gustavo Cruz, estrategista da RB investimentos, acha difícil o Fed se sentir confortável em iniciar ciclo de corte com esse item ainda em alta, pois ele é um fator importante para a política monetária americana. update 10h55 Dólar comercial alivia queda para -0,09%, a R$ 4,886 update 10h54 Índice Small Caps (SMLL) renova mínima, com -0,69%, aos 2.260,48 pontos; maiores quedas são MRVE3 (-4,84%) e POMO4 (-2,90%) update 10h52 Ações de Petrobras (PETR3 PETR4) voltam a subir, com +0,26% e +0,29% update 10h50 Treasuries viram para alta por toda a curva, após CPI nos EUA Título de 2 anos: +0,002 pp, a 4,373% (antes CPI: -0,042 pp, a 4,329%) Título de 7 anos: +0,004 pp, a 4,014% (antes CPI: -0,045 pp, a 3,965%) Título de 10 anos: +0,012 pp, a 4,042% (antes CPI: -0,045 pp, a 3,985%) Título de 30 anos: +0,025 pp, a 4,225% (antes CPI: -0,034 pp, a 4,166%) update 10h48 Ações de Vale (VALE3) voltam a ganhar força, com +0,42%, a R$ 72,53 update 10h48 Futuros dos principais índices em Nova York oscilam, após manchete do CPI levemente mais forte do que o esperado Dow Jones Futuro: -0,04% (antes CPI: +0,04%) S&P 500 Futuro: -0,03% (antes CPI: +0,16%) Nasdaq Futuro: +0,07% (antes CPI: +0,37%) update 10h46 Embora o IPCA de dezembro esteja acima do consenso, de maneira geral o número e o cenário continuam bastante positivos A afirmação é de Volnei Eyng, CEO da Multiplike, que observa que a inflação reportada não é ‘maligna’, mas sim benigna e pontual. update 10h45 Ações de Petrobras (PETR3 PETR4) perdem força e operam com -0,03% e +0,11% update 10h45 Ações de Vale (VALE3) perdem força e operam com leve alta de 0,15%, a R$ 72,34 update 10h44 DXY: índice dólar vira para alta de 0,05%, aos 102,41 pontos, após CPI Antes da divulgação do relatório, o DXY caía 0,15%, aos 102,21 pontos. update 10h44 Dólar comercial recua 0,34%, a R$ 4,874 update 10h42 Mini Índice com vencimento em fevereiro (WING24) vira para queda de 0,22%, aos 131.620 pontos, após CPI nos EUA Volume de negócios ultrapassa 1,31 milhão. update 10h41 Ibovespa agora recua 0,24%, aos 130.531,58 pontos update 10h38 Magazine Luiza (MGLU3) é a maior alta do Ibovespa, com +4,13%, a R$ 2,27 update 10h37 Índice Small Caps (SMLL) vira para alta de 0,02%, aos 2.276,78 pontos update 10h37 Ifix renova mínima, com -0,10%, aos 3.321,38 pontos update 10h36 Ibov volta a subir 0,01%, aos 130.817,56 pontos update 10h36 Ibov reduz queda para 0,09%, aos 130.727,63 pontos update 10h33 Sabesp (SBSP3):  Novo modelo regulatório para os contratos alterados da empresa privatizada é ainda incerto O JPMorgan avalia que o anúncio de um novo marco regulatório para a Sabesp ( SBSP3 ) deverá ser a próxima etapa antes de dar prosseguimento, em meados de 2024, à privatização – para o banco, a definição do marco será referência do preço de oferta da companhia. O JPMorgan tem recomendação overweight para a Sabesp, com preço-alvo de R$ 83/ação. update 10h32 Índice Small Caps (SMLL) renova mínima, com -0,66%, aos 2.261,71 pontos update 10h32 EUA: pedidos iniciais de seguro-desemprego esta semana ficaram em 202 mil, abaixo da expectativa de 210 mil A leitura da semana anterior apontou 203 mil (revisada de 202 mil). A média das últimas quatro semanas ficou em 207,75 mil, enquanto a das quatro encerradas na semana passada ficou em 208,00 mil (revisada de 207,75 mil). Os pedidos contínuos estão em 1,834 milhão, abaixo dos 1,868 milhão da semana anterior (revisado de 1,855 milhão). update 10h31 Ibov amplia queda para -0,36%, aos 130.368,90 pontos update 10h31 EUA: núcleo do CPI em dezembro sobe 0,3%, em linha com a expectativa e mesma alta de novembro O núcleo da inflação ao consumidor terminou 2023 com alta de 3,9%, acima da expectativa de 3,8%. Em 2022, o núcleo do CPI acumulou alta de 4,0%. update 10h30 Ibovespa renova mínima, com -0,20%, aos 130.575,46 pontos update 10h30 EUA: CPI encerra 2023 com alta de 3,4%, acima da expectativa de 3,2%; em 2022, 3,1% update 10h30 EUA: índice de preços ao consumidor (CPI) em dezembro sobe 0,3%, acima expectativa de mais 0,2%; em novembro, 0,1% update 10h29 Mini Índice com vencimento em fevereiro (WING24) tem leve alta de 0,02%, aos 131.930 pontos, antes do CPI nos EUA update 10h28 Futuros dos principais índices em Wall Street sobem antes do CPI de dezembro Dow Jones Futuro: +0,04% S&P 500 Futuro: +0,16% Nasdaq Futuro: +0,37% update 10h27 Treasuries caem por toda a curva, antes do CPI de dezembro nos EUA Título de 2 anos: -0,042 pp, a 4,329% Título de 7 anos: -0,045 pp, a 3,965% Título de 10 anos: -0,045 pp, a 3,985% Título de 30 anos: -0,034 pp, a 4,166% update 10h25 Antes de CPI, Ibovespa opera em leve alta de 0,04%, aos 130.897,56 pontos update 10h25 DXY: índice dólar recua 0,15%, aos 102,21 pontos, antes do CPI update 10h25 Empresas de telecom oscilam; OIBR3 sobe 3,17%, VIVT3 cai 0,41% e TIMS3 recua 0,69% update 10h24 VIX: índice de volatilidade nos EUA sobe 0,71%, antes da divulgação da inflação de dezembro O CPI será divulgado em instantes, às 10h30, horário de Brasília. update 10h23 Dólar comercial recua 0,29%, a R$ 4,876 update 10h22 Maioria das varejistas sobem; ASAI3 sobe 2,43%, MGLU3 avança 2,29% e CRFB3 tem ganhos de 1,48% Ações de SOMA3 caem 2,07% e de NTCO3 recuam 0,54%. update 10h20 Rede D’Or (RDOR3) cai 0,11%, em meio às notícias de incêndio no Hospital São Luiz, no Morumbi, em São Paulo update 10h19 Ibovespa abre dia sem força, em meio a IPCA e CPI O Ibovespa começa o dia em oscilação, aos 130.898,74 pontos, agora com leve alta de 0,04%, à medida que investidores digerem o IPCA de dezembro acima do previsto, enquanto aguardam dados de inflação nos Estados Unidos, que saem às 10h30. O indicador de inflação oficial do Brasil subiu 0,56% em dezembro, o que significou uma aceleração em relação aos 0,28% de novembro. O consenso LSEG apontava para alta de 0,48%. Sobem hoje as ações de Vale (VALE3), Petrobras (PETR4), companhias aéreas, a maioria das petroleiras juniores e as siderúrgicas. Recuam os grandes bancos, companhias de educação e frigoríficas. As varejistas oscilam. O dólar recua 0,13%, a R$ 4,885, e os juros futuros (DIs) sobem por toda a curva, na contramão dos Treasuries. Em Brasília, o presidente Lula deve anunciar deve anunciar o ex-ministro do STF Ricardo Lewandowski como novo ministro da Justiça. Em Wall Street, os índices futuros operam mistos, enquanto os EUA se preparam para os últimos dados de inflação ao consumidor e o início da temporada de resultados do quarto trimestre. O consenso LSEG aponta para alta mensal de 0,2% e de 3,2% na base anual. (Felipe Alves) update 10h18 IPCA de dezembro não deve levar a uma mudança de estratégia do Banco Central “Contudo, o mercado deve apagar as (poucas) chances de qualquer aceleração no ritmo de corte de juros nesse ciclo de redução de taxas”, afirma Lais Costa, analista da Empiricus Research. update 10h18 Setor de papel e celulose na abertura: KLBN11, -0,04%; RANI3, 0,00%; SUZB3, -0,19% update 10h17 Ações de saneamento recuam nesta manhã: CSMG3, -0,41%; SAPR11, -0,55%; SBSP3, -0,17% update 10h16 Setor de educação em baixa: ANIM3, -0,23%; COGN3, -0,90%; SEER3, -0,56%; YDUQ3, -0,43% update 10h15 Eletrobras (ELET3 ELET6) vira para altas de 0,13% e 0,12%, respectivamente update 10h15 BBDC4 e ITUB4 viram para altas de 0,19% e 0,03%; bancos operam com oscilação update 10h14 Siderúrgicas sobem nesta manhã: CSNA3, +0,45%; GGBR4, +0,65%; GOAU4, +0,50%; USIM5, 0,12% update 10h13 Petro juniores sobem nesta abertura: ENAT3, +1,03%; PRIO3, +1,67%; RECV3, +1,38%; RRRP3, +1,02% update 10h12 Supermercadistas em alta nesta abertura: ASAI3, +2,21%; CRFB3, +2,01%; GMAT3, +0,72%; PCAR3, +1,33% update 10h11 IPCA de dezembro: Grupo alimentação no domicílio foi bastante impactado pelo agravamento do El Niño no final de 2023 E esse efeito deve trazer perturbação também no começo de 2024, avalia Leonardo Costa, economista da ASA Investments. “Nos serviços, boa parte da pressão de dezembro veio da alta da passagem aérea”, diz. update 10h11 Banco Central informa primeira parcial PTAX com compra a R$ 4,8759 e venda a R$ 4,8765 update 10h10 Hapvida (HAPV3) começa sessão com perda de 0,45%, a R$ 4,43 update 10h10 Frigoríficos abrem sessão com quedas: BEEF3, -0,28%; BRFS3, -1,42%; JBSS3, -0,29%; MRFG3, -0,63% update 10h09 Ibovespa sai dos leilões com alta de 0,06%, aos 130.918,38 pontos, nova máxima do dia update 10h08 Bancos começam dia em baixa: BBAS3, -0,11%; BBDC4, -0,19%; ITUB4, -0,12%; SANB11, -0,29% update 10h07 Forte inflação de alimentação foi o principal destaque ruim do IPCA de dezembro divulgado nesta quinta (11) Para o BGC, o avanço da inflação dos serviços subjacentes também foi um ponto desapontador, apesar de ainda ser cedo para tirar uma conclusão definitiva. update 10h06 Aéreas abrem sessão em alta: AZUL4 sobe 0,48% e GOLL4 ganha 0,38%; EMBR3 vai na contramão e cai 0,22% update 10h06 B3 (B3SA3) inicia sessão com alta de 0,29%, a R$ 13,96 update 10h05 Eletrobras (ELET3 ELET6) abre dia com quedas de 0,21% e 0,20%, respectivamente update 10h05 Controladora da Gol busca credores para reestruturação de dívida Abra Group se reuniu com Nova York com detentores de US$ 1,5 bilhão em dívidas da empresa. update 10h05 Petrobras (PETR3 PETR4) começa sessão com altas de 0,59% e 0,72%, respectivamente update 10h04 Vale (VALE3) começa dia em alta de 0,43%, a R$ 72,54 update 10h04 CVC (CVCB3) abre dia com alta de 0,31%, a R$ 3,26 update 10h03 Economista aponta os riscos de baixa e de alta do IPCA em 2024 Igor Cadilhac, economista do PicPay, vê eventuais riscos de baixa principalmente do contágio dos preços de bens sobre os demais, incluindo petróleo; do comportamento dos núcleos e sua inércia; e do combate à inflação de forma sincronizada mundo afora. “Do outro lado, temos monitorado o mercado de commodities agrícolas e softs, incluindo os eventuais efeitos do El Niño sobre cereais, leguminosas e oleaginosas, e os aumentos salariais dado o baixo desemprego, os ganhos reais recentes e a regra do salário mínimo”, afirma. update 10h01 Ibovespa abre, preliminarmente, com queda de 0,01%, aos 130.830,75 pontos update 9h57 Ibovespa futuro opera estável, aos 131.890 pontos update 9h55 Gerdau (GGBR4), CSN (CSNA3) e mais: siderúrgicas têm começo de ano difícil, com pressão da China Analistas se dividem em perspectivas para 2024, de olho na China, nos pacotes americanos e na retomada do mercado brasileiro. update 9h55 IPCA de dezembro veio pior que o esperado, muito por conta da inflação de alimentos, que pressionou essa alta do índice A avaliação é de Andre Fernandes, head de renda variável e sócio da A7 Capital. “A inflação de alimentos no domicílio ficou em 1,34% ante 0,75% em novembro, uma alta bem significativa. Acredito que essa alta se deve aos problemas climáticos que os produtores vêm enfrentando, impactando a produção de alimentos e encarecendo os preços”, afirma. update 9h46 Índice EWZ sobe 0,18% na pré-abertura dos EUA update 9h41 Ecorodovias (ECOR3): poder público inicia estudos para avaliar implementação da terceira pista de ligação para Baixada Santista A Secretaria de Parcerias em Investimentos (SPI) quer conhecer a viabilidade da construção da nova via pela Ecovias dos Imigrantes. O prazo de conclusão dos estudos será de 24 meses, prorrogáveis por mais 12 meses. “Os custos de produção desses projetos serão de responsabilidade da Concessionária e o cálculo para o reequilíbrio econômico-financeiro da execução desse trabalho será feito com base nos gastos efetivamente realizados e aprovados pelo Poder Concedente”. A Ecorodovias ( ECOR3 ) informa que o “resultado dos estudos e projetos servirá de base para a análise da SPI e ARTESP quanto à viabilidade de inclusão das obras no contrato de concessão da Ecovias dos Imigrantes”. update 9h39 IPCA de dezembro: Apesar do resultado pior que o esperado, vemos continuidade do processo de desinflação André Cordeiro, economista-sênior do Inter, afirma que o acumulado em 12 meses do IPCA continuou a recuar, assim como a média dos núcleos. “De modo geral, o resultado da inflação em dezembro não foi muito animador, ainda assim, há sinais de continuidade do processo de desinflação, mas alguns sinais de risco começam a aparecer no horizonte, principalmente a aceleração dos núcleos e da inflação de serviços. Entretanto, esses sinais ainda não são suficientes para ensejar uma mudança na condução da política monetária por parte do Copom e mantemos nossa expectativa de continuidade do processo de cortes na Selic no atual ritmo imposto pelo Comitê”, diz. update 9h36 IPCA desaponta o mercado, mas não é algo que compromete o ciclo Para Gustavo Cruz, estrategista da RB Inverstimentos, avaliando o IPCA de dezembro acima da estimativa, divulgado nesta quinta (11), crê que o resultado do mês pode ter uma questão sazonal, já que é um período de festas de final de ano. “Mas não é algo que compromete o ciclo todo, não é algo que mudaria a taxa final, mas é algo que vai diminuir a expectativa de corte maior da taxa de juros no curto prazo”, afirma. update 9h36 INPC tem alta de 0,55% em dezembro e fecha 2023 com alta de 3,71% No acumulado de 2023, houve alta de 0,33% nos produtos alimentícios e de 4,83% nos não alimentícios; índice é menor que o do IPCA por dar mais peso aos alimentos e bebidas. update 9h35 Em oscilação, Ibovespa futuro volta a subir 0,02%, aos 131.925 pontos update 9h30 CME/FedWatch: expectativa de queda de juros em março está em 65% 5,25%-5,50% 5,00%-5,25% 4,75%-5,00% 4,50%-4,75% 4,50%-4,25% 4,25%-4% 4%-3,75% 3,50%-3,75% 31/01 97,4% 2,6% – – – – – – 20/03 33,1% 65,2% 1,7% – – – – – 1º/05 3,5% 36,5% 58,4% 1,5% – – – – 12/06 0,1% 4,9% 37,5% 56% 1,5% – – – 31/07 – 0,7% 8,5% 39,5% 49,9% 1,3% – – 18/09 – 0,1% 1,5% 12% 40,7% 44,6% 1,2% – 7/11 – – 0,6% 5,3% 22,4% 42,1% 28,9% 0,7% update 9h28 PRIO (PRIO3): Banco afirma que greve do Ibama pode afetar processo de licenciamento do campo Wahoo O Bradesco BBI destaca que funcionários do Ibama pretendem suspender projetos de perfuração e instalação offshore como os da PRIO ( PRIO3 ). update 9h25 Índice Dólar DXY cai 0,12%, aos 102,24 pontos update 9h20 Cenário na Argentina ainda é altamente incerto O Bradesco BBI afirma que depois do início positivo com as diversas medidas de ajustamento fiscal e de desregulamentação econômica, a Argentina começou a desvanecer-se devido à dificuldade de reunir o apoio político necessário no Congresso. Por outro lado, o fato de o FMI estar disposto a celebrar um novo acordo que incorpore novos recursos, é positivo para os mercados, embora o banco veja isso como uma forma do Fundo Monetário Internacional esperar por sinais de sucesso relacionados aos ajustes que estão em andamento. update 9h16 Minério de ferro se recupera com esperanças renovadas de estímulo na China O minério de ferro de referência para fevereiro na Bolsa de Cingapura subiu quase 1%, para 134,1 dólares a tonelada, apagando as perdas anteriores. update 9h14 Mini Índice com vencimento em fevereiro (WING24) começa dia com queda de 0,15%, aos 131.710 pontos update 9h13 Dólar comercial renova mínima, com -0,18%, aos R$ 4,882 update 9h13 Mini Dólar com vencimento em fevereiro (WDOG24) começa dia com queda de 0,22%, a 4.895,00 update 9h11 Preços da gasolina no Brasil seguem acima da paridade internacional, diz Abicom Petrobras ( PETR3 ; PETR4 ) anunciou há 83 dias alterações nos preços da gasolina. Sobre o diesel, a estatal determinou um reajuste há 16 dias. A Associação Brasileira dos Importadores de Combustíveis publica o estudo diariamente, de segunda a sexta. Diesel A S10 (média nacional): -3%, ou -R$ 0,10 (ontem: -4% ou -R$ 0,16) Gasolina A (média nacional): +5%, ou +R$ 0,12 (ontem: +4% ou +R$ 0,11) update 9h10 Ibovespa futuro amplia queda para -0,19%, aos 131.660 pontos update 9h09 Análise técnica: Confira os pontos de suporte e resistência do Ibovespa Em relatório de análise técnica, o Itaú BBA destaca que os índices brasileiros caminham em lado oposto aos índices americanos nesta semana. Enquanto o índice americano SP500 sobe e caminha para sua máxima de 2023, o Ibovespa cai e testa a região de suporte em 130.700 pontos. Os ventos favoráveis vindos do exterior desta semana ainda não impactaram o Ibovespa, por isso a atenção na região dos 130.700/400 pontos é importante. Se perder esta região, encontraremos o próximo suporte em 126.400 pontos – patamar que mantém o índice em tendência altista. Fonte: Broadcast. Elaboração: Itaú em relatório de análise técnica update 9h05 DIs: juros futuros sobem por toda a curva após IPCA maior que o esperado Valor (%) Dia (%) Variação (pp) Negócios Semana (%) Mês (%) Ano (%) DI1F25 10,180 0,44 0,045 709 1,04 1,50 1,50 DI1F26 9,850 0,77 0,075 1503 1,70 2,50 2,50 DI1F27 9,940 0,61 0,060 569 1,38 2,26 2,26 DI1F29 10,300 0,54 0,055 232 0,88 2,28 2,28 DI1F31 10,520 0,48 0,050 55 0,67 2,53 2,53 DI1F33 10,620 0,38 0,040 63 0,38 2,41 2,41 update 9h03 Dólar comercial abre em queda de 0,01%, cotado a R$ 4,890 na compra e a R$ 4,891 na venda update 9h02 Ibovespa futuro agora recua 0,11%, aos 131.750 pontos update 9h02 Dólar futuro abre em queda de 0,03%, cotado aos 4.904,00 pontos update 9h01 Ibovespa futuro abre em alta de 0,02%, cotado aos 131.935 pontos update 9h01 IPCA de dezembro sobe 0,56%; consenso Lseg previa alta de 0,48% O IPCA de dezembro foi de 0,56% e ficou 0,28 ponto percentual (p.p.) acima da taxa de novembro (0,28%). Em dezembro de 2022, a variação havia sido de 0,62%. O IPCA fechou o ano com alta acumulada de 4,62%. update 8h59 Santander (SANB11) e Bradesco (BBDC4): Banco espera sequencialmente melhor margem financeira no 4T23 para ambos os nomes O Goldman Sachs afirma que os olhos estão voltados em 2024 para o guidance do Santander ( SANB11 ) e Bradesco ( BBDC4 ), especialmente para o Bradesco, com a expectativa de que o novo CEO anuncie um plano estratégico de longo prazo para melhorar a lucratividade. update 8h56 Confira o InfoMorning update 8h53 Itaú (ITUB4) e BB (BBAS3): Banco espera melhores tendências trimestrais, ampliando a lucratividade desses nomes O Goldman Sachs avalia que apesar da margem financeira mais fraca tanto do Itaú ( ITUB4 ) quanto no Banco do Brasil ( BBAS3 ) devido aos spreads mais baixos, vê ambos os nomes tendência melhores em ambos os nomes. O Goldman tem recomendação de compra para o Itaú com preço-alvo de R$ 39/ação, e o BB, também com recomendação de compra, tem preço-alvo de R$ 64/ação. update 8h52 Google demite centenas de funcionários nas equipes de Assistente, hardware e engenharia O Google, da Alphabet, disse na quarta-feira que demitiu centenas de funcionários em várias equipes, com os co-fundadores da Fitbit, James Park e Eric Friedman, também deixando a empresa, já que a gigante da tecnologia continua a cortar custos. O Google disse que vai demitir centenas de pessoas em sua unidade de Assistente de Voz, enquanto algumas centenas de funções estão sendo eliminadas na equipe de hardware responsável pelo Pixel, Nest e Fitbit, e a maioria das pessoas na equipe de realidade aumentada está sendo dispensada. Centenas de funções na equipe central de engenharia da gigante das buscas também estão sendo afetadas, informou a empresa. (Reuters) update 8h50 Bitcoin empaca nos US$ 46 mil após ETF, mas clone do Ethereum dispara 40% O regulador dos EUA liberou ontem os primeiros ETFs à vista de Bitcoin do país. update 8h47 EUA: rendimentos dos Treasuries recuam antes de dados de inflação Treasuries: T-note de 10 anos a 3,987% (-0,043) Treasuries: T-note de 2 anos a 4,339% (-0,032) update 8h43 Enfrentando um dólar um pouco mais forte, a recuperação nos mercados do ouro e da prata encontrou resistência Segundo o Julius Baer, a euforia de final de ano nos mercados do ouro e da prata parece ter desaparecido e a recuperação encontrou resistência. Estas descidas, segundo o banco, refletem um dólar um pouco mais forte e rendimentos das obrigações dos EUA um pouco mais elevados, ao mesmo tempo que a fixação de preços das taxas de juro futuras dos EUA já não é tão agressiva como antes da virada do ano. update 8h42 Confira análise técnica da XP para o SP500 O SP500 fechou em nova alta reforçando o sinal da tendência altista dado pela média de 21 dias, segundo Gilberto Coelho, analista técnico da XP. As projeções estão em 5.000 e 5.230. Abaixo dos 4.730 retomaria sinal de realização com possível teste de suportes em 4.600 ou 4.400. Fonte: Relatório de análise técnica da XP update 8h38 Banco ressalta as ações preferidas por setor O Morgan Stanley afirma que no setor de petróleo e gás, tem preferência pela Petrobras ( PETR4 ) e PRIO ( PRIO3 ). O banco também gosta do operador ferroviário exposto à produção agrícola: a Rumo ( RAIL3 ). No ambiente digital, o Morgan afirma “jogar” com o Nubank ( ROXO34 ), MercadoLivre ( MELI34 ) e Totvs ( TOTS3 ). Por fim, aponta preferência pelos bancos de varejo Bradesco ( BBDC4 ) e Itaú ( ITUB4 ). update 8h38 Confira análise técnica da XP para o dólar futuro O Dólar futuro G24 fechou em queda, respeitando a média de 21 dias como resistência, segundo Gilberto Coelho, analista técnico da XP. Abaixo dos 4.877 teria projeções nos 4.818 ou 4.760. Acima dos 4.924 pode reverter o sinal para alta mirando os 5.000 ou 5.060. Fonte: Relatório de análise técnica da XP update 8h34 Confira análise técnica da XP para o Ibovespa O IBOV realizou na direção da de 21 dias, indefinindo a tendência de curto prazo, mas segue em alta no longo prazo, segundo Gilberto Coelho, analista técnico da XP. Acima dos 132.500 favorecerá teste dos 134.400 ou 141.000. Uma perda dos 130.000 aumentaria a possibilidade de novas realizações na direção dos suportes 128.000 ou 125.500. Fonte: Relatório de análise técnica da XP update 8h32 Americanas (AMER3): 7 questões um ano após a fraude bilionária e o futuro das ações Companhia diminuiu suas operações e ações foram “deixada de lado” pelos analistas, que seguem céticos sobre futuro mesmo com desdobramentos mais positivos dos últimos meses. update 8h30 XP: Oportunidades de swing trade para hoje, por Gilberto Coelho C ou V Ativo Gatilho Alvo Loss Motivo Alvo (%) Loss (%) Lim Entrada Compra RAPT4 13,11 14,45 12,46 MM21 10,22 -4,96 13,24 Compra LIGT3 6,65 7,99 6,29 Fibonacci 20,15 -5,41 6,72 update 8h30 Potencial atraso no início de um ciclo de flexibilização nos EUA pode ser um obstáculo para o ritmo de novos cortes nas taxas de juro no Brasil Analistas do Morgan Stanley acreditam que a inflação subjacente nos EUA permanecerá rígida por mais tempo e que a Fed manterá as taxas estáveis por mais tempo do que o mercado espera. update 8h25 Vibra firma acordo para produção de metanol A Vibra (VBBR3) celebrou, na última quarta, com a Inpasa Agroindustrial, um Memorando de Entendimentos (MOU) para o desenvolvimento de estudos de viabilidade para potencial parceria para produção e comercialização de metanol verde, a ser destinado principalmente ao uso marítimo e ao segmento industrial, a partir de subprodutos do etanol. Os estudos têm um prazo inicial de 180 dias e serão conduzidos por representantes a serem designados pelas partes. update 8h23 Petrobras recebe parcela de US$ 298 mi da Carmo Energy A Petrobras recebeu, na última quarta-feira (10), da Carmo Energy, a última parcela no valor de US$ 298 milhões, já considerados os ajustes e encargos de mora devidos, relativa à alienação do Polo Carmópolis, que venceu em 20/12/2023. update 8h21 CCR (CCRO3) reportou um forte crescimento de tráfego na divisão de rodovias em dezembro O Bradesco BBI avalia que embora o tráfego pedagiado do 4T23 da CCR ( CCRO3 ) tenha ficado acima da estimativa do banco, o tráfego mais fraco do que o esperado para as divisões de mobilidade urbana e aeroportuárias da empresa em novembro resultou em números de tráfego de passageiros do 4T23 menores que o previsto. O BBI mantém recomendação outperform e preço alvo de R$ 18,00/ação. update 8h20 Argentina e FMI chegam a acordo para debloquear acesso a US$ 4,7 bilhões Entre as metas repactuadas para a manutenção do programa, o FMI destaca o compromisso de se alcançar um superávit primário equivalente a 2% do PIB em 2024. update 8h16 Servidores do BC anunciam greve de 24h O Sindicato Nacional dos Funcionários do Banco Central (Sinal) informou, na quarta-feira (10) que a categoria fará uma paralisação de 24 horas nesta quinta, enfatizando que a iniciativa pode resultar em interrupções operacionais em serviços da autarquia. update 8h13 Governo envia ao Congresso projeto para aprimorar Lei de Falências Com o objetivo de dar mais rapidez aos processos de falência, o governo enviou ao Congresso Nacional projeto de lei para mudar a Lei de Falências, que data de 2005. O projeto pretende ampliar os poderes dos credores, tendo em vista que eles são os principais interessados na liquidação eficiente dos bens ativos das empresas que se tornaram inviáveis. update 8h10 Lewandowski aceita convite de Lula para substituir Dino no Ministério da Justiça Informação deve ser divulgada publicamente nesta quinta-feira, após novo encontro de Lula com o ex-magistrado e o atual ministro. update 8h09 Petrobras (PETR4) (PETR3): Previsão de banco sugere dividendos significativamente abaixo dos níveis de 2022-23, mas ainda atraente Segundo cálculos do Goldman Sachs, a Petrobras ( PETR4 ) ( PETR3 ) tem capacidade financeira para o pagamento potencial de até US$ 7 bilhões em dividendos extraordinários no curto prazo (potencialmente em março com os resultados do 4T23), sob o pressuposto que a estatal reduziria a sua posição de caixa para o nível mínimo exigido. O banco tem recomendação de compra para a Petrobras, com preço-alvo de R$ 45,10/PETR3 e R$ 41/PETR4. update 8h08 Índice EWZ avança 0,18% na pré-abertura dos EUA update 8h07 Barris de petróleo avançam e minério de ferro sobe quase 1% Os preços do petróleo sobem nesta manhã, à medida que os mercados avaliam as tensões crescentes no Oriente Médio face a um aumento surpreendente nos estoques de petróleo bruto dos EUA. Depois de caírem por cinco pregões consecutivos, os preços futuros do minério de ferro subiram, impulsionadas pelo mais recente apoio ao mercado imobiliário e pelas renovadas esperanças de flexibilização monetária no principal consumidor, a China. O minério de ferro de referência de fevereiro, SZZFG4, na Bolsa de Cingapura subiu quase 1%, para US$ 134,1 a tonelada, eliminando as perdas anteriores. Petróleo WTI, +1,71%, a US$ 72,59 o barril Petróleo Brent, +1,65%, a US$ 78,07 o barril Minério de ferro negociado na bolsa de Cingapura teve alta de quase 1%, a US$ 134,1 a tonelada update 8h06 Bolsas da Europa avançam à espera de inflação dos EUA As bolsas europeias operam no campo positivo na sessão de hoje, após vários dias de negociações em território misto. A Europa também fica de olho no CPI dos EUA, enquanto digere dados econômicos da zona do Euro que saíram durante a semana. FTSE 100 (Reino Unido), +0,51% DAX (Alemanha), +0,85% CAC 40 (França), +0,68% FTSE MIB (Itália), +0,85% STOXX 600, +0,73% update 8h05 Bolsas da Ásia fecham dia em alta, com Nikkei estendendo recordes históricos Os mercados asiáticos fecharam majoritariamente em alta, com o Nikkei, do Japão, liderando novamente os ganhos da região. O índice japonês subiu 1,77% para se manter acima da marca de 35 mil pontos pela primeira vez desde fevereiro de 1990, fechando em 35.049,86 pontos, enquanto as ações da Coreia do Sul mantiveram os ganhos depois de o Banco Central sul-coreano ter mantido as taxas de juro. Shanghai SE (China), +0,31% Nikkei (Japão), +1,77% Hang Seng Index (Hong Kong), +1,27% Kospi (Coreia do Sul), -0,07% ASX 200 (Austrália), +0,50% update 8h04 Antes do CPI, índices futuros dos EUA oscilam Os índices futuros dos EUA oscilam nesta manhã, enquanto Wall Street se prepara para os últimos dados de inflação ao consumidor e o início da temporada de resultados do quarto trimestre. O consenso LSEG aponta para alta mensal de 0,2% e de 3,2% na base anual. A inflação ao consumidor servirá para testar as expectativas do mercado de seis cortes nas taxas em 2024, em comparação com a previsão do banco central de três cortes este ano. Segundo a ferramenta FedWatch, da CME Group, as apostas em uma redução da taxa dos Fed Funds na reunião do Federal Reserve (Fed) em março rondavam os 65%. Dow Jones Futuro (EUA), -0,05% S&P 500 Futuro (EUA), +0,07% Nasdaq Futuro (EUA), +0,32% update 8h03 Índice Dólar DXY sobe 0,01%, aos 102,37 pontos update 8h01 Abertura de mercados Os mercados mundiais amanheceram em alta, com todas as atenções voltadas para o índice preços ao consumidor (CPI) dos Estados Unidos. O indicador deve ajudar o investidor a calibrar as apostas em torno do ritmo de cortes juros pelo Federal Reserve (Fed) neste ano. No Brasil, investidores aguardam pela divulgação do Índice Preços ao Consumidor Amplo (IPCA) de dezembro. O consenso LSEG aponta para alta de 0,48% na comparação com novembro e de 4,54% na base anual. update 7h54 Principais índices em Nova York fecharam com ganhos sessão de ontem Investidores em Wall Street estão em modo cautela antes da divulgação do CPI de dezembro, a inflação ao consumidor nos EUA, que acontece amanhã. Mesmo assim, as compras prevaleceram. “No momento, o mercado está bastante calmo, mas não acho que ficará quieto o ano todo”, disse à CNBC Phillip Colmar, sócio-gerente e estrategista global da MRB Partners. “Precificamos totalmente esse cenário de pouso suave . Qual é o próximo? Provavelmente é ‘sem aterrissagem’, o que significa que os rendimentos dos títulos provavelmente não permanecerão tão ancorados como estão e então a volatilidade volta ao mercado de ações”. Dia (%) Pontos Dow Jones 0,45 37.695,73 S&P 500 0,57 4.783,45 Nasdaq 0,75 14.969,65 update 7h52 DIs: juros futuros encerraram sessão de ontem com quedas ao longo da curva Dia (%) Taxa (%) Variação (pp) Negócios Semana (%) Janeiro (%) DI1F25 0,10 10,135 0,010 25.760 0,60 1,05 DI1F26 0,00 9,775 0,000 35.451 0,93 1,72 DI1F27 -0,10 9,880 -0,010 15.566 0,76 1,65 DI1F28 -0,35 10,095 -0,035 2.977 0,55 1,61 DI1F29 -0,34 10,245 -0,035 17.576 0,34 1,74 DI1F31 -0,48 10,470 -0,050 3.353 0,19 2,05 DI1F33 -0,66 10,580 -0,070 3.705 0,00 2,03 DI1F35 -0,75 10,640 -0,080 1.347 -0,09 2,50 update 7h50 Dólar comercial fechou sessão de ontem com queda de 0,27% Dólar voltou a desvalorizar frente ao real, depois a alta de terça (9). O movimento veio na mesma direção da divisa norte-americana, que desceu na comparação com as principais moedas do mundo, com o DXY em baixa de 0,20%. Venda: R$ 4,891 Compra: R$ 4,891 Mínima: R$ 4,878 Máxima: R$ 4,906 update 7h48 Maiores baixas, altas e ações mais negociadas de ontem Maiores baixas Ativo Dia (%) Valor (R$) Variação (R$) Negócios Semana (%) Janeiro (%) MRV MRVE3 -4,71 9,51 -0,47 27.002 -3,55 -15,32 CVC CVCB3 -4,41 3,25 -0,15 15.217 2,20 -7,14 PRIO PRIO3 -4,17 44,35 -1,93 45.757 -3,75 -3,69 Braskem BRKM5 -4,09 18,99 -0,81 11.873 -5,57 -13,13 GPA PCAR3 -3,83 3,77 -0,15 16.704 -8,05 -7,14 Casas Bahia BHIA3 -3,47 10,57 -0,38 4.895 1,63 -7,12 Alpargatas ALPA4 -3,04 9,24 -0,29 9.036 -1,49 -8,70 Maiores altas Ativo Dia (%) Valor (R$) Variação (R$) Negócios Semana (%) Janeiro (%) Embraer EMBR3 3,38 22,32 0,73 16.100 4,45 -0,31 Eletrobras PNB ELET6 3,03 47,53 1,40 8.523 3,69 1,17 Eletrobras ON ELET3 2,59 42,76 1,08 21.190 3,64 0,78 Natura NTCO3 2,32 16,76 0,38 13.995 2,76 -0,77 Grupo Soma SOMA3 2,11 8,21 0,17 16.173 5,26 10,20 Magazine Luiza MGLU3 1,87 2,18 0,04 34.930 10,66 0,93 Sabesp SBSP3 1,78 74,76 1,31 8.826 3,33 -0,81 Mais negociadas Ativo Negócios Dia (%) Valor (R$) Variação (R$) Semana (%) Janeiro (%) Petrobras PN PETR4 68.138 -0,92 37,75 -0,35 -2,51 1,37 Bradesco PN BBDC4 58.413 -1,72 16,02 -0,28 -5,09 -6,17 Vale VALE3 48.632 -1,50 72,23 -1,10 -3,24 -6,44 PRIO PRIO3 45.757 -4,17 44,35 -1,93 -3,75 -3,69 Gerdau GGBR4 42.540 -2,98 21,48 -0,66 -7,25 -9,60 Magazine Luiza MGLU3 34.930 1,87 2,18 0,04 10,66 0,93 B3 B3SA3 34.208 -1,00 13,92 -0,14 -0,36 -3,72 update 7h45 Ibovespa fechou ontem com queda de 0,46%, aos 130.841,09 pontos Máxima: 131.627,60 Mínima: 130.438,06 Volume: R$ 19,70 bilhões Confira a evolução do IBOV durante a semana, mês e ano: Segunda-feira (8): +0,31% Terça-feira (9): -0,74% Quarta-feira (10): -0,46% Semana: -0,90% Janeiro: -2,49% 1T24: -2,49% 2024: -2,49% Acompanhe diariamente a cobertura sobre bolsa, dólar e juros a partir das 8 horas. Sugestões, dúvidas e críticas entre em contato com o editor de Mercados Ao Vivo do InfoMoney: rodrigo.petry@infomoney.com.br. IM Trader: notícias, análises, vídeos, podcasts e guias no novo canal do InfoMoney sobre Mercados .
Por aqui, o IPCA acelerou para 0,56% e fechou o ano em 4,62%, leitura maior que a esperada . Economistas dizem que IPCA salgado deve reduzir apostas de BC acelerar cortes na Selic .
Por lá, a inflação ao consumidor (CPI) subiu 0,3% em dezembro e fechou o ano em 3,4%, também acima do esperado, e elevou incerteza sobre estratégia do Fed .
Amanhã, com menor potencial de estragos, tem a inflação ao produtor nos EUA, mas o relatório do CPI ainda pode produzir interpretações. A semana só termina quando acaba e até lá novas surpresas podem acontecer. ( Fernando Augusto Lopes )
O volume de negócios hoje foi de 5,004 milhões.
Confira a evolução do IBOV durante a semana, mês e ano:
Segunda-feira (8): +0,31% Terça-feira (9): -0,74% Quarta-feira (10): -0,46% Quinta-feira (11): -0,15% Semana: -1,04% Janeiro: -2,64% 1T24: -2,64% 2024: -2,64%
Investidores em Wall Street viram a inflação ao consumidor (CPI) subir 0,3% em dezembro e fechar o ano em 3,4%, acima do esperado, e elevou incerteza sobre estratégia do Fed . “Este aumento no CPI é um lembrete crítico da natureza imprevisível da recuperação econômica e da obscuridade dos dados macroeconômicos”, filosofou à CNBC Jon Maier, diretor de investimentos da Global X. “Os mercados podem precisar se preparar para a volatilidade, à medida que o Fed poderia manter ou potencialmente intensificar a sua postura restritiva de política monetária em resposta a estas pressões inflacionistas”.
Apreensão de um navio no Mar Vermelho requentou temores de escalada de conflitos no Oriente Médio .
Em dezembro, taxa de inflação na base mensal atingiu 25,5% .
Durante a tarde, o ministro Alexandre de Moraes, do Supremo Tribunal Federal (STF), atendeu ao pedido da companhia e d eterminou a cassação das decisões que haviam suspendido a realização da assembleia.
Rumores sobre revisão de guidance e prévia operacionais ruins abalam ativos.
Receita dos embarques cresceu 3,9% e somou US$ 165,1 bilhões, segundo dados compilados pelo Itaú BBA.
Pasta sinalizou o “compromisso de apresentar uma proposta efetiva” para os servidores.
Assembleia ‘express’ definiu tema que opôs funcionários e governo contra a administração da empresa.
Petrobras descarta investimentos em renováveis no exterior e priorizará projetos novos.
Os principais impulsionadores, na visão do banco, serão os fortes embarques e os preços realizados a US$ 123 por tonelada (t).
Dólar tem nova desvalorização frente ao real, como aconteceu ontem. O movimento veio na mesma direção da divisa norte-americana, que desceu na comparação com as principais moedas do mundo, com o DXY em leve baixa de 0,07%.
Para sindicato, é necessária a aplicação de uma prova específica para a área , além das já aplicadas.
Assim, a XP vê a Serena ( SRNA3 ) como uma ação descontada. A corretora tem recomendação de compra para Serena, com preço-alvo de R$13/ação.
Segundo a XP, isso ocorre especialmente com seus projetos em construção. A corretora tem recomendação neutra para a Engie, com preço-alvo de R$46/ação.
A partir de agora, a XP avalia que o foco será na redução da alavancagem e na busca por potenciais compradores de energia para seu portfólio atual – no entanto, o principal desafio é encontrar compradores devido ao baixo preço de energia do mercado atual. A XP tem recomendação neutra para a AES, com preço-alvo de R$ 14/ação.
A informação é do BDM , que alerta que outro provável motivo é a prévia operacional que a MRV ( MRVE3 ) soltará hoje, após fechamento de mercado.
A XP tem recomendação neutra para Auren ( AURE3 ), com preço-alvo de R$ 15/ação.
Os preços do petróleo voltaram a subir com os compradores de olho nas tensões crescendo no Oriente Médio.
Servidores reivindicam melhores condições de remuneração .
Banco americano diminuiu sua exposição a empresas muito ligadas a juros , vendo as taxas já mais estabilizadas após mudanças.
Segundo a XP, as vendas de novas moradias em oito grandes cidades chinesas caíram quase pela metade na semana encerrada em 7 de janeiro. Além disso, a produção de aço bruto diminuiu significativamente durante a mesma semana, já que as usinas deixaram os altos-fornos ociosos e realizaram manutenção para minimizar suas perdas de produtos de aço acabados em meio a margens pressionadas, relata a corretora.
Os principais impulsionadores, na visão do banco, serão os fortes embarques e os preços realizados a US$ 123 por tonelada (t), apoiados por preços provisórios .
Decisão saiu 30 minutos depois do ministro Alexandre de Moraes, do STF, derrubar liminar de suspensão da assembleia da Eletrobras ( ELET6 ), que tomaria a decisão sobre a incorporação de Furnas.
A XP, analisando os dados do setor de construção de dezembro, reafirma preferência pelo segmento de baixa renda, dada a combinação positiva de um cenário de forte demanda e um momento positivo de resultados. Além disso, vê os custos de construção sob controle.
Ação foi ajuizada pela Eletrobras no último dia 30 contra liminares proferidas durante o plantão judicial por desembargadores .
Na China, a demanda por celulose enfraqueceu após embarques recordes nos meses anteriores, mas os preços da celulose de fibra curta estavam sendo negociados em alta, relata a XP. Para janeiro, vários fornecedores da celulose de fibra curta anunciaram outro aumento de preço de US$ 10/t.
A XP afirma que 2023 sinaliza forte atividade comercial da Priner ( PRNR3 ).
Novo ativo de renda fixa visa captar recursos para o BNDES financiar projetos de micro, pequenas e médias empresas.
A afirmação foi feita por Lael Brainard, ex-Fed e atual diretora do National Economic Council, da Casa Branca.
O BofA espera resultados sólidos no 4T23 da Totvs ( TOTS3 ), com o desempenho dos negócios mantendo o ritmo de crescimento.
O BofA afirma que ajustou as estimativas da Cosan ( CSAN3 ) e ressalta forte potencial de valorização de seus ativos principais.
Entre 15 e 19 de janeiro, especialistas discutirão o que o investidor deve levar em conta em 2024 para sua carteira de aplicações.
Em Londres, o índice referencial terminou a sessão na mínima do dia.
Veja como fazer.
Segundo o BofA, o crescimento mais rápido das vendas desencadeia aumento do preço-alvo da Vivara ( VIVA3 ).
O BofA vê oportunidades grandes, e facilmente identificáveis, no Mercado Livre ( MELI34 ) em publicidade, logística, dívidas incobráveis, financiamento de carteiras e outros mercados. Para o banco, a inadimplência de 8% do Mercado Livre em créditos com duração de 3 meses tem grande probabilidade de diminuir.
A Petrobras passou a descartar investimentos em geração de energia eólica e solar fotovoltaica no exterior e irá montar sua carteira principalmente com projetos “greenfield”, novos, no país, afirmou o diretor-executivo de Transição Energética e Sustentabilidade da companhia, Maurício Tolmasquim, em entrevista à Reuters. Isso marca uma mudança de posicionamento da petroleira, que no ano passado disse estar em conversas com empresas para avaliar projetos no exterior em segmentos como o de energia eólica offshore, até como forma de ganhar “know-how”. (Reuters)
Especialistas estão mais receosos, especialmente com ativos mais high yield (maior risco e retorno); entenda.
Rodrigo Cohen, analista CNPI e co-fundador da Escola de Investimentos, crê ainda em queda de juros no EUA ainda nesse primeiro semestre do ano.
Petrolífera depende de licença para projeto que ampliará sua capacidade de produção diária em 40 mil barris.
O BofA vê o IPVA desacelerando para 3,7% ao final de 2024, devido a medidas subjacentes mais benignas e preços administrados mais baixos (especialmente eletricidade e gasolina). Para o banco, a impressão de hoje é uma redução contínua nas taxas básicas em 50 pp por reunião do Copom, com um corte final de 25 pp em julho, com a taxa Selic chegando ao final do ano em 9,50%.
A informação é do diretor-executivo de Transição Energética e Sustentabilidade da Petrobras ( PETR4 ), Maurício Tolmasquim. No entanto, o marco regulatório de eólica offshore aguarda ainda apreciação do Senado.
Dado foi revelado em estudo da CVM feito em parceria com a FGV.
Segundo o diretor de Transição Energética e Sustentabilidade da Petrobras ( PETR4 ), Maurício Tolmasquim, a carteira de geração eólica e solar da estatal será composta por 80% de projetos greenfields . Além disso, a empresa terá parcerias em grande parte dos projetos de energia renovável para agilizar construção dos empreendimentos, afirma o executivo. ( Reuters )
Fonte: B3.
O JPMorgan avalia que o projeto de lei já aprovado na Câmara (e aguardando votação no Senado) poderá elevar o perfil do Brasil como um dos maiores vendedores de créditos de carbono no mundo, com potencial para gerar US$ 120 bilhões até 2030.
CPI veio mais alto que o esperado, mas variação mensal teve forte componente sazonal; avaliação é que corte de juros em março é possível, mas ficou mais difícil.
Loretta J. Mester é presidente do Federal Reserve de Cleveland e falou à Bloomberg TV .
Vários fundos negociados em bolsa (ETFs) vinculados ao preço à vista do bitcoin começam a ser negociados nas bolsas de valores dos Estados Unidos nesta quinta-feira. O movimento ocorreu depois que a SEC aprovou 11 desses fundos na quarta-feira, após longa espera dos investidores. O ETF iShares bitcoin da Blackrock atraía o maior volume de negociação entre todos os ETFs à vista, seguido por Grayscale e Fidelity, segundo dados da LSEG.
Índices na Europa recuaram com um relatório de inflação ao consumidor nos EUA mais quente do que o esperado, o que pode travar as expectativas por início do ciclo de cortes de taxas pelo Fed ainda no primeiro trimestre algo mais difícil.
País precisou reformular seu acordo de US$ 44 bilhões com o FMI.
“A composição (do CPI de dezembro) ficou em grande parte em linha com nossas expectativas, e ainda mostra uma persistente inflação de Serviços, que deverá desacelerar no 1T24”, diz o Itaú BBA. “Com base nos itens do CPI, vemos o núcleo do PCE atingindo 0,2%, o que deve manter o Fed no caminho certo para iniciar o ciclo de cortes em março”.
Privatização avançou significativamente no ano passado e deve ser concluída até meados de 2024.
A análise é de Danilo Igliori, economista-chefe da Nomad, após analisar o resultado da inflação ao consumidor de dezembro nos Estados Unidos, que acelerou para 0,3% – depois de ter registrado crescimento de 0,1% em novembro.
Estatal tem capacidade financeira para pagamento de até US$ 7 bi em dividendos extraordinários no curto prazo , avalia banco.
No acumulado de janeiro, as ações da Apple têm queda de 3,3% em comparação com valorização de cerca de 2% da Microsoft .
Para Carla Argenta, economista-chefe chefe da CM Capital, o resultado do IPCA divulgado nesta quinta (11) é positivo se analisado sob a perspectiva da busca pela retomada da estabilidade de preços, objetivo atual do Banco Central. “Esta hipótese se sustenta quando analisamos o resultado sob a ótica das categorias de preço que compõem o indicador”, afirma.
Exceção é Santander ( SANB11 ), que cai 0,16%.
A máxima do dia está em R$ 4,894 e a mínima, em R$ 4,859.
O JPMorgan avalia que possível paralisação do órgão poderá afetar pedidos de licença da PRIO ( PRIO3 ) de perfuração no campo Wahoo e perfuração de novos poços em Albacora. Para o banco, caso as atividades do Ibama sejam paralisadas, o plano de desenvolvimento da petroleira júnior poderá ser afetada. O JPMorgan ressalta que a PRIO continua sendo principal opção no setor, com preço-alvo de R$ 66/ação.
Contratos são para entrega em fevereiro.
O presidente evitou comentar sobre o futuro da equipe de Lewandowski no ministério e disse que isso é uma decisão dele. A posição de Lula é uma resposta aos que defendiam Ricardo Cappelli na vaga de Flávio Dino. Cappelli ocupa o cargo de secretário-executivo do Ministério da Justiça na gestão Dino e foi interventor do Distrito Federal depois dos atos antidemocráticos de 8 de janeiro de 2023.
IPCA e CPI vieram acima do esperado e movimentam o mercado na manhã desta quinta-feira.
O ex-ministro do STF entra no lugar de Flávio Dino, agora ministro do STF.
Prazo para solicitar renegociação termina em 31 de maio.
Investidores em Wall Street ainda mergulham atenção no relatório da inflação ao consumidor de dezembro. O CPI veio com uma manchete levemente acima da expectativa . “A turma do ‘maior por mais tempo’ recebeu mais um argumento”, disse à CNBC Giuseppe Sette, presidente da empresa de pesquisa de mercado Toggle AI. “Com o CPI ligeiramente mais alto do que o esperado, torna-se mais difícil para o Fed dizer que as pressões inflacionistas foram controladas, especialmente face a um mercado de trabalho forte”.
O economista Matheus Pizzani reforça que “a divulgação de hoje vai de encontro com as expectativas mais recentes do mercado de que a situação da inflação já é positiva o suficiente e pode sustentar o início do ciclo de corte de juros no país no mês de março”. Ao contrário, o cenário “ainda demandará a manutenção do aperto monetário praticado até aqui por algum tempo, de maneira que a taxa de juros deve se manter no patamar atual até pelo menos a transição do primeiro para o segundo semestre de 2024”.
Papéis atrelados à inflação com prazo superior a cinco anos foram os destaques do último ano.
“Em nossa visão, os resultados do IPCA de dezembro são consistentes com o nosso cenário de queda adicional da inflação em 2024 (projetamos 3,7%), principalmente devido a uma nova rodada de deflação global de custos”, diz a XP. A inflação de serviços tem cedido, mas lentamente. Os recentes aumentos acima do esperado nos salários reais representam uma fonte de preocupação para a dinâmica dos preços de serviços nos próximos meses. “Em relação à política monetária, o Banco Central deve reforçar sua abordagem cautelosa e continuar a cortar a taxa Selic em 0,50 pp por reunião. Projetamos a taxa básica de juros em 9,00% no final deste ano”, conclui.
Na leitura do Itaú BBA, “houve maior pressão no mês sobre produtos industriais (com a reversão dos descontos da Black Friday) e alimentação no domicílio (principalmente produtos in natura), reforçando que o El Niño deve pressionar esses preços no 1T24, mas esse movimento tende a reverter mais tarde”. Na margem, diz a análise, “a inflação subjacente permanece num nível baixo, mas sem melhorias adicionais, com as médias móveis de três meses ajustadas sazonalmente dos núcleos praticamente estáveis em 3,1% (de 3,2%). Para 2024, esperamos que o processo de desinflação em curso continue, com o IPCA em 3,6% ao final do ano”.
Maiores surpresas de alta em dezembro vieram nos alimentos no domicílio e nos serviços subjacentes; para especialistas, ritmo de cortes deve continuar em 0,50 p.p.
Gustavo Cruz, estrategista da RB investimentos, acha difícil o Fed se sentir confortável em iniciar ciclo de corte com esse item ainda em alta, pois ele é um fator importante para a política monetária americana.
A afirmação é de Volnei Eyng, CEO da Multiplike, que observa que a inflação reportada não é ‘maligna’, mas sim benigna e pontual.
Antes da divulgação do relatório, o DXY caía 0,15%, aos 102,21 pontos.
Volume de negócios ultrapassa 1,31 milhão.
O JPMorgan avalia que o anúncio de um novo marco regulatório para a Sabesp ( SBSP3 ) deverá ser a próxima etapa antes de dar prosseguimento, em meados de 2024, à privatização – para o banco, a definição do marco será referência do preço de oferta da companhia. O JPMorgan tem recomendação overweight para a Sabesp, com preço-alvo de R$ 83/ação.
A leitura da semana anterior apontou 203 mil (revisada de 202 mil). A média das últimas quatro semanas ficou em 207,75 mil, enquanto a das quatro encerradas na semana passada ficou em 208,00 mil (revisada de 207,75 mil). Os pedidos contínuos estão em 1,834 milhão, abaixo dos 1,868 milhão da semana anterior (revisado de 1,855 milhão).
O núcleo da inflação ao consumidor terminou 2023 com alta de 3,9%, acima da expectativa de 3,8%. Em 2022, o núcleo do CPI acumulou alta de 4,0%.
O CPI será divulgado em instantes, às 10h30, horário de Brasília.
Ações de SOMA3 caem 2,07% e de NTCO3 recuam 0,54%.
O Ibovespa começa o dia em oscilação, aos 130.898,74 pontos, agora com leve alta de 0,04%, à medida que investidores digerem o IPCA de dezembro acima do previsto, enquanto aguardam dados de inflação nos Estados Unidos, que saem às 10h30. O indicador de inflação oficial do Brasil subiu 0,56% em dezembro, o que significou uma aceleração em relação aos 0,28% de novembro. O consenso LSEG apontava para alta de 0,48%. Sobem hoje as ações de Vale (VALE3), Petrobras (PETR4), companhias aéreas, a maioria das petroleiras juniores e as siderúrgicas. Recuam os grandes bancos, companhias de educação e frigoríficas. As varejistas oscilam. O dólar recua 0,13%, a R$ 4,885, e os juros futuros (DIs) sobem por toda a curva, na contramão dos Treasuries. Em Brasília, o presidente Lula deve anunciar deve anunciar o ex-ministro do STF Ricardo Lewandowski como novo ministro da Justiça. Em Wall Street, os índices futuros operam mistos, enquanto os EUA se preparam para os últimos dados de inflação ao consumidor e o início da temporada de resultados do quarto trimestre. O consenso LSEG aponta para alta mensal de 0,2% e de 3,2% na base anual. (Felipe Alves)
“Contudo, o mercado deve apagar as (poucas) chances de qualquer aceleração no ritmo de corte de juros nesse ciclo de redução de taxas”, afirma Lais Costa, analista da Empiricus Research.
E esse efeito deve trazer perturbação também no começo de 2024, avalia Leonardo Costa, economista da ASA Investments. “Nos serviços, boa parte da pressão de dezembro veio da alta da passagem aérea”, diz.
Para o BGC, o avanço da inflação dos serviços subjacentes também foi um ponto desapontador, apesar de ainda ser cedo para tirar uma conclusão definitiva.
Abra Group se reuniu com Nova York com detentores de US$ 1,5 bilhão em dívidas da empresa.
Igor Cadilhac, economista do PicPay, vê eventuais riscos de baixa principalmente do contágio dos preços de bens sobre os demais, incluindo petróleo; do comportamento dos núcleos e sua inércia; e do combate à inflação de forma sincronizada mundo afora. “Do outro lado, temos monitorado o mercado de commodities agrícolas e softs, incluindo os eventuais efeitos do El Niño sobre cereais, leguminosas e oleaginosas, e os aumentos salariais dado o baixo desemprego, os ganhos reais recentes e a regra do salário mínimo”, afirma.
Analistas se dividem em perspectivas para 2024, de olho na China, nos pacotes americanos e na retomada do mercado brasileiro.
A avaliação é de Andre Fernandes, head de renda variável e sócio da A7 Capital. “A inflação de alimentos no domicílio ficou em 1,34% ante 0,75% em novembro, uma alta bem significativa. Acredito que essa alta se deve aos problemas climáticos que os produtores vêm enfrentando, impactando a produção de alimentos e encarecendo os preços”, afirma.
A Secretaria de Parcerias em Investimentos (SPI) quer conhecer a viabilidade da construção da nova via pela Ecovias dos Imigrantes. O prazo de conclusão dos estudos será de 24 meses, prorrogáveis por mais 12 meses. “Os custos de produção desses projetos serão de responsabilidade da Concessionária e o cálculo para o reequilíbrio econômico-financeiro da execução desse trabalho será feito com base nos gastos efetivamente realizados e aprovados pelo Poder Concedente”. A Ecorodovias ( ECOR3 ) informa que o “resultado dos estudos e projetos servirá de base para a análise da SPI e ARTESP quanto à viabilidade de inclusão das obras no contrato de concessão da Ecovias dos Imigrantes”.
André Cordeiro, economista-sênior do Inter, afirma que o acumulado em 12 meses do IPCA continuou a recuar, assim como a média dos núcleos. “De modo geral, o resultado da inflação em dezembro não foi muito animador, ainda assim, há sinais de continuidade do processo de desinflação, mas alguns sinais de risco começam a aparecer no horizonte, principalmente a aceleração dos núcleos e da inflação de serviços. Entretanto, esses sinais ainda não são suficientes para ensejar uma mudança na condução da política monetária por parte do Copom e mantemos nossa expectativa de continuidade do processo de cortes na Selic no atual ritmo imposto pelo Comitê”, diz.
Para Gustavo Cruz, estrategista da RB Inverstimentos, avaliando o IPCA de dezembro acima da estimativa, divulgado nesta quinta (11), crê que o resultado do mês pode ter uma questão sazonal, já que é um período de festas de final de ano. “Mas não é algo que compromete o ciclo todo, não é algo que mudaria a taxa final, mas é algo que vai diminuir a expectativa de corte maior da taxa de juros no curto prazo”, afirma.
No acumulado de 2023, houve alta de 0,33% nos produtos alimentícios e de 4,83% nos não alimentícios; índice é menor que o do IPCA por dar mais peso aos alimentos e bebidas.
O Bradesco BBI destaca que funcionários do Ibama pretendem suspender projetos de perfuração e instalação offshore como os da PRIO ( PRIO3 ).
O Bradesco BBI afirma que depois do início positivo com as diversas medidas de ajustamento fiscal e de desregulamentação econômica, a Argentina começou a desvanecer-se devido à dificuldade de reunir o apoio político necessário no Congresso. Por outro lado, o fato de o FMI estar disposto a celebrar um novo acordo que incorpore novos recursos, é positivo para os mercados, embora o banco veja isso como uma forma do Fundo Monetário Internacional esperar por sinais de sucesso relacionados aos ajustes que estão em andamento.
O minério de ferro de referência para fevereiro na Bolsa de Cingapura subiu quase 1%, para 134,1 dólares a tonelada, apagando as perdas anteriores.
Petrobras ( PETR3 ; PETR4 ) anunciou há 83 dias alterações nos preços da gasolina. Sobre o diesel, a estatal determinou um reajuste há 16 dias. A Associação Brasileira dos Importadores de Combustíveis publica o estudo diariamente, de segunda a sexta.
Em relatório de análise técnica, o Itaú BBA destaca que os índices brasileiros caminham em lado oposto aos índices americanos nesta semana. Enquanto o índice americano SP500 sobe e caminha para sua máxima de 2023, o Ibovespa cai e testa a região de suporte em 130.700 pontos. Os ventos favoráveis vindos do exterior desta semana ainda não impactaram o Ibovespa, por isso a atenção na região dos 130.700/400 pontos é importante. Se perder esta região, encontraremos o próximo suporte em 126.400 pontos – patamar que mantém o índice em tendência altista.
Fonte: Broadcast. Elaboração: Itaú em relatório de análise técnica
O IPCA de dezembro foi de 0,56% e ficou 0,28 ponto percentual (p.p.) acima da taxa de novembro (0,28%). Em dezembro de 2022, a variação havia sido de 0,62%. O IPCA fechou o ano com alta acumulada de 4,62%.
O Goldman Sachs afirma que os olhos estão voltados em 2024 para o guidance do Santander ( SANB11 ) e Bradesco ( BBDC4 ), especialmente para o Bradesco, com a expectativa de que o novo CEO anuncie um plano estratégico de longo prazo para melhorar a lucratividade.
O Goldman Sachs avalia que apesar da margem financeira mais fraca tanto do Itaú ( ITUB4 ) quanto no Banco do Brasil ( BBAS3 ) devido aos spreads mais baixos, vê ambos os nomes tendência melhores em ambos os nomes. O Goldman tem recomendação de compra para o Itaú com preço-alvo de R$ 39/ação, e o BB, também com recomendação de compra, tem preço-alvo de R$ 64/ação.
O Google, da Alphabet, disse na quarta-feira que demitiu centenas de funcionários em várias equipes, com os co-fundadores da Fitbit, James Park e Eric Friedman, também deixando a empresa, já que a gigante da tecnologia continua a cortar custos. O Google disse que vai demitir centenas de pessoas em sua unidade de Assistente de Voz, enquanto algumas centenas de funções estão sendo eliminadas na equipe de hardware responsável pelo Pixel, Nest e Fitbit, e a maioria das pessoas na equipe de realidade aumentada está sendo dispensada. Centenas de funções na equipe central de engenharia da gigante das buscas também estão sendo afetadas, informou a empresa. (Reuters)
O regulador dos EUA liberou ontem os primeiros ETFs à vista de Bitcoin do país.
Segundo o Julius Baer, a euforia de final de ano nos mercados do ouro e da prata parece ter desaparecido e a recuperação encontrou resistência. Estas descidas, segundo o banco, refletem um dólar um pouco mais forte e rendimentos das obrigações dos EUA um pouco mais elevados, ao mesmo tempo que a fixação de preços das taxas de juro futuras dos EUA já não é tão agressiva como antes da virada do ano.
O SP500 fechou em nova alta reforçando o sinal da tendência altista dado pela média de 21 dias, segundo Gilberto Coelho, analista técnico da XP. As projeções estão em 5.000 e 5.230. Abaixo dos 4.730 retomaria sinal de realização com possível teste de suportes em 4.600 ou 4.400.
Fonte: Relatório de análise técnica da XP
O Morgan Stanley afirma que no setor de petróleo e gás, tem preferência pela Petrobras ( PETR4 ) e PRIO ( PRIO3 ). O banco também gosta do operador ferroviário exposto à produção agrícola: a Rumo ( RAIL3 ). No ambiente digital, o Morgan afirma “jogar” com o Nubank ( ROXO34 ), MercadoLivre ( MELI34 ) e Totvs ( TOTS3 ). Por fim, aponta preferência pelos bancos de varejo Bradesco ( BBDC4 ) e Itaú ( ITUB4 ).
O Dólar futuro G24 fechou em queda, respeitando a média de 21 dias como resistência, segundo Gilberto Coelho, analista técnico da XP. Abaixo dos 4.877 teria projeções nos 4.818 ou 4.760. Acima dos 4.924 pode reverter o sinal para alta mirando os 5.000 ou 5.060.
Fonte: Relatório de análise técnica da XP
O IBOV realizou na direção da de 21 dias, indefinindo a tendência de curto prazo, mas segue em alta no longo prazo, segundo Gilberto Coelho, analista técnico da XP. Acima dos 132.500 favorecerá teste dos 134.400 ou 141.000. Uma perda dos 130.000 aumentaria a possibilidade de novas realizações na direção dos suportes 128.000 ou 125.500.
Fonte: Relatório de análise técnica da XP
Companhia diminuiu suas operações e ações foram “deixada de lado” pelos analistas, que seguem céticos sobre futuro mesmo com desdobramentos mais positivos dos últimos meses.
Analistas do Morgan Stanley acreditam que a inflação subjacente nos EUA permanecerá rígida por mais tempo e que a Fed manterá as taxas estáveis por mais tempo do que o mercado espera.
A Vibra (VBBR3) celebrou, na última quarta, com a Inpasa Agroindustrial, um Memorando de Entendimentos (MOU) para o desenvolvimento de estudos de viabilidade para potencial parceria para produção e comercialização de metanol verde, a ser destinado principalmente ao uso marítimo e ao segmento industrial, a partir de subprodutos do etanol. Os estudos têm um prazo inicial de 180 dias e serão conduzidos por representantes a serem designados pelas partes.
A Petrobras recebeu, na última quarta-feira (10), da Carmo Energy, a última parcela no valor de US$ 298 milhões, já considerados os ajustes e encargos de mora devidos, relativa à alienação do Polo Carmópolis, que venceu em 20/12/2023.
O Bradesco BBI avalia que embora o tráfego pedagiado do 4T23 da CCR ( CCRO3 ) tenha ficado acima da estimativa do banco, o tráfego mais fraco do que o esperado para as divisões de mobilidade urbana e aeroportuárias da empresa em novembro resultou em números de tráfego de passageiros do 4T23 menores que o previsto. O BBI mantém recomendação outperform e preço alvo de R$ 18,00/ação.
Entre as metas repactuadas para a manutenção do programa, o FMI destaca o compromisso de se alcançar um superávit primário equivalente a 2% do PIB em 2024.
O Sindicato Nacional dos Funcionários do Banco Central (Sinal) informou, na quarta-feira (10) que a categoria fará uma paralisação de 24 horas nesta quinta, enfatizando que a iniciativa pode resultar em interrupções operacionais em serviços da autarquia.
Com o objetivo de dar mais rapidez aos processos de falência, o governo enviou ao Congresso Nacional projeto de lei para mudar a Lei de Falências, que data de 2005. O projeto pretende ampliar os poderes dos credores, tendo em vista que eles são os principais interessados na liquidação eficiente dos bens ativos das empresas que se tornaram inviáveis.
Informação deve ser divulgada publicamente nesta quinta-feira, após novo encontro de Lula com o ex-magistrado e o atual ministro.
Segundo cálculos do Goldman Sachs, a Petrobras ( PETR4 ) ( PETR3 ) tem capacidade financeira para o pagamento potencial de até US$ 7 bilhões em dividendos extraordinários no curto prazo (potencialmente em março com os resultados do 4T23), sob o pressuposto que a estatal reduziria a sua posição de caixa para o nível mínimo exigido. O banco tem recomendação de compra para a Petrobras, com preço-alvo de R$ 45,10/PETR3 e R$ 41/PETR4.
Os preços do petróleo sobem nesta manhã, à medida que os mercados avaliam as tensões crescentes no Oriente Médio face a um aumento surpreendente nos estoques de petróleo bruto dos EUA. Depois de caírem por cinco pregões consecutivos, os preços futuros do minério de ferro subiram, impulsionadas pelo mais recente apoio ao mercado imobiliário e pelas renovadas esperanças de flexibilização monetária no principal consumidor, a China. O minério de ferro de referência de fevereiro, SZZFG4, na Bolsa de Cingapura subiu quase 1%, para US$ 134,1 a tonelada, eliminando as perdas anteriores.
As bolsas europeias operam no campo positivo na sessão de hoje, após vários dias de negociações em território misto. A Europa também fica de olho no CPI dos EUA, enquanto digere dados econômicos da zona do Euro que saíram durante a semana.
Os mercados asiáticos fecharam majoritariamente em alta, com o Nikkei, do Japão, liderando novamente os ganhos da região. O índice japonês subiu 1,77% para se manter acima da marca de 35 mil pontos pela primeira vez desde fevereiro de 1990, fechando em 35.049,86 pontos, enquanto as ações da Coreia do Sul mantiveram os ganhos depois de o Banco Central sul-coreano ter mantido as taxas de juro.
Os índices futuros dos EUA oscilam nesta manhã, enquanto Wall Street se prepara para os últimos dados de inflação ao consumidor e o início da temporada de resultados do quarto trimestre. O consenso LSEG aponta para alta mensal de 0,2% e de 3,2% na base anual. A inflação ao consumidor servirá para testar as expectativas do mercado de seis cortes nas taxas em 2024, em comparação com a previsão do banco central de três cortes este ano. Segundo a ferramenta FedWatch, da CME Group, as apostas em uma redução da taxa dos Fed Funds na reunião do Federal Reserve (Fed) em março rondavam os 65%.
Os mercados mundiais amanheceram em alta, com todas as atenções voltadas para o índice preços ao consumidor (CPI) dos Estados Unidos. O indicador deve ajudar o investidor a calibrar as apostas em torno do ritmo de cortes juros pelo Federal Reserve (Fed) neste ano. No Brasil, investidores aguardam pela divulgação do Índice Preços ao Consumidor Amplo (IPCA) de dezembro. O consenso LSEG aponta para alta de 0,48% na comparação com novembro e de 4,54% na base anual.
Investidores em Wall Street estão em modo cautela antes da divulgação do CPI de dezembro, a inflação ao consumidor nos EUA, que acontece amanhã. Mesmo assim, as compras prevaleceram. “No momento, o mercado está bastante calmo, mas não acho que ficará quieto o ano todo”, disse à CNBC Phillip Colmar, sócio-gerente e estrategista global da MRB Partners. “Precificamos totalmente esse cenário de pouso suave . Qual é o próximo? Provavelmente é ‘sem aterrissagem’, o que significa que os rendimentos dos títulos provavelmente não permanecerão tão ancorados como estão e então a volatilidade volta ao mercado de ações”.
Dólar voltou a desvalorizar frente ao real, depois a alta de terça (9). O movimento veio na mesma direção da divisa norte-americana, que desceu na comparação com as principais moedas do mundo, com o DXY em baixa de 0,20%.
Maiores baixas
Maiores altas
Mais negociadas
Confira a evolução do IBOV durante a semana, mês e ano:
Acompanhe diariamente a cobertura sobre bolsa, dólar e juros a partir das 8 horas.
Sugestões, dúvidas e críticas entre em contato com o editor de Mercados Ao Vivo do InfoMoney: rodrigo.petry@infomoney.com.br.
IM Trader: notícias, análises, vídeos, podcasts e guias no novo canal do InfoMoney sobre Mercados .",InfoMoney,https://www.infomoney.com.br/mercados/ibovespa-hoje-bolsa-de-valores-ao-vivo-11012024/
infomoney_f4819d185a56,2024-01-11,Sabesp,Saneamento,SBSP3,"Sabesp (SBSP3): ação pode valer R$ 125 com novo regime regulatório, aponta JPMorgan","Publicidade
O JPMorgan avalia que ação da Sabesp ( SBSP3 ) pode atingir o preço de R$ 125, o que implica em um potencial de valorização de 67,2% frente a cotação de fechamento da última quarta-feira (10) de R$ 74,76, uma vez que a privatização da companhia de saneamento avançou significativamente no ano passado e deve ser concluída até meados de 2024.
A equipe de research do banco explica que um dos últimos elementos da equação é a definição de um novo modelo regulatório para os contratos alterados da empresa privatizada, cujo momento de divulgação ainda é incerto.
Diante disso, o banco acredita que o anúncio de um novo e bom arcabouço regulatório para a Sabesp pós-privatização pode ser o próximo impulso antes da oferta subsequente em meados de 2024, fornecendo uma referência para onde o preço da oferta deve se situar.
Para analistas, a implementação de um regime regulatório mais amigável poderia impulsionar o valor potencial privatizado da Sabesp de 1,1 vez EV/RAB (EV = enterprise value, ou valor de mercado + dívida líquida”; RAB = base de ativos regulatórios) atual, que levaria a ação para R$ 100, para cerca de 1,3 vez (o que implicaria no valor de R$ 125), diz o relatório.
O JPMorgan pontua que uma mudança na percepção da avaliação da empresa privatizada pode alterar o preço da oferta. “Se assumirmos que o preço da oferta é resultado de um desconto para o valor justo que os investidores estão dispostos a aceitar, o aumento do valor justo deve, portanto, aumentar o preço aceitável para o mesmo desconto”, diz o banco.
Com cronograma dentro do esperado, CEO da companhia diz que regulação e aceite de municípios serão determinantes para o tamanho do follow-on
Por exemplo, se o valor justo da empresa privatizada fosse R$ 100 por ação e os investidores quisessem um desconto de 30%, o preço da oferta seria, portanto, R$ 70 por ação, uma real desvantagem de 6% em relação aos preços atuais, tornando a compra das ações na oferta muito mais interessante. No entanto, se o valor justo subir para R$ 125 por papel, então o preço da oferta poderia ser de R$ 88 por ação, um aumento de 17% em relação aos preços atuais.
O Goldman ressalta que as principais mudanças regulatórias em estudo são: (i) a transição da contabilidade da base de ativos de visão futura para retrospectiva; (ii) níveis fixos de despesas operacionais regulatórias para alguns ciclos tarifários, permitindo que a Sabesp mantenha parte dos ganhos de eficiência; e (iii) uma possível resolução sobre a passagem integral dos royalties do fundo municipal.
O banco tem atualmente recomendação overweight (exposição acima da média do mercado, equivalente à compra) para as ações SBSP3, com preço-alvo de R$ 83, ou potencial de valorização de 11% frente o fechamento da véspera.",InfoMoney,https://www.infomoney.com.br/mercados/sabesp-sbsp3-acao-pode-valer-r-125-com-novo-regime-regulatorio-aponta-jpmorgan/
valor_a5c65ef1cb66,2016-10-18,Saneamento,Saneamento,SETOR,BNDES prevê lançar em breve financiamento para saneamento básico,"(Atualizadas às 16h07) A presidente do Banco Nacional de Desenvolvimento Econômico e Social (BNDES), Maria Silvia Bastos Marques, disse que o programa de financiamento da instituição para investimento de governos estaduais em ações de saneamento básico será lançado “muito em breve”.
Segundo ela, há muito interesse por parte dos Estados e o objetivo do banco é buscar a universalização dos serviços de fornecimento de água e de tratamento de esgoto.
Maria Silvia participa de encontro com empresários na sede da Federação das Indústrias do Estado de São Paulo (Fiesp). Durante sua fala, ela também reforçou que pequenas e médias empresas terão maior participação nos desembolsos do banco de fomento.
Segundo a executiva, a instituição terá papel protagonista no programa de concessões em infraestrutura do governo federal, atuando como agente responsável pela contratação de consultorias “com perfil pré-definido para elaboração dos projetos executivos até o final da concessão.”
Questionada sobre os altos valores cobrados nos spread bancários, Maria Silvia desconversou, respondendo que é preciso ter uma discussão muito ampla com a Federação Brasileira de Bancos (Febraban).
Acompanhe os mercados com nossas ferramentas Acessar gratuitamente",Valor Econômico,https://valor.globo.com/brasil/noticia/2016/10/18/bndes-preve-lancar-em-breve-financiamento-para-saneamento-basico.ghtml
valor_a06b5bfa0910,2017-03-15,Saneamento,Saneamento,SETOR,Crédito de BNDES e Caixa para saneamento recua mais de 20% em 2016,"As duas instituições financeiras federais que mais fomentam investimentos públicos e privados em saneamento básico no país, o Banco Nacional de Desenvolvimento Econômico e Social (BNDES) e a Caixa Econômica Federal (CEF), registraram queda nos desembolsos na área em 2016.
No BNDES, recursos para projetos relacionados a abastecimento e tratamento de água, esgotamento sanitário e resíduos sólidos recuaram 22% no ano passado, na comparação com 2015, caindo de R$ 1,223 bilhão para R$ 952,1 milhões. Antes disso, na passagem de 2014 para 2015, a queda na liberação de recursos para o segmento foi ainda mais forte, de 43%.
Na Caixa, que é o maior agente financiador do saneamento básico do Brasil por repassar recursos do Orçamento Geral da União (OGU) para obras e projetos do setor, a baixa anual dos desembolsos foi de 23,5% em 2016, quando atingiu R$ 2,473 bilhões ante R$ 3,237 bilhões liberados em financiamentos de 2015. Já na comparação entre 2014 e 2015, o banco federal conseguiu registrar crescimento de 40%, apesar de o país já estar vivendo o começo da recessão econômica.
Acompanhe os mercados com nossas ferramentas Acessar gratuitamente",Valor Econômico,https://valor.globo.com/brasil/noticia/2017/03/15/credito-de-bndes-e-caixa-para-saneamento-recua-mais-de-20-em-2016.ghtml
valor_cd1e33ffc60b,2018-12-20,Saneamento,Saneamento,SETOR,Fazenda autoriza crédito de R$ 200 milhões para saneamento em SP,"O ministro da Fazenda, Eduardo Guardia, formalizou um despacho para garantir um contrato de R$ 200 milhões entre o governo federal e o município de São Paulo, envolvendo a Caixa Econômica Federal o Banco do Brasil (BB), para a execução de intervenções no sistema de drenagem visando à regularização da vazão de águas e eliminação de enchentes.
Esse montante obteve a autorização do ministério, nos últimos dias sob a coordenação de Guardia, após manifestações a favor feitas pela Secretaria do Tesouro Nacional e pela Procuradoria-Geral da Fazenda Nacional quanto ao cumprimento de requisitos legais aplicáveis neste caso. “Autorizo as contratações, observadas as normas e formalidades legais e regulamentares pertinentes”, informou Guardia.
O despacho com a autorização deste montante de R$ 200 milhões para São Paulo foi publicado no “Diário Oficial da União” desta quinta-feira.
Acompanhe os mercados com nossas ferramentas Acessar gratuitamente",Valor Econômico,https://valor.globo.com/brasil/noticia/2018/12/20/fazenda-autoriza-credito-de-r-200-milhoes-para-saneamento-em-sp.ghtml
valor_c4fee2b9f16e,2019-01-15,Sabesp,Saneamento,SBSP3,Ação da Sabesp volta a subir e bate recorde histórico na B3,"Novas declarações do secretário da Fazenda de São Paulo, Henrique Meirelles, deram mais fôlego às ações da Sabesp, que desde o início de 2019 registram forte valorização. No pregão de ontem, o papel subiu 5,34%, para R$ 41,60, fechando em sua máxima histórica. No ano, o ganho acumulado é de 32,06%. Em valor de mercado, o avanço chega a R$ 6,9 bilhões.
Acompanhe os mercados com nossas ferramentas Acessar gratuitamente",Valor Econômico,https://valor.globo.com/empresas/noticia/2019/01/15/acao-da-sabesp-volta-a-subir-e-bate-recorde-historico-na-b3.ghtml
